order,zoho_invoice_id,zoho_net,shopify_net,delta,zoho_total,shopify_total,status
53937,3806639000022957387,0,1398,1398,1363.95,1398,large_mismatch
53936,3806639000022957379,0,1082.1,1082.1,1136.21,1082.1,large_mismatch
53935,3806639000022971223,0,1234.05,1234.05,1295.75,1234.05,large_mismatch
53934,3806639000023000251,0,1172.35,1172.35,1230.97,1172.35,large_mismatch
53933,3806639000023071247,0,1398,1398,1363.95,1398,large_mismatch
53932,3806639000023014272,0,1298,1298,1258.95,1298,large_mismatch
53931,3806639000022990217,0,1298,1298,1258.95,1298,large_mismatch
53930,3806639000022990209,0,1139.05,1139.05,1196,1139.05,large_mismatch
53929,3806639000022972227,0,2597,2597,2622.9,2597,large_mismatch
53928,3806639000022970279,0,2098,2098,2098.95,2098,large_mismatch
53927,3806639000023034198,0,1172.35,1172.35,1230.97,1172.35,large_mismatch
53926,3806639000023034189,0,1234.05,1234.05,1295.75,1234.05,large_mismatch
53925,3806639000022959295,0,1234.05,1234.05,1295.75,1234.05,large_mismatch
53924,3806639000022958138,0,1298,1298,1258.96,1298,large_mismatch
53923,3806639000023000216,0,1804.1,1804.1,1894.31,1804.1,large_mismatch
53922,3806639000022972195,0,1298,1298,1258.96,1298,large_mismatch
53921,3806639000022959286,0,1398,1398,1363.95,1398,large_mismatch
53920,3806639000022969266,0,1172.35,1172.35,1230.97,1172.35,large_mismatch
53919,3806639000022959276,0,2098,2098,2098.95,2098,large_mismatch
53918,3806639000022993177,0,1398,1398,1363.95,1398,large_mismatch
53917,3806639000022960195,0,1298,1298,1258.95,1298,large_mismatch
53916,3806639000023071206,0,1234.05,1234.05,1295.75,1234.05,large_mismatch
53915,3806639000023014240,0,1994.05,1994.05,2093.75,1994.05,large_mismatch
53914,3806639000022995196,0,1398,1398,1363.95,1398,large_mismatch
53913,3806639000022967234,0,1298,1298,1258.95,1298,large_mismatch
53912,3806639000022991311,0,759.05,759.05,797,759.05,large_mismatch
53911,3806639000022988145,0,1398,1398,1363.95,1398,large_mismatch
53910,3806639000022993167,0,2098,2098,2098.95,2098,large_mismatch
53909,3806639000022965118,0,1398,1398,1363.95,1398,large_mismatch
53908,3806639000023000207,0,1398,1398,1363.95,1398,large_mismatch
53907,3806639000023000199,0,1110.65,1110.65,1166.18,1110.65,large_mismatch
53906,3806639000022995189,0,1298,1298,1258.95,1298,large_mismatch
53905,3806639000022962438,0,1398,1398,1363.95,1398,large_mismatch
53904,3806639000022967222,0,1804.1,1804.1,1894.31,1804.1,large_mismatch
53903,3806639000023034160,0,1298,1298,1258.95,1298,large_mismatch
53902,3806639000022990151,0,1110.65,1110.65,1166.19,1110.65,large_mismatch
53901,3806639000023071169,0,2373.1,2373.1,2491.76,2373.1,large_mismatch
53900,3806639000022970176,0,1110.65,1110.65,1166.18,1110.65,large_mismatch
53899,3806639000022961173,0,1298,1298,1258.95,1298,large_mismatch
53898,3806639000022971184,0,133,133,139.64,133,large_mismatch
53897,3806639000022968240,0,1234.05,1234.05,1295.75,1234.05,large_mismatch
53896,3806639000023000175,0,2098,2098,2098.95,2098,large_mismatch
53895,3806639000022968224,0,2659.05,2659.05,2792,2659.05,large_mismatch
53894,3806639000023000167,0,1234.05,1234.05,1295.75,1234.05,large_mismatch
53893,3806639000022959237,0,1139.05,1139.05,1196,1139.05,large_mismatch
53892,3806639000022960187,0,1139.05,1139.05,1196,1139.05,large_mismatch
53891,3806639000022993139,0,1298,1298,1258.95,1298,large_mismatch
53890,3806639000022957248,0,1298,1298,1258.95,1298,large_mismatch
53889,3806639000023033214,0,1139.05,1139.05,1196,1139.05,large_mismatch
53888,3806639000022992233,0,1398,1398,1363.95,1398,large_mismatch
53887,3806639000023113088,0,1139.05,1139.05,1196,1139.05,large_mismatch
53886,3806639000023071139,0,1139.05,1139.05,1196,1139.05,large_mismatch
53885,3806639000022965069,0,2659.05,2659.05,2792,2659.05,large_mismatch
53884,3806639000022967200,0,1398,1398,1363.95,1398,large_mismatch
53883,3806639000023071130,0,1398,1398,1363.95,1398,large_mismatch
53882,3806639000023000105,0,4176.2,4176.2,4385.01,4176.2,large_mismatch
53881,3806639000022962346,0,1234.05,1234.05,1295.75,1234.05,large_mismatch
53880,3806639000022971168,0,2472.92,2472.92,2596.57,2472.92,large_mismatch
53879,3806639000022967191,0,1234.05,1234.05,1295.75,1234.05,large_mismatch
53878,3806639000022957188,0,2754.05,2754.05,2891.75,2754.05,large_mismatch
53877,3806639000022968179,0,2098,2098,2098.95,2098,large_mismatch
53876,3806639000022970119,0,2198,2198,2203.95,2198,large_mismatch
53875,3806639000022989165,0,1398,1398,1363.95,1398,large_mismatch
53874,3806639000022968170,0,1234.05,1234.05,1295.75,1234.05,large_mismatch
53873,3806639000022966287,0,1234.05,1234.05,1295.75,1234.05,large_mismatch
53871,3806639000022962310,0,2278.1,2278.1,2392.01,2278.1,large_mismatch
53870,3806639000022957154,0,2099,2099,2203.95,2099,large_mismatch
53869,3806639000022962291,0,1234.05,1234.05,1295.75,1234.05,large_mismatch
53868,3806639000022993108,0,1398,1398,1363.95,1398,large_mismatch
53867,3806639000022959130,0,1398,1398,1363.95,1398,large_mismatch
53866,3806639000022968161,0,1139.05,1139.05,1196,1139.05,large_mismatch
53865,3806639000023034096,0,2197,2197,2202.9,2197,large_mismatch
53864,3806639000022988099,0,1139.05,1139.05,1196,1139.05,large_mismatch
53863,3806639000022962280,0,1875.4,1875.4,1969.17,1875.4,large_mismatch
53862,3806639000022966262,0,2098,2098,2098.95,2098,large_mismatch
53861,3806639000022971150,0,1298,1298,1258.95,1298,large_mismatch
53860,3806639000023033101,0,1298,1298,1258.95,1298,large_mismatch
53859,3806639000022970101,0,1398,1398,1363.95,1398,large_mismatch
53858,3806639000022992152,0,1398,1398,1363.95,1398,large_mismatch
53857,3806639000022994071,0,2098,2098,2098.95,2098,large_mismatch
53856,3806639000022961049,0,2597,2597,2622.9,2597,large_mismatch
53854,3806639000023000096,0,1139.05,1139.05,1196,1139.05,large_mismatch
53855,3806639000023000087,0,1398,1398,1363.95,1398,large_mismatch
53853,3806639000022989106,0,2659.05,2659.05,2792,2659.05,large_mismatch
53852,3806639000022966237,0,2597,2597,2622.9,2597,large_mismatch
53851,3806639000022994062,0,1398,1398,1363.95,1398,large_mismatch
53850,3806639000022962262,0,1298,1298,1258.95,1298,large_mismatch
53849,3806639000022992140,0,1899.05,1899.05,1994,1899.05,large_mismatch
53848,3806639000022994037,0,2898,2898,2938.95,2898,large_mismatch
53847,3806639000023071040,0,1298,1298,1258.95,1298,large_mismatch
53846,3806639000023071030,0,2198,2198,2203.95,2198,large_mismatch
53845,3806639000023034079,0,1398,1398,1363.95,1398,large_mismatch
53844,3806639000022957112,0,1139.05,1139.05,1196,1139.05,large_mismatch
53843,3806639000022962240,0,2998,2998,3043.95,2998,large_mismatch
53842,3806639000022970093,0,1398,1398,1363.95,1398,large_mismatch
53841,3806639000023071020,0,1172.35,1172.35,1230.97,1172.35,large_mismatch
53840,3806639000023113025,0,1398,1398,1363.95,1398,large_mismatch
53839,3806639000022968082,0,2098,2098,2098.95,2098,large_mismatch
53838,3806639000022970083,0,2373.1,2373.1,2491.76,2373.1,large_mismatch
53837,3806639000022959104,0,1298,1298,1258.95,1298,large_mismatch
53836,3806639000022965060,0,1298,1298,1258.95,1298,large_mismatch
53835,3806639000022962180,0,1899.05,1899.05,1994,1899.05,large_mismatch
53834,3806639000023000078,0,2597,2597,2622.9,2597,large_mismatch
53833,3806639000022969124,0,2898,2898,2938.95,2898,large_mismatch
53832,3806639000022958074,0,1234.05,1234.05,1295.75,1234.05,large_mismatch
53831,3806639000022988050,0,1298,1298,1258.95,1298,large_mismatch
53830,3806639000023014018,0,1398,1398,1363.95,1398,large_mismatch
53829,3806639000022993066,0,1804.1,1804.1,1894.31,1804.1,large_mismatch
53828,3806639000023071011,0,1139.05,1139.05,1196,1139.05,large_mismatch
53827,3806639000023014010,0,1398,1398,1363.95,1398,large_mismatch
53826,3806639000022970059,0,1234.05,1234.05,1295.75,1234.05,large_mismatch
53825,3806639000022989060,0,1048.94,1048.94,1101.39,1048.94,large_mismatch
53824,3806639000022968027,0,1398,1398,1363.95,1398,large_mismatch
53823,3806639000022958065,0,1398,1398,1363.95,1398,large_mismatch
53822,3806639000022971101,0,1178.1,1178.1,1133.06,1178.1,large_mismatch
53821,3806639000022960078,0,1999,1999,2098.95,1999,large_mismatch
53820,3806639000023000056,0,2497,2497,2517.9,2497,large_mismatch
53819,3806639000022969061,0,1238.05,1238.05,1196,1238.05,large_mismatch
53818,3806639000022988032,0,1398,1398,1363.95,1398,large_mismatch
53817,3806639000023033037,0,1298,1298,1258.95,1298,large_mismatch
53816,3806639000022991124,0,1238.05,1238.05,1196,1238.05,large_mismatch
53815,3806639000022969038,0,1899.05,1899.05,1993.99,1899.05,large_mismatch
53814,3806639000022957078,0,1234.05,1234.05,1295.75,1234.05,large_mismatch
53813,3806639000022960035,0,1025.15,1025.15,1076.41,1025.15,large_mismatch
53812,3806639000022957069,0,1234.05,1234.05,1295.75,1234.05,large_mismatch
53811,3806639000023071002,0,1398,1398,1363.95,1398,large_mismatch
53810,3806639000022966096,0,1994.05,1994.05,2093.75,1994.05,large_mismatch
53809,3806639000022995070,0,1994.05,1994.05,2093.75,1994.05,large_mismatch
53808,3806639000022965032,0,1268.1,1268.1,1227.56,1268.1,large_mismatch
53807,3806639000023033003,0,1899.05,1899.05,1994,1899.05,large_mismatch
53806,3806639000022971012,0,2659.05,2659.05,2792,2659.05,large_mismatch
53805,3806639000022972043,0,1234.05,1234.05,1295.75,1234.05,large_mismatch
53804,3806639000022993026,0,1398,1398,1363.95,1398,large_mismatch
53803,3806639000022991064,0,1298,1298,1258.95,1298,large_mismatch
53802,3806639000023014002,0,1398,1398,1363.95,1398,large_mismatch
53801,3806639000022989013,0,2898,2898,2938.95,2898,large_mismatch
53800,3806639000022994002,0,1234.05,1234.05,1295.75,1234.05,large_mismatch
53799,3806639000022958042,0,1234.05,1234.05,1295.75,1234.05,large_mismatch
53798,3806639000022972034,0,1234.05,1234.05,1295.75,1234.05,large_mismatch
53796,3806639000022969003,0,2422.14,2422.14,2439.3,2422.14,large_mismatch
53795,3806639000022967003,0,1994.05,1994.05,2093.75,1994.05,large_mismatch
53794,3806639000022965014,0,1333.05,1333.05,1295.75,1333.05,large_mismatch
53793,3806639000022965002,0,5595,5595,5770.8,5595,large_mismatch
53792,3806639000022962003,0,1899.05,1899.05,1993.99,1899.05,large_mismatch
53754,3806639000022335351,0,1298,1298,1258.95,1298,large_mismatch
53753,3806639000022292317,0,2098,2098,2098.95,2098,large_mismatch
53752,3806639000022349404,0,2098,2098,2098.95,2098,large_mismatch
53751,3806639000022292308,0,1398,1398,1363.95,1398,large_mismatch
53750,3806639000022341340,0,2073.1,2073.1,2072.81,2073.1,large_mismatch
53749,3806639000022347155,0,1234.05,1234.05,1295.75,1234.05,large_mismatch
53748,3806639000022314238,0,1298,1298,1258.95,1298,large_mismatch
53747,3806639000022293411,0,1234.05,1234.05,1295.75,1234.05,large_mismatch
53746,3806639000022331490,0,2659.05,2659.05,2792,2659.05,large_mismatch
53745,3806639000022341331,0,1298,1298,1258.95,1298,large_mismatch
53744,3806639000022293402,0,61.75,61.75,64.84,61.75,small_mismatch
53743,3806639000022292259,0,1234.05,1234.05,1295.75,1234.05,large_mismatch
53742,3806639000022330348,0,1398,1398,1363.95,1398,large_mismatch
53741,3806639000022343148,0,1333.05,1333.05,1295.75,1333.05,large_mismatch
53740,3806639000022332189,0,1178.1,1178.1,1133.06,1178.1,large_mismatch
53739,3806639000022341299,0,1298,1298,1258.95,1298,large_mismatch
53738,3806639000022375277,0,1082.1,1082.1,1136.21,1082.1,large_mismatch
53737,3806639000022292250,0,1234.05,1234.05,1295.75,1234.05,large_mismatch
53736,3806639000022375268,0,1398,1398,1363.95,1398,large_mismatch
53735,3806639000022302314,0,1398,1398,1363.96,1398,large_mismatch
53734,3806639000022295213,0,2898,2898,2938.95,2898,large_mismatch
53733,3806639000022293354,0,1398,1398,1363.95,1398,large_mismatch
53732,3806639000022297355,0,1899.05,1899.05,1994,1899.05,large_mismatch
53731,3806639000022340329,0,1398,1398,1363.95,1398,large_mismatch
53730,3806639000022332152,0,1298,1298,1258.95,1298,large_mismatch
53729,3806639000022349355,0,1298,1298,1258.95,1298,large_mismatch
53728,3806639000022334165,0,1082.1,1082.1,1136.21,1082.1,large_mismatch
53727,3806639000022314230,0,1398,1398,1363.95,1398,large_mismatch
53726,3806639000022334156,0,1234.05,1234.05,1295.75,1234.05,large_mismatch
53725,3806639000022297345,0,1268.1,1268.1,1227.56,1268.1,large_mismatch
53724,3806639000022339260,0,2097,2097,2097.9,2097,large_mismatch
53723,3806639000022338326,0,1298,1298,1258.95,1298,large_mismatch
53722,3806639000022335228,0,1398,1398,1363.95,1398,large_mismatch
53721,3806639000022302241,0,1398,1398,1363.95,1398,large_mismatch
53720,3806639000022341235,0,1299,1299,1363.95,1299,large_mismatch
53719,3806639000022296342,0,83.93,83.93,88.13,83.93,small_mismatch
53717,3806639000022304266,0,1199,1199,1258.95,1199,large_mismatch
53716,3806639000022335220,0,1298,1298,1258.95,1298,large_mismatch
53715,3806639000022339234,0,1398,1398,1363.95,1398,large_mismatch
53714,3806639000022338314,0,1899.05,1899.05,1993.99,1899.05,large_mismatch
53713,3806639000022341227,0,1298,1298,1258.95,1298,large_mismatch
53712,3806639000022344239,0,1299,1299,1363.95,1299,large_mismatch
53711,3806639000022340313,0,1199,1199,1258.95,1199,large_mismatch
53710,3806639000022375237,0,1298,1298,1258.95,1298,large_mismatch
53709,3806639000022330262,0,1110.65,1110.65,1166.18,1110.65,large_mismatch
53708,3806639000022375226,0,2373.1,2373.1,2491.76,2373.1,large_mismatch
53707,3806639000022346249,0,1899.05,1899.05,1994,1899.05,large_mismatch
53706,3806639000022416146,0,1082.1,1082.1,1136.21,1082.1,large_mismatch
53705,3806639000022335211,0,2098,2098,2098.95,2098,large_mismatch
53704,3806639000022416127,0,1298,1298,1258.95,1298,large_mismatch
53703,3806639000022375217,0,1139.05,1139.05,1196,1139.05,large_mismatch
53702,3806639000022342176,0,1298,1298,1258.95,1298,large_mismatch
53701,3806639000022297268,0,1298,1298,1258.95,1298,large_mismatch
53700,3806639000022335202,0,1139.05,1139.05,1196,1139.05,large_mismatch
53699,3806639000022416107,0,1994.05,1994.05,2093.75,1994.05,large_mismatch
53698,3806639000022295194,0,1147.67,1147.67,1205.05,1147.67,large_mismatch
53697,3806639000022331296,0,2998,2998,3043.95,2998,large_mismatch
53696,3806639000022341189,0,1110.65,1110.65,1166.18,1110.65,large_mismatch
53695,3806639000022349312,0,2898,2898,2938.95,2898,large_mismatch
53694,3806639000022304258,0,1178.1,1178.1,1133.06,1178.1,large_mismatch
53693,3806639000022292157,0,1298,1298,1258.95,1298,large_mismatch
53692,3806639000022339216,0,1234.05,1234.05,1295.75,1234.05,large_mismatch
53691,3806639000022342168,0,1079.1,1079.1,1133.06,1079.1,large_mismatch
53690,3806639000022296266,0,1398,1398,1363.95,1398,large_mismatch
53689,3806639000022341157,0,1398,1398,1363.95,1398,large_mismatch
53688,3806639000022302170,0,2098,2098,2098.95,2098,large_mismatch
53687,3806639000022349303,0,1398,1398,1363.95,1398,large_mismatch
53686,3806639000022334136,0,1298,1298,1258.95,1298,large_mismatch
53685,3806639000022292147,0,1398,1398,1363.95,1398,large_mismatch
53684,3806639000022297235,0,1139.05,1139.05,1196,1139.05,large_mismatch
53683,3806639000022416097,0,1147.67,1147.67,1205.05,1147.67,large_mismatch
53682,3806639000022343065,0,1298,1298,1258.95,1298,large_mismatch
53681,3806639000022303167,0,749.13,749.13,786.6,749.13,large_mismatch
53680,3806639000022334128,0,1203.15,1203.15,1159.36,1203.15,large_mismatch
53679,3806639000022331254,0,1298,1298,1258.95,1298,large_mismatch
53678,3806639000022333111,0,1298,1298,1258.95,1298,large_mismatch
53677,3806639000022347062,0,1398,1398,1363.95,1398,large_mismatch
53676,3806639000022304235,0,1298,1298,1258.95,1298,large_mismatch
53675,3806639000022339205,0,2098,2098,2098.95,2098,large_mismatch
53674,3806639000022334120,0,1398,1398,1363.95,1398,large_mismatch
53673,3806639000022330185,0,1234.05,1234.05,1295.75,1234.05,large_mismatch
53672,3806639000022344143,0,1298,1298,1258.95,1298,large_mismatch
53671,3806639000022293259,0,1298,1298,1258.95,1298,large_mismatch
53670,3806639000022343057,0,1234.05,1234.05,1295.75,1234.05,large_mismatch
53669,3806639000022375178,0,1172.35,1172.35,1230.97,1172.35,large_mismatch
53668,3806639000022333103,0,1110.65,1110.65,1166.18,1110.65,large_mismatch
53667,3806639000022302141,0,1899.05,1899.05,1993.99,1899.05,large_mismatch
53666,3806639000022338241,0,1298,1298,1258.95,1298,large_mismatch
53665,3806639000022349257,0,2898,2898,2938.95,2898,large_mismatch
53664,3806639000022293251,0,1139.05,1139.05,1196,1139.05,large_mismatch
53663,3806639000022304227,0,1234.05,1234.05,1295.75,1234.05,large_mismatch
53662,3806639000022338208,0,1234.05,1234.05,1295.75,1234.05,large_mismatch
53661,3806639000022300157,0,1234.05,1234.05,1295.75,1234.05,large_mismatch
53660,3806639000022344103,0,4596,4596,4721.85,4596,large_mismatch
53659,3806639000022302131,0,1139.05,1139.05,1196,1139.05,large_mismatch
53658,3806639000022340213,0,1298,1298,1258.95,1298,large_mismatch
53657,3806639000022416060,0,1048.94,1048.94,1101.39,1048.94,large_mismatch
53656,3806639000022300148,0,1139.05,1139.05,1196,1139.05,large_mismatch
53655,3806639000022349245,0,2898,2898,2938.95,2898,large_mismatch
53654,3806639000022333076,0,1398,1398,1363.95,1398,large_mismatch
53653,3806639000022297226,0,1025.15,1025.15,1076.41,1025.15,large_mismatch
53652,3806639000022297217,0,1298,1298,1258.95,1298,large_mismatch
53651,3806639000022349235,0,2344.69,2344.69,2461.92,2344.69,large_mismatch
53650,3806639000022375127,0,1398,1398,1363.95,1398,large_mismatch
53649,3806639000022341101,0,1048.94,1048.94,1101.39,1048.94,large_mismatch
53648,3806639000022349226,0,1398,1398,1363.95,1398,large_mismatch
53647,3806639000022302119,0,3297,3297,3357.9,3297,large_mismatch
53646,3806639000022297192,0,2098,2098,2098.95,2098,large_mismatch
53645,3806639000022302111,0,1298,1298,1258.95,1298,large_mismatch
53644,3806639000022314160,0,2898,2898,2938.95,2898,large_mismatch
53643,3806639000022331118,0,1234.05,1234.05,1295.75,1234.05,large_mismatch
53642,3806639000022342145,0,1139.05,1139.05,1196,1139.05,large_mismatch
53641,3806639000022334103,0,1298,1298,1258.95,1298,large_mismatch
53640,3806639000022340197,0,2659.05,2659.05,2792,2659.05,large_mismatch
53639,3806639000022343023,0,1082.1,1082.1,1136.21,1082.1,large_mismatch
53638,3806639000022342136,0,1298,1298,1258.95,1298,large_mismatch
53637,3806639000022292099,0,1398,1398,1363.95,1398,large_mismatch
53636,3806639000022297172,0,2098,2098,2098.95,2098,large_mismatch
53635,3806639000022302103,0,1238.05,1238.05,1196,1238.05,large_mismatch
53634,3806639000022292090,0,1298,1298,1258.96,1298,large_mismatch
53633,3806639000022300108,0,1234.05,1234.05,1295.75,1234.05,large_mismatch
53632,3806639000022375087,0,2659.05,2659.05,2792,2659.05,large_mismatch
53631,3806639000022295114,0,1398,1398,1363.95,1398,large_mismatch
53630,3806639000022335123,0,1234.05,1234.05,1295.75,1234.05,large_mismatch
53629,3806639000022302094,0,1398,1398,1363.95,1398,large_mismatch
53628,3806639000022293178,0,1298,1298,1258.95,1298,large_mismatch
53627,3806639000022338133,0,1899.05,1899.05,1993.99,1899.05,large_mismatch
53626,3806639000022347040,0,1139.05,1139.05,1196,1139.05,large_mismatch
53625,3806639000022338124,0,1298,1298,1258.95,1298,large_mismatch
53624,3806639000022416051,0,1234.05,1234.05,1295.75,1234.05,large_mismatch
53623,3806639000022349164,0,1398,1398,1363.95,1398,large_mismatch
53622,3806639000022297162,0,1234.05,1234.05,1295.75,1234.05,large_mismatch
53621,3806639000022335103,0,2098,2098,2098.95,2098,large_mismatch
53620,3806639000022346085,0,1234.05,1234.05,1295.75,1234.05,large_mismatch
53619,3806639000022341082,0,1025.15,1025.15,1076.41,1025.15,large_mismatch
53618,3806639000022304157,0,2758.05,2758.05,2792,2758.05,large_mismatch
53617,3806639000022295106,0,1298,1298,1258.95,1298,large_mismatch
53616,3806639000022375077,0,1234.05,1234.05,1295.75,1234.05,large_mismatch
53615,3806639000022349133,0,1298,1298,1258.95,1298,large_mismatch
53614,3806639000022300090,0,1110.65,1110.65,1166.18,1110.65,large_mismatch
53613,3806639000022304148,0,1298,1298,1258.95,1298,large_mismatch
53612,3806639000022292081,0,2344.69,2344.69,2461.92,2344.69,large_mismatch
53611,3806639000022347031,0,1139.05,1139.05,1196,1139.05,large_mismatch
53610,3806639000022339088,0,2373.1,2373.1,2491.76,2373.1,large_mismatch
53609,3806639000022340151,0,1234.05,1234.05,1295.75,1234.05,large_mismatch
53608,3806639000022335079,0,1147.67,1147.67,1205.05,1147.67,large_mismatch
53607,3806639000022342029,0,2799,2799,2938.95,2799,large_mismatch
53606,3806639000022295098,0,1079.1,1079.1,1133.06,1133.06,large_mismatch
53605,3806639000022332020,0,2597,2597,2622.9,2597,large_mismatch
53604,3806639000022292072,0,1398,1398,1363.95,1398,large_mismatch
53603,3806639000022335071,0,1298,1298,1258.95,1298,large_mismatch
53602,3806639000022349106,0,2898,2898,2938.95,2898,large_mismatch
53601,3806639000022295082,0,2659.05,2659.05,2792,2659.05,large_mismatch
53600,3806639000022375053,0,2098,2098,2098.95,2098,large_mismatch
53599,3806639000022292065,0,1147.67,1147.67,1205.05,1147.67,large_mismatch
53598,3806639000022340116,0,3160.93,3160.93,3318.98,3160.93,large_mismatch
53597,3806639000022331051,0,1398,1398,1363.95,1398,large_mismatch
53596,3806639000022349093,0,1899.05,1899.05,1993.99,1899.05,large_mismatch
53595,3806639000022304111,0,1398,1398,1363.95,1398,large_mismatch
53594,3806639000022292056,0,1110.65,1110.65,1166.18,1110.65,large_mismatch
53593,3806639000022330074,0,1147.67,1147.67,1205.05,1147.67,large_mismatch
53592,3806639000022344036,0,1398,1398,1363.95,1398,large_mismatch
53591,3806639000022334023,0,1398,1398,1363.95,1398,large_mismatch
53590,3806639000022334011,0,1709.15,1709.15,1794.6,1709.15,large_mismatch
53589,3806639000022346034,0,1082.1,1082.1,1136.21,1082.1,large_mismatch
53588,3806639000022302054,0,1238.05,1238.05,1196,1238.05,large_mismatch
53587,3806639000022293106,0,1398,1398,1363.95,1398,large_mismatch
53586,3806639000022343014,0,1110.65,1110.65,1166.18,1110.65,large_mismatch
53585,3806639000022295069,0,1899.05,1899.05,1993.99,1899.05,large_mismatch
53584,3806639000022293091,0,2526.1,2526.1,2652.39,2526.1,large_mismatch
53583,3806639000022344028,0,1139.05,1139.05,1196,1139.05,large_mismatch
53581,3806639000022341035,0,1298,1298,1258.95,1298,large_mismatch
53580,3806639000022300080,0,3098,3098,3148.96,3098,large_mismatch
53579,3806639000022314074,0,1298,1298,1258.95,1298,large_mismatch
53578,3806639000022344019,0,1298,1298,1258.95,1298,large_mismatch
53577,3806639000022346002,0,1398,1398,1363.95,1398,large_mismatch
53576,3806639000022340049,0,2498,2498,2622.9,2498,large_mismatch
53575,3806639000022293082,0,1398,1398,1363.95,1398,large_mismatch
53574,3806639000022295035,0,1234.05,1234.05,1295.75,1234.05,large_mismatch
53573,3806639000022293051,0,1110.65,1110.65,1166.18,1110.65,large_mismatch
53572,3806639000022340002,0,1298,1298,1258.96,1298,large_mismatch
53571,3806639000022335025,0,1139.05,1139.05,1196,1139.05,large_mismatch
53570,3806639000022300026,0,1139.05,1139.05,1196,1139.05,large_mismatch
53569,3806639000022335001,0,1298,1298,1258.95,1298,large_mismatch
53568,3806639000022334001,0,1298,1298,1258.95,1298,large_mismatch
53567,3806639000022332003,0,1307.07,1307.07,1268.47,1307.07,large_mismatch
53566,3806639000022303026,0,1139.05,1139.05,1196,1139.05,large_mismatch
53565,3806639000022157242,0,1333.05,1333.05,1295.75,1333.05,large_mismatch
53561,3806639000022021188,0,1139.05,1139.05,1196,1139.05,large_mismatch
53562,3806639000022109242,0,2898,2898,2938.95,2898,large_mismatch
53564,3806639000022021179,0,1298,1298,1258.95,1298,large_mismatch
53563,3806639000022293003,0,2659.05,2659.05,2792,2659.05,large_mismatch
53560,3806639000022063267,0,1298,1298,1258.95,1298,large_mismatch
53559,3806639000022103189,0,1110.65,1110.65,1166.18,1110.65,large_mismatch
53558,3806639000022109233,0,1298,1298,1258.95,1298,large_mismatch
53557,3806639000022104259,0,1298,1298,1258.95,1298,large_mismatch
53556,3806639000022017250,0,1398,1398,1363.95,1398,large_mismatch
53555,3806639000022060330,0,2373.1,2373.1,2491.76,2373.1,large_mismatch
53554,3806639000022127184,0,1110.65,1110.65,1166.18,1110.65,large_mismatch
53553,3806639000022111111,0,1234.05,1234.05,1295.75,1234.05,large_mismatch
53552,3806639000022031268,0,1333.05,1333.05,1295.75,1333.05,large_mismatch
53551,3806639000022040152,0,1110.65,1110.65,1166.18,1110.65,large_mismatch
53550,3806639000022103167,0,2898,2898,2938.95,2898,large_mismatch
53549,3806639000022019125,0,1398,1398,1363.96,1398,large_mismatch
53548,3806639000022040120,0,1234.05,1234.05,1295.75,1234.05,large_mismatch
53547,3806639000022040111,0,1147.67,1147.67,1205.05,1147.67,large_mismatch
53546,3806639000022127175,0,1110.65,1110.65,1166.18,1110.65,large_mismatch
53545,3806639000022104247,0,2898,2898,2938.95,2898,large_mismatch
53544,3806639000022025149,0,1214.07,1214.07,1170.82,1214.07,large_mismatch
53543,3806639000022114198,0,1139.05,1139.05,1196.01,1139.05,large_mismatch
53542,3806639000022060232,0,1398,1398,1363.95,1398,large_mismatch
53541,3806639000022156161,0,2098,2098,2098.95,2098,large_mismatch
53540,3806639000022031259,0,1398,1398,1363.95,1398,large_mismatch
53539,3806639000022122155,0,1172.35,1172.35,1230.97,1172.35,large_mismatch
53538,3806639000022036162,0,2098,2098,2098.95,2098,large_mismatch
53537,3806639000022060200,0,2597,2597,2622.9,2597,large_mismatch
53536,3806639000022109177,0,1139.05,1139.05,1196,1139.05,large_mismatch
53535,3806639000022112104,0,1298,1298,1258.95,1298,large_mismatch
53534,3806639000022036153,0,949.05,949.05,996.5,949.05,large_mismatch
53533,3806639000022017195,0,1298,1298,1258.95,1298,large_mismatch
53532,3806639000022060192,0,1139.05,1139.05,1196,1139.05,large_mismatch
53531,3806639000022036143,0,1139.05,1139.05,1196,1139.05,large_mismatch
53530,3806639000022103130,0,1298,1298,1258.95,1298,large_mismatch
53529,3806639000022114162,0,2898,2898,2938.95,2898,large_mismatch
53528,3806639000022025116,0,1268.1,1268.1,1227.56,1268.1,large_mismatch
53527,3806639000022157142,0,1298,1298,1258.95,1298,large_mismatch
53526,3806639000022157134,0,1398,1398,1363.95,1398,large_mismatch
53525,3806639000022113123,0,2659.05,2659.05,2792.01,2659.05,large_mismatch
53524,3806639000022156152,0,1298,1298,1258.95,1298,large_mismatch
53523,3806639000022113110,0,2898,2898,2938.95,2898,large_mismatch
53522,3806639000022025107,0,1139.05,1139.05,1196,1139.05,large_mismatch
53521,3806639000022114151,0,1234.05,1234.05,1295.75,1234.05,large_mismatch
53520,3806639000022122100,0,1766.12,1766.12,1854.43,1766.12,large_mismatch
53519,3806639000022112096,0,1697,1697,1677.9,1697,large_mismatch
53518,3806639000022156134,0,1139.05,1139.05,1196,1139.05,large_mismatch
53517,3806639000022071124,0,1025.15,1025.15,1076.41,1025.15,large_mismatch
53516,3806639000022157097,0,2898,2898,2938.95,2898,large_mismatch
53515,3806639000022127156,0,1298,1298,1258.96,1298,large_mismatch
53514,3806639000022026199,0,1139.05,1139.05,1196,1139.05,large_mismatch
53513,3806639000022060179,0,1899.05,1899.05,1993.99,1899.05,large_mismatch
53512,3806639000022021136,0,1234.05,1234.05,1295.75,1234.05,large_mismatch
53511,3806639000022156101,0,1298,1298,1258.95,1298,large_mismatch
53510,3806639000022103098,0,1147.67,1147.67,1205.05,1147.67,large_mismatch
53509,3806639000022111093,0,1333.05,1333.05,1295.75,1333.05,large_mismatch
53508,3806639000022132150,0,1333.05,1333.05,1295.75,1333.05,large_mismatch
53507,3806639000022103088,0,1139.05,1139.05,1196.01,1139.05,large_mismatch
53506,3806639000022019089,0,1139.05,1139.05,1196,1139.05,large_mismatch
53505,3806639000022114142,0,1298,1298,1258.95,1298,large_mismatch
53504,3806639000022061134,0,1082.1,1082.1,1136.21,1082.1,large_mismatch
53503,3806639000022123082,0,198.95,198.95,104.94,198.95,large_mismatch
53502,3806639000022112073,0,1139.05,1139.05,1196,1139.05,large_mismatch
53501,3806639000022109067,0,1899.05,1899.05,1994,1899.05,large_mismatch
53500,3806639000022132141,0,1139.05,1139.05,1196,1139.05,large_mismatch
53499,3806639000022071089,0,1298,1298,1258.95,1298,large_mismatch
53498,3806639000022111085,0,1110.65,1110.65,1166.18,1110.65,large_mismatch
53497,3806639000022071080,0,1398,1398,1363.96,1398,large_mismatch
53496,3806639000022036098,0,2659.05,2659.05,2792,2659.05,large_mismatch
53495,3806639000022020115,0,1268.1,1268.1,1227.56,1268.1,large_mismatch
53494,3806639000022127113,0,1110.65,1110.65,1166.18,1110.65,large_mismatch
53493,3806639000022132132,0,1298,1298,1258.95,1298,large_mismatch
53492,3806639000022113069,0,1139.05,1139.05,1196,1139.05,large_mismatch
53491,3806639000022111054,0,1899.05,1899.05,1993.99,1899.05,large_mismatch
53490,3806639000022019037,0,1298,1298,1258.95,1298,large_mismatch
53489,3806639000022040059,0,2098,2098,2098.95,2098,large_mismatch
53488,3806639000022156047,0,1398,1398,1363.95,1398,large_mismatch
53487,3806639000022111045,0,1110.65,1110.65,1166.18,1110.65,large_mismatch
53486,3806639000022067101,0,1398,1398,1363.95,1398,large_mismatch
53485,3806639000022026132,0,2898,2898,2938.95,2898,large_mismatch
53484,3806639000022036080,0,1299,1299,1363.95,1299,large_mismatch
53483,3806639000022114108,0,1307.07,1307.07,1268.47,1307.07,large_mismatch
53482,3806639000022111036,0,1298,1298,1258.95,1298,large_mismatch
53481,3806639000022071068,0,2898,2898,2938.95,2898,large_mismatch
53480,3806639000022112064,0,1398,1398,1363.95,1398,large_mismatch
53479,3806639000022127104,0,1298,1298,1258.95,1298,large_mismatch
53478,3806639000022060120,0,1899.05,1899.05,1993.99,1899.05,large_mismatch
53477,3806639000022060111,0,1298,1298,1258.95,1298,large_mismatch
53475,3806639000022123043,0,1298,1298,1258.96,1298,large_mismatch
53476,3806639000022025053,0,1398,1398,1363.95,1398,large_mismatch
53474,3806639000022156014,0,1398,1398,1363.95,1398,large_mismatch
53473,3806639000022021117,0,759.05,759.05,797,759.05,large_mismatch
53472,3806639000022060104,0,1172.35,1172.35,1230.97,1172.35,large_mismatch
53471,3806639000022122034,0,1398,1398,1363.95,1398,large_mismatch
53470,3806639000022127056,0,1110.65,1110.65,1166.18,1110.65,large_mismatch
53469,3806639000022030088,0,1298,1298,1258.95,1298,large_mismatch
53468,3806639000022063050,0,1139.05,1139.05,1196,1139.05,large_mismatch
53467,3806639000022071039,0,3137.1,3137.1,3189.99,3137.1,large_mismatch
53466,3806639000022031105,0,1110.65,1110.65,1166.19,1110.65,large_mismatch
53465,3806639000022026080,0,1398,1398,1363.95,1398,large_mismatch
53464,3806639000022127047,0,1110.65,1110.65,1166.18,1110.65,large_mismatch
53463,3806639000022017096,0,898,898,838.95,898,large_mismatch
53462,3806639000022061086,0,2597,2597,2622.9,2597,large_mismatch
53461,3806639000022122026,0,1139.05,1139.05,1196,1139.05,large_mismatch
53460,3806639000022123018,0,1234.05,1234.05,1295.75,1234.05,large_mismatch
53459,3806639000022019015,0,1298,1298,1258.95,1298,large_mismatch
53458,3806639000022063037,0,1899.05,1899.05,1993.99,1899.05,large_mismatch
53457,3806639000022122017,0,1298,1298,1258.95,1298,large_mismatch
53456,3806639000022113021,0,1398,1398,1363.95,1398,large_mismatch
53455,3806639000022127021,0,1298,1298,1258.95,1298,large_mismatch
53453,3806639000022127003,0,2098,2098,2098.95,2098,large_mismatch
53452,3806639000022112017,0,1298,1298,1258.95,1298,large_mismatch
53451,3806639000022020058,0,1398,1398,1363.96,1398,large_mismatch
53450,3806639000022104034,0,1398,1398,1363.95,1398,large_mismatch
53449,3806639000022030025,0,2597,2597,2622.9,2597,large_mismatch
53448,3806639000022036063,0,1110.65,1110.65,1166.18,1110.65,large_mismatch
53447,3806639000022063024,0,2898,2898,2938.95,2898,large_mismatch
53446,3806639000022020048,0,2098,2098,2098.95,2098,large_mismatch
53445,3806639000022060030,0,1234.05,1234.05,1295.75,1234.05,large_mismatch
53444,3806639000022114002,0,1298,1298,1258.95,1298,large_mismatch
53443,3806639000022111018,0,1139.05,1139.05,1196,1139.05,large_mismatch
53442,3806639000022030016,0,2098,2098,2098.95,2098,large_mismatch
53441,3806639000022109002,0,1298,1298,1258.95,1298,large_mismatch
53440,3806639000022104003,0,1172.35,1172.35,1230.97,1172.35,large_mismatch
53439,3806639000022061030,0,1139.05,1139.05,1196,1139.05,large_mismatch
53438,3806639000022031051,0,2597,2597,2622.9,2597,large_mismatch
53437,3806639000021575395,0,2098,2098,2098.95,2098,large_mismatch
53436,3806639000021573344,0,1234.05,1234.05,1295.75,1234.05,large_mismatch
53435,3806639000022020003,0,1110.65,1110.65,1166.18,1110.65,large_mismatch
53434,3806639000021554313,0,1398,1398,1363.95,1398,large_mismatch
53433,3806639000022017003,0,1172.35,1172.35,1230.97,1172.35,large_mismatch
53432,3806639000021569387,0,1059.32,1059.32,1112.29,1059.32,large_mismatch
53431,3806639000021566262,0,2278.1,2278.1,2392.01,2278.1,large_mismatch
53430,3806639000021557285,0,1398,1398,1363.95,1398,large_mismatch
53429,3806639000021575353,0,1139.05,1139.05,1196,1139.05,large_mismatch
53428,3806639000021585264,0,1298,1298,1258.95,1298,large_mismatch
53427,3806639000021660230,0,1398,1398,1363.95,1398,large_mismatch
53426,3806639000021570225,0,1082.1,1082.1,1136.21,1082.1,large_mismatch
53425,3806639000021557254,0,1298,1298,1258.95,1298,large_mismatch
53424,3806639000021553172,0,1298,1298,1258.95,1298,large_mismatch
53423,3806639000021562265,0,2098,2098,2098.95,2098,large_mismatch
53422,3806639000021559343,0,1398,1398,1363.95,1398,large_mismatch
53421,3806639000021556203,0,1298,1298,1258.95,1298,large_mismatch
53420,3806639000021633151,0,2497,2497,2517.9,2497,large_mismatch
53419,3806639000021568124,0,1298,1298,1258.95,1298,large_mismatch
53418,3806639000021558380,0,1139.05,1139.05,1196,1139.05,large_mismatch
53417,3806639000021560241,0,1398,1398,1363.95,1398,large_mismatch
53416,3806639000021560233,0,1234.05,1234.05,1295.75,1234.05,large_mismatch
53415,3806639000021572312,0,2526.1,2526.1,2652.39,2526.1,large_mismatch
53414,3806639000021575306,0,2393.15,2393.15,2512.82,2393.15,large_mismatch
53413,3806639000021562248,0,1398,1398,1363.95,1398,large_mismatch
53412,3806639000021554305,0,1234.05,1234.05,1295.75,1234.05,large_mismatch
53411,3806639000021557247,0,1398,1398,1363.95,1398,large_mismatch
53410,3806639000021556154,0,1398,1398,1363.95,1398,large_mismatch
53409,3806639000021612221,0,1398,1398,1363.95,1398,large_mismatch
53408,3806639000021570182,0,2659.05,2659.05,2792,2659.05,large_mismatch
53407,3806639000021569339,0,1298,1298,1258.95,1298,large_mismatch
53406,3806639000021607230,0,2098,2098,2098.95,2098,large_mismatch
53405,3806639000021559227,0,1333.05,1333.05,1295.75,1333.05,large_mismatch
53404,3806639000021575234,0,1899.05,1899.05,1993.99,1899.05,large_mismatch
53403,3806639000021555201,0,1298,1298,1258.95,1298,large_mismatch
53402,3806639000021562238,0,2098,2098,2098.95,2098,large_mismatch
53401,3806639000021557218,0,2098,2098,2098.95,2098,large_mismatch
53400,3806639000021568116,0,2398,2398,2517.9,2398,large_mismatch
53399,3806639000021560199,0,4895,4895,5035.8,4895,large_mismatch
53398,3806639000021612214,0,1398,1398,1363.95,1398,large_mismatch
53397,3806639000021574193,0,1398,1398,1363.95,1398,large_mismatch
53396,3806639000021607219,0,2098,2098,2098.95,2098,large_mismatch
53395,3806639000021557205,0,1898.1,1898.1,1889.06,1898.1,large_mismatch
53394,3806639000021562229,0,1398,1398,1363.95,1398,large_mismatch
53393,3806639000021569331,0,1298,1298,1258.95,1298,large_mismatch
53392,3806639000021570157,0,1298,1298,1258.95,1298,large_mismatch
53391,3806639000021558298,0,1299,1299,1363.95,1299,large_mismatch
53390,3806639000021552276,0,1234.05,1234.05,1295.75,1234.05,large_mismatch
53389,3806639000021560191,0,1234.05,1234.05,1295.75,1234.05,large_mismatch
53388,3806639000021551333,0,1398,1398,1363.95,1398,large_mismatch
53387,3806639000021562184,0,1398,1398,1363.96,1398,large_mismatch
53386,3806639000021554267,0,1234.05,1234.05,1295.75,1234.05,large_mismatch
53385,3806639000021558291,0,1118.15,1118.15,1070.11,1118.15,large_mismatch
53384,3806639000021562172,0,2898,2898,2938.95,2898,large_mismatch
53383,3806639000021559208,0,2248.2,2248.2,2360.61,2360.61,large_mismatch
53382,3806639000021660149,0,2373.1,2373.1,2491.76,2373.1,large_mismatch
53381,3806639000021569323,0,1298,1298,1258.95,1298,large_mismatch
53380,3806639000021552267,0,1298,1298,1258.95,1298,large_mismatch
53379,3806639000021559199,0,1139.05,1139.05,1196,1139.05,large_mismatch
53378,3806639000021607177,0,1110.65,1110.65,1166.18,1110.65,large_mismatch
53377,3806639000021611189,0,1082.1,1082.1,1136.21,1082.1,large_mismatch
53376,3806639000021585169,0,1234.05,1234.05,1295.75,1234.05,large_mismatch
53375,3806639000021660130,0,1139.05,1139.05,1196,1139.05,large_mismatch
53374,3806639000021554234,0,1139.05,1139.05,1196,1139.05,large_mismatch
53373,3806639000021553131,0,1234.05,1234.05,1295.75,1234.05,large_mismatch
53372,3806639000021580233,0,1398,1398,1363.95,1398,large_mismatch
53371,3806639000021574138,0,1333.05,1333.05,1295.75,1333.05,large_mismatch
53370,3806639000021555183,0,1333.05,1333.05,1295.75,1333.05,large_mismatch
53369,3806639000021560166,0,2098,2098,2098.95,2098,large_mismatch
53368,3806639000021560157,0,1059.32,1059.32,1112.29,1059.32,large_mismatch
53367,3806639000021580225,0,1139.05,1139.05,1196,1139.05,large_mismatch
53366,3806639000021585154,0,2659.05,2659.05,2792,2659.05,large_mismatch
53365,3806639000021633091,0,2898,2898,2938.95,2898,large_mismatch
53364,3806639000021552259,0,1298,1298,1258.95,1298,large_mismatch
53363,3806639000021660121,0,1298,1298,1258.95,1298,large_mismatch
53362,3806639000021559175,0,1234.05,1234.05,1295.75,1234.05,large_mismatch
53361,3806639000021552249,0,2098,2098,2098.95,2098,large_mismatch
53360,3806639000021557160,0,1398,1398,1363.95,1398,large_mismatch
53359,3806639000021553113,0,1234.05,1234.05,1295.75,1234.05,large_mismatch
53358,3806639000021558224,0,1169.1,1169.1,1227.56,1169.1,large_mismatch
53357,3806639000021552223,0,2659.05,2659.05,2792,2659.05,large_mismatch
53356,3806639000021573182,0,2497,2497,2517.9,2497,large_mismatch
53355,3806639000021612116,0,1110.65,1110.65,1166.18,1110.65,large_mismatch
53354,3806639000021569244,0,1398,1398,1363.95,1398,large_mismatch
53353,3806639000021585141,0,1804.1,1804.1,1894.31,1804.1,large_mismatch
53352,3806639000021572200,0,1398,1398,1363.95,1398,large_mismatch
53351,3806639000021611131,0,2898,2898,2938.95,2898,large_mismatch
53350,3806639000021553104,0,1139.05,1139.05,1196,1139.05,large_mismatch
53349,3806639000021554168,0,2098,2098,2098.95,2098,large_mismatch
53348,3806639000021612103,0,2898,2898,2938.95,2898,large_mismatch
53347,3806639000021611116,0,3512.15,3512.15,3687.75,3512.15,large_mismatch
53346,3806639000021559156,0,1234.05,1234.05,1295.75,1234.05,large_mismatch
53345,3806639000021559145,0,2098,2098,2098.95,2098,large_mismatch
53344,3806639000021572192,0,1147.67,1147.67,1205.05,1147.67,large_mismatch
53343,3806639000021575120,0,1110.65,1110.65,1166.18,1110.65,large_mismatch
53342,3806639000021573164,0,1298,1298,1258.95,1298,large_mismatch
53341,3806639000021551251,0,1139.05,1139.05,1196,1139.05,large_mismatch
53340,3806639000021612085,0,1147.67,1147.67,1205.05,1147.67,large_mismatch
53339,3806639000021633082,0,1398,1398,1363.95,1398,large_mismatch
53338,3806639000021611107,0,1298,1298,1258.95,1298,large_mismatch
53337,3806639000021575102,0,1234.05,1234.05,1295.75,1234.05,large_mismatch
53336,3806639000021551227,0,1298,1298,1258.95,1298,large_mismatch
53335,3806639000021612076,0,1234.05,1234.05,1295.75,1234.05,large_mismatch
53334,3806639000021560133,0,1139.05,1139.05,1196,1139.05,large_mismatch
53333,3806639000021611099,0,1139.05,1139.05,1196,1139.05,large_mismatch
53332,3806639000021574099,0,1398,1398,1363.95,1398,large_mismatch
53331,3806639000021660076,0,1899.05,1899.05,1993.99,1899.05,large_mismatch
53330,3806639000021558190,0,1139.05,1139.05,1196,1139.05,large_mismatch
53329,3806639000021556109,0,1139.05,1139.05,1196,1139.05,large_mismatch
53328,3806639000021573100,0,1298,1298,1258.96,1298,large_mismatch
53326,3806639000021566164,0,1298,1298,1258.95,1298,large_mismatch
53325,3806639000021551219,0,1234.05,1234.05,1295.75,1234.05,large_mismatch
53324,3806639000021585071,0,1398,1398,1363.95,1398,large_mismatch
53323,3806639000021586139,0,1214.07,1214.07,1170.82,1214.07,large_mismatch
53322,3806639000021554158,0,1082.1,1082.1,1136.21,1082.1,large_mismatch
53321,3806639000021566101,0,1298,1298,1258.95,1298,large_mismatch
53320,3806639000021612063,0,2898,2898,2938.95,2898,large_mismatch
53319,3806639000021633050,0,1139.05,1139.05,1196,1139.05,large_mismatch
53318,3806639000021562085,0,1234.05,1234.05,1295.75,1234.05,large_mismatch
53317,3806639000021562076,0,1398,1398,1363.95,1398,large_mismatch
53316,3806639000021572122,0,1139.05,1139.05,1196,1139.05,large_mismatch
53315,3806639000021558165,0,2758.05,2758.05,2792,2758.05,large_mismatch
53314,3806639000021554128,0,1307.07,1307.07,1268.47,1307.07,large_mismatch
53313,3806639000021660044,0,1298,1298,1258.95,1298,large_mismatch
53312,3806639000021567063,0,2373.1,2373.1,2491.76,2373.1,large_mismatch
53311,3806639000021558156,0,1139.05,1139.05,1196,1139.05,large_mismatch
53310,3806639000021568054,0,2098,2098,2098.96,2098,large_mismatch
53309,3806639000021633038,0,2098,2098,2098.96,2098,large_mismatch
53308,3806639000021556058,0,1268.1,1268.1,1227.56,1268.1,large_mismatch
53307,3806639000021573077,0,1172.35,1172.35,1230.97,1172.35,large_mismatch
53306,3806639000021554095,0,1082.1,1082.1,1136.21,1082.1,large_mismatch
53305,3806639000021572072,0,1268.1,1268.1,1227.56,1268.1,large_mismatch
53304,3806639000021568031,0,1398,1398,1363.95,1398,large_mismatch
53303,3806639000021611028,0,1139.05,1139.05,1196.01,1139.05,large_mismatch
53302,3806639000021585048,0,1398,1398,1363.95,1398,large_mismatch
53301,3806639000021552107,0,2098,2098,2098.95,2098,large_mismatch
53300,3806639000021557092,0,1268.1,1268.1,1227.56,1268.1,large_mismatch
53299,3806639000021552098,0,1110.65,1110.65,1166.19,1110.65,large_mismatch
53298,3806639000021555159,0,1234.05,1234.05,1295.75,1234.05,large_mismatch
53297,3806639000021569046,0,1110.65,1110.65,1166.18,1110.65,large_mismatch
53296,3806639000021557083,0,1299,1299,1363.95,1299,large_mismatch
53295,3806639000021607090,0,2597,2597,2622.9,2597,large_mismatch
53294,3806639000021580089,0,1398,1398,1363.95,1398,large_mismatch
53293,3806639000021562056,0,1398,1398,1363.95,1398,large_mismatch
53292,3806639000021607051,0,1298,1298,1258.95,1298,large_mismatch
53291,3806639000021575042,0,1298,1298,1258.95,1298,large_mismatch
53290,3806639000021580082,0,1398,1398,1363.95,1398,large_mismatch
53289,3806639000021575034,0,1139.05,1139.05,1196,1139.05,large_mismatch
53288,3806639000021611019,0,1025.15,1025.15,1076.41,1025.15,large_mismatch
53287,3806639000021575025,0,1398,1398,1363.95,1398,large_mismatch
53286,3806639000021562048,0,1139.05,1139.05,1196,1139.05,large_mismatch
53285,3806639000021554059,0,2098,2098,2098.95,2098,large_mismatch
53284,3806639000021555119,0,1298,1298,1258.95,1298,large_mismatch
53283,3806639000021557076,0,1234.05,1234.05,1295.75,1234.05,large_mismatch
53282,3806639000021553028,0,1398,1398,1363.95,1398,large_mismatch
53281,3806639000021560036,0,1234.05,1234.05,1295.75,1234.05,large_mismatch
53280,3806639000021573026,0,2098,2098,2098.95,2098,large_mismatch
53279,3806639000021580058,0,2898,2898,2938.95,2898,large_mismatch
53278,3806639000021574020,0,1998.05,1998.05,1993.99,1998.05,large_mismatch
53277,3806639000021607012,0,1234.05,1234.05,1295.75,1234.05,large_mismatch
53276,3806639000021572054,0,705.92,705.92,741.22,705.92,large_mismatch
53275,3806639000021570020,0,1298,1298,1258.95,1298,large_mismatch
53274,3806639000021558064,0,1059.32,1059.32,1112.29,1059.32,large_mismatch
53273,3806639000021572045,0,1298,1298,1258.95,1298,large_mismatch
53272,3806639000021570012,0,1298,1298,1258.95,1298,large_mismatch
53270,3806639000021554021,0,1899.05,1899.05,1993.99,1899.05,large_mismatch
53269,3806639000021612003,0,1307.07,1307.07,1268.47,1307.07,large_mismatch
53268,3806639000021552035,0,1398,1398,1363.95,1398,large_mismatch
53267,3806639000021580012,0,1398,1398,1363.95,1398,large_mismatch
53266,3806639000021559081,0,1082.1,1082.1,1136.21,1082.1,large_mismatch
53265,3806639000021586003,0,2373.1,2373.1,2491.76,2373.1,large_mismatch
53264,3806639000021552012,0,1234.05,1234.05,1295.75,1234.05,large_mismatch
53263,3806639000021556026,0,1110.65,1110.65,1166.18,1110.65,large_mismatch
53262,3806639000021568002,0,1398,1398,1363.95,1398,large_mismatch
53261,3806639000021551039,0,898,898,838.95,898,large_mismatch
53260,3806639000021552003,0,1110.65,1110.65,1166.19,1110.65,large_mismatch
53259,3806639000021285071,0,1398,1398,1363.95,1398,large_mismatch
53258,3806639000021331111,0,1398,1398,1363.95,1398,large_mismatch
53257,3806639000021299072,0,1298,1298,1258.95,1298,large_mismatch
53256,3806639000021330063,0,1298,1298,1258.95,1298,large_mismatch
53255,3806639000021293090,0,1398,1398,1363.95,1398,large_mismatch
53254,3806639000021307041,0,1110.65,1110.65,1166.18,1110.65,large_mismatch
53253,3806639000021308022,0,1139.05,1139.05,1196,1139.05,large_mismatch
53252,3806639000021298054,0,1804.1,1804.1,1894.31,1804.1,large_mismatch
53251,3806639000021304028,0,1082.1,1082.1,1136.21,1082.1,large_mismatch
53250,3806639000021293082,0,1398,1398,1363.95,1398,large_mismatch
53249,3806639000021292054,0,1398,1398,1363.95,1398,large_mismatch
53248,3806639000021295053,0,1398,1398,1363.95,1398,large_mismatch
53247,3806639000021308013,0,1234.05,1234.05,1295.75,1234.05,large_mismatch
53246,3806639000021296029,0,1299,1299,1363.95,1299,large_mismatch
53245,3806639000021294022,0,1398,1398,1363.95,1398,large_mismatch
53244,3806639000021324035,0,1139.05,1139.05,1196,1139.05,large_mismatch
53243,3806639000021298045,0,1234.05,1234.05,1295.75,1234.05,large_mismatch
53242,3806639000021324003,0,1059.32,1059.32,1112.29,1059.32,large_mismatch
53241,3806639000021322002,0,1298,1298,1258.95,1298,large_mismatch
53240,3806639000021294012,0,2098,2098,2098.95,2098,large_mismatch
53239,3806639000021308003,0,1082.1,1082.1,1136.2,1082.1,large_mismatch
53238,3806639000021296021,0,1298,1298,1258.95,1298,large_mismatch
53237,3806639000021303002,0,1899.05,1899.05,1993.99,1899.05,large_mismatch
53236,3806639000021296011,0,2373.1,2373.1,2491.76,2373.1,large_mismatch
53235,3806639000021296002,0,1623.6,1623.6,1704.78,1623.6,large_mismatch
53234,3806639000021294003,0,56.95,56.95,59.8,56.95,small_mismatch
53233,3806639000021293003,0,1172.35,1172.35,1230.97,1172.35,large_mismatch
53232,3806639000021265013,0,1234.05,1234.05,1295.75,1234.05,large_mismatch
53231,3806639000021252018,0,1147.67,1147.67,1205.05,1147.67,large_mismatch
53230,3806639000021214061,0,1398,1398,1363.95,1398,large_mismatch
53229,3806639000021264019,0,2497,2497,2517.9,2497,large_mismatch
53228,3806639000020309550,0,2898,2898,2938.95,2898,large_mismatch
53227,3806639000021264010,0,1298,1298,1258.95,1298,large_mismatch
53226,3806639000021257017,0,1398,1398,1363.95,1398,large_mismatch
53225,3806639000021264002,0,1298,1298,1258.96,1298,large_mismatch
53224,3806639000021214051,0,261.34,261.34,274.41,261.34,large_mismatch
53223,3806639000021214038,0,1804.1,1804.1,1894.3,1804.1,large_mismatch
53222,3806639000021175052,0,1298,1298,1258.95,1298,large_mismatch
53221,3806639000021253003,0,1234.05,1234.05,1295.75,1234.05,large_mismatch
53220,3806639000021250001,0,1098,1098,1048.96,1098,large_mismatch
53219,3806639000021174057,0,1048.94,1048.94,1101.39,1048.94,large_mismatch
53218,3806639000021221002,0,1398,1398,1363.95,1398,large_mismatch
53217,3806639000021211003,0,1085.96,1085.96,1140.26,1085.96,large_mismatch
53216,3806639000021179001,0,1298,1298,1258.95,1298,large_mismatch
53215,3806639000020419504,0,1139.05,1139.05,1196,1139.05,large_mismatch
53214,3806639000020827269,0,1025.15,1025.15,1076.41,1025.15,large_mismatch
53213,3806639000020486451,0,1899.05,1899.05,1993.99,1899.05,large_mismatch
53212,3806639000020419488,0,2659.05,2659.05,2792,2659.05,large_mismatch
53211,3806639000020456554,0,1139.05,1139.05,1196,1139.05,large_mismatch
53210,3806639000020378781,0,2497,2497,2517.9,2497,large_mismatch
53209,3806639000020486418,0,1234.05,1234.05,1295.75,1234.05,large_mismatch
53208,3806639000020310720,0,1298,1298,1258.95,1298,large_mismatch
53207,3806639000020321724,0,1298,1298,1258.95,1298,large_mismatch
53206,3806639000020309505,0,1110.65,1110.65,1166.18,1110.65,large_mismatch
53205,3806639000020310712,0,1234.05,1234.05,1295.75,1234.05,large_mismatch
53204,3806639000020111945,0,1234.05,1234.05,1295.75,1234.05,large_mismatch
53203,3806639000020111936,0,1298,1298,1258.95,1298,large_mismatch
53202,3806639000020422414,0,1139.05,1139.05,1196,1139.05,large_mismatch
53201,3806639000020111924,0,1998.05,1998.05,1993.99,1998.05,large_mismatch
53200,3806639000020309483,0,1398,1398,1363.95,1398,large_mismatch
53199,3806639000020316432,0,2898,2898,2938.95,2898,large_mismatch
53198,3806639000020231597,0,1139.05,1139.05,1196,1139.05,large_mismatch
53197,3806639000020312489,0,1139.05,1139.05,1196.01,1139.05,large_mismatch
53196,3806639000020800392,0,1398,1398,1363.95,1398,large_mismatch
53195,3806639000020315818,0,1709.15,1709.15,1794.6,1709.15,large_mismatch
53194,3806639000020266910,0,1139.05,1139.05,1196,1139.05,large_mismatch
53193,3806639000020422405,0,1398,1398,1363.95,1398,large_mismatch
53192,3806639000020827245,0,1398,1398,1363.95,1398,large_mismatch
53191,3806639000020231571,0,2898,2898,2938.95,2898,large_mismatch
53190,3806639000020083718,0,1398,1398,1363.95,1398,large_mismatch
53189,3806639000020419464,0,1002.36,1002.36,1052.48,1002.36,large_mismatch
53188,3806639000020340665,0,1398,1398,1363.95,1398,large_mismatch
53187,3806639000020378716,0,1398,1398,1363.95,1398,large_mismatch
53186,3806639000020380553,0,2597,2597,2622.9,2597,large_mismatch
53185,3806639000020314658,0,1139.05,1139.05,1196,1139.05,large_mismatch
53184,3806639000020310679,0,4082.15,4082.15,4286.26,4082.15,large_mismatch
53183,3806639000020422381,0,1298,1298,1258.95,1298,large_mismatch
53182,3806639000020340657,0,1398,1398,1363.95,1398,large_mismatch
53181,3806639000020340649,0,1398,1398,1363.95,1398,large_mismatch
53180,3806639000020800368,0,1203.15,1203.15,1159.36,1203.15,large_mismatch
53179,3806639000020380544,0,1234.05,1234.05,1295.75,1234.05,large_mismatch
53178,3806639000020379545,0,1234.05,1234.05,1295.75,1234.05,large_mismatch
53177,3806639000020800359,0,1298,1298,1258.95,1298,large_mismatch
53176,3806639000020059601,0,1110.65,1110.65,1166.18,1110.65,large_mismatch
53175,3806639000020827237,0,1234.05,1234.05,1295.75,1234.05,large_mismatch
53174,3806639000019825930,0,1299,1299,1363.95,1299,large_mismatch
53173,3806639000020231548,0,2898,2898,2938.95,2898,large_mismatch
53172,3806639000020380535,0,1298,1298,1258.95,1298,large_mismatch
53171,3806639000020310638,0,1147.67,1147.67,1205.05,1147.67,large_mismatch
53170,3806639000020561474,0,2118.63,2118.63,2224.56,2118.63,large_mismatch
53169,3806639000020270758,0,1899.05,1899.05,1993.99,1899.05,large_mismatch
53168,3806639000020312468,0,2597,2597,2622.9,2597,large_mismatch
53167,3806639000020379512,0,1110.65,1110.65,1166.18,1110.65,large_mismatch
53166,3806639000020263755,0,1199,1199,1258.95,1199,large_mismatch
53165,3806639000020379503,0,1398,1398,1363.95,1398,large_mismatch
53164,3806639000020380527,0,1298,1298,1258.95,1298,large_mismatch
53163,3806639000019825919,0,1899.05,1899.05,1993.99,1899.05,large_mismatch
53162,3806639000020310626,0,1898.1,1898.1,1993.01,1898.1,large_mismatch
53161,3806639000020382543,0,2597,2597,2622.9,2597,large_mismatch
53160,3806639000020417358,0,1398,1398,1363.95,1398,large_mismatch
53159,3806639000020800294,0,1082.1,1082.1,1136.21,1082.1,large_mismatch
53158,3806639000020321651,0,1234.05,1234.05,1295.75,1234.05,large_mismatch
53157,3806639000020379473,0,2098,2098,2098.95,2098,large_mismatch
53156,3806639000020378707,0,2098,2098,2098.95,2098,large_mismatch
53155,3806639000020270749,0,1199,1199,1258.95,1199,large_mismatch
53154,3806639000020321642,0,1234.05,1234.05,1295.75,1234.05,large_mismatch
53153,3806639000020382531,0,2898,2898,2938.95,2898,large_mismatch
53152,3806639000020561443,0,1398,1398,1363.95,1398,large_mismatch
53151,3806639000020266838,0,1398,1398,1363.95,1398,large_mismatch
53150,3806639000020456433,0,1899.05,1899.05,1993.99,1899.05,large_mismatch
53149,3806639000020380520,0,1398,1398,1363.95,1398,large_mismatch
53148,3806639000020378698,0,1298,1298,1258.95,1298,large_mismatch
53147,3806639000020321633,0,1298,1298,1258.95,1298,large_mismatch
53146,3806639000020270710,0,1398,1398,1363.95,1398,large_mismatch
53145,3806639000020827187,0,1899.05,1899.05,1993.99,1899.05,large_mismatch
53144,3806639000020231511,0,1804.1,1804.1,1894.31,1804.1,large_mismatch
53143,3806639000020456403,0,1139.05,1139.05,1196,1139.05,large_mismatch
53142,3806639000020380505,0,2393.15,2393.15,2512.82,2393.15,large_mismatch
53141,3806639000020270702,0,1298,1298,1258.95,1298,large_mismatch
53140,3806639000020314537,0,2422.14,2422.14,2439.3,2422.14,large_mismatch
53139,3806639000020231502,0,1398,1398,1363.95,1398,large_mismatch
53138,3806639000020827169,0,1172.35,1172.35,1230.97,1172.35,large_mismatch
53137,3806639000020321615,0,1234.05,1234.05,1295.75,1234.05,large_mismatch
53136,3806639000020800274,0,1147.67,1147.67,1205.05,1147.67,large_mismatch
53135,3806639000020827160,0,1110.65,1110.65,1166.18,1110.65,large_mismatch
53134,3806639000020379460,0,1899.05,1899.05,1993.99,1899.05,large_mismatch
53133,3806639000020059502,0,1234.05,1234.05,1295.75,1234.05,large_mismatch
53132,3806639000020312420,0,2659.05,2659.05,2792,2659.05,large_mismatch
53131,3806639000020422373,0,1398,1398,1363.95,1398,large_mismatch
53130,3806639000020417340,0,1298,1298,1258.95,1298,large_mismatch
53129,3806639000020111785,0,3445.14,3445.14,3513.45,3445.14,large_mismatch
53128,3806639000020263604,0,968.19,968.19,1016.6,968.19,large_mismatch
53127,3806639000020059492,0,56.95,56.95,59.79,56.95,small_mismatch
53126,3806639000020266797,0,1298,1298,1258.95,1298,large_mismatch
53125,3806639000020419342,0,1110.65,1110.65,1166.18,1110.65,large_mismatch
53124,3806639000020419333,0,1234.05,1234.05,1295.75,1234.05,large_mismatch
53123,3806639000020340587,0,1398,1398,1363.96,1398,large_mismatch
53122,3806639000020827104,0,1139.05,1139.05,1196,1139.05,large_mismatch
53121,3806639000020486270,0,1048.94,1048.94,1101.39,1048.94,large_mismatch
53120,3806639000020561399,0,1398,1398,1363.95,1398,large_mismatch
53119,3806639000020340566,0,1298,1298,1258.95,1298,large_mismatch
53118,3806639000020231436,0,1139.05,1139.05,1196,1139.05,large_mismatch
53117,3806639000020382468,0,1398,1398,1363.95,1398,large_mismatch
53116,3806639000020111730,0,898,898,838.95,898,large_mismatch
53115,3806639000020561381,0,1398,1398,1363.95,1398,large_mismatch
53114,3806639000020456343,0,1398,1398,1363.95,1398,large_mismatch
53113,3806639000020266778,0,2098,2098,2098.95,2098,large_mismatch
53112,3806639000020263540,0,2098,2098,2098.95,2098,large_mismatch
53111,3806639000020340557,0,1398,1398,1363.96,1398,large_mismatch
53110,3806639000020266770,0,1298,1298,1258.95,1298,large_mismatch
53109,3806639000020270668,0,2373.1,2373.1,2491.76,2373.1,large_mismatch
53108,3806639000020456336,0,1298,1298,1258.95,1298,large_mismatch
53107,3806639000020380447,0,1082.1,1082.1,1136.2,1082.1,large_mismatch
53106,3806639000020266763,0,1298,1298,1258.95,1298,large_mismatch
53105,3806639000020083633,0,1139.05,1139.05,1196,1139.05,large_mismatch
53104,3806639000020316333,0,2098,2098,2098.95,2098,large_mismatch
53103,3806639000020417316,0,1110.65,1110.65,1166.19,1110.65,large_mismatch
53102,3806639000020231378,0,1298,1298,1258.95,1298,large_mismatch
53100,3806639000020266755,0,1298,1298,1258.95,1298,large_mismatch
53099,3806639000020456328,0,1398,1398,1363.95,1398,large_mismatch
53098,3806639000020314485,0,1398,1398,1363.95,1398,large_mismatch
53097,3806639000020561358,0,1898.1,1898.1,1993,1898.1,large_mismatch
53096,3806639000020486223,0,1299,1299,1363.95,1299,large_mismatch
53095,3806639000020111649,0,1002.36,1002.36,1052.48,1002.36,large_mismatch
53094,3806639000020378644,0,1110.65,1110.65,1166.18,1110.65,large_mismatch
53093,3806639000020827082,0,1398,1398,1363.95,1398,large_mismatch
53092,3806639000020340533,0,2278.1,2278.1,2392,2278.1,large_mismatch
53091,3806639000020266683,0,1234.05,1234.05,1295.75,1234.05,large_mismatch
53090,3806639000020309408,0,1298,1298,1258.95,1298,large_mismatch
53089,3806639000020266673,0,2497,2497,2517.9,2497,large_mismatch
53088,3806639000020417275,0,1298,1298,1258.95,1298,large_mismatch
53087,3806639000020083624,0,1234.05,1234.05,1295.75,1234.05,large_mismatch
53086,3806639000020083615,0,1234.05,1234.05,1295.75,1234.05,large_mismatch
53085,3806639000019825731,0,1139.05,1139.05,1196,1139.05,large_mismatch
53084,3806639000020231332,0,949.05,949.05,996.5,949.05,large_mismatch
53083,3806639000020314436,0,1398,1398,1363.95,1398,large_mismatch
53082,3806639000020456298,0,2659.05,2659.05,2792,2659.05,large_mismatch
53081,3806639000020340521,0,3397,3397,3462.9,3397,large_mismatch
53080,3806639000020270659,0,1398,1398,1363.95,1398,large_mismatch
53079,3806639000020422300,0,2098,2098,2098.95,2098,large_mismatch
53078,3806639000020083575,0,95,95,99.75,95,small_mismatch
53077,3806639000020310472,0,1139.05,1139.05,1196,1139.05,large_mismatch
53076,3806639000020321528,0,2659.05,2659.05,2792,2659.05,large_mismatch
53075,3806639000020827026,0,1299,1299,1363.95,1299,large_mismatch
53074,3806639000020380348,0,1398,1398,1363.95,1398,large_mismatch
53073,3806639000020314395,0,1298,1298,1258.95,1298,large_mismatch
53072,3806639000020083566,0,1059.32,1059.32,1112.29,1059.32,large_mismatch
53071,3806639000020059466,0,1398,1398,1363.95,1398,large_mismatch
53070,3806639000020083550,0,2526.1,2526.1,2652.39,2526.1,large_mismatch
53069,3806639000020083541,0,1398,1398,1363.95,1398,large_mismatch
53068,3806639000020083533,0,759.05,759.05,797,759.05,large_mismatch
53067,3806639000020111595,0,1147.67,1147.67,1205.05,1147.67,large_mismatch
53066,3806639000020270621,0,56.95,56.95,59.8,56.95,small_mismatch
53065,3806639000020486144,0,1398,1398,1363.95,1398,large_mismatch
53064,3806639000020111586,0,1298,1298,1258.95,1298,large_mismatch
53063,3806639000020382338,0,1234.05,1234.05,1295.75,1234.05,large_mismatch
53062,3806639000020379331,0,1398,1398,1363.95,1398,large_mismatch
53061,3806639000020382328,0,1398,1398,1363.96,1398,large_mismatch
53060,3806639000020340499,0,1139.05,1139.05,1196,1139.05,large_mismatch
53059,3806639000020312293,0,1398,1398,1363.95,1398,large_mismatch
53058,3806639000019825645,0,1082.1,1082.1,1136.21,1082.1,large_mismatch
53057,3806639000020314375,0,1398,1398,1363.95,1398,large_mismatch
53056,3806639000020321510,0,1398,1398,1363.95,1398,large_mismatch
53055,3806639000020231283,0,1333.05,1333.05,1295.75,1333.05,large_mismatch
53054,3806639000020422271,0,1234.05,1234.05,1295.75,1234.05,large_mismatch
53053,3806639000020309377,0,1110.65,1110.65,1166.18,1110.65,large_mismatch
53052,3806639000020263464,0,2597,2597,2622.9,2597,large_mismatch
53051,3806639000020266547,0,1398,1398,1363.95,1398,large_mismatch
53050,3806639000020321502,0,1398,1398,1363.95,1398,large_mismatch
53049,3806639000020059425,0,2098,2098,2098.95,2098,large_mismatch
53048,3806639000020321494,0,1234.05,1234.05,1295.75,1234.05,large_mismatch
53047,3806639000020111569,0,978.12,978.12,923.08,978.12,large_mismatch
53046,3806639000020059410,0,2659.05,2659.05,2792,2659.05,large_mismatch
53045,3806639000020263425,0,1234.05,1234.05,1295.75,1234.05,large_mismatch
53044,3806639000020266520,0,1298,1298,1258.95,1298,large_mismatch
53043,3806639000020380308,0,1059.32,1059.32,1112.29,1059.32,large_mismatch
53042,3806639000020379323,0,1234.05,1234.05,1295.75,1234.05,large_mismatch
53041,3806639000020340412,0,1299,1299,1363.95,1299,large_mismatch
53040,3806639000020800151,0,2098,2098,2098.95,2098,large_mismatch
53039,3806639000020312285,0,1234.05,1234.05,1295.75,1234.05,large_mismatch
53038,3806639000020378507,0,1268.1,1268.1,1227.56,1268.1,large_mismatch
53037,3806639000020111561,0,1268.1,1268.1,1227.56,1268.1,large_mismatch
53036,3806639000020379305,0,3620.58,3620.58,3801.6,3620.58,large_mismatch
53035,3806639000020270536,0,1268.1,1268.1,1227.56,1268.1,large_mismatch
53034,3806639000020380287,0,2098,2098,2098.95,2098,large_mismatch
53033,3806639000020270520,0,2659.05,2659.05,2792,2659.05,large_mismatch
53032,3806639000020321485,0,1234.05,1234.05,1295.75,1234.05,large_mismatch
53030,3806639000020270501,0,1110.65,1110.65,1166.18,1110.65,large_mismatch
53029,3806639000020827008,0,1234.05,1234.05,1295.75,1234.05,large_mismatch
53028,3806639000020561206,0,2526.1,2526.1,2652.39,2526.1,large_mismatch
53027,3806639000019825611,0,3796,3796,3881.85,3796,large_mismatch
53026,3806639000019120999,0,1398,1398,1363.95,1398,large_mismatch
53025,3806639000020270483,0,1398,1398,1363.95,1398,large_mismatch
53024,3806639000020231251,0,1298,1298,1258.95,1298,large_mismatch
53023,3806639000020379284,0,2373.1,2373.1,2491.76,2373.1,large_mismatch
53022,3806639000020382243,0,1147.67,1147.67,1205.05,1147.67,large_mismatch
53021,3806639000020059360,0,1398,1398,1363.95,1398,large_mismatch
53020,3806639000020083494,0,1298,1298,1258.95,1298,large_mismatch
53019,3806639000020486109,0,1082.1,1082.1,1136.21,1082.1,large_mismatch
53018,3806639000020266485,0,2098,2098,2098.95,2098,large_mismatch
53017,3806639000020111502,0,48.76,48.76,51.2,48.76,small_mismatch
53016,3806639000020316258,0,2373.1,2373.1,2491.76,2373.1,large_mismatch
53015,3806639000020486100,0,1234.05,1234.05,1295.75,1234.05,large_mismatch
53014,3806639000020231243,0,1398,1398,1363.95,1398,large_mismatch
53013,3806639000020561155,0,2618.1,2618.1,2645.06,2618.1,large_mismatch
53012,3806639000020266476,0,1139.05,1139.05,1196,1139.05,large_mismatch
53011,3806639000020083476,0,1298,1298,1258.95,1298,large_mismatch
53010,3806639000020321470,0,5297,5297,5561.85,5297,large_mismatch
53009,3806639000019825602,0,56.95,56.95,59.8,56.95,small_mismatch
53008,3806639000020321461,0,1172.35,1172.35,1230.97,1172.35,large_mismatch
53007,3806639000020083468,0,1234.05,1234.05,1295.75,1234.05,large_mismatch
53006,3806639000020321452,0,1298,1298,1258.95,1298,large_mismatch
53004,3806639000020378417,0,1398,1398,1363.95,1398,large_mismatch
53003,3806639000020378409,0,1234.05,1234.05,1295.75,1234.05,large_mismatch
53002,3806639000020231235,0,1234.05,1234.05,1295.75,1234.05,large_mismatch
53001,3806639000020321413,0,1234.05,1234.05,1295.75,1234.05,large_mismatch
53000,3806639000020379236,0,1298,1298,1258.95,1298,large_mismatch
52999,3806639000020340287,0,1398,1398,1363.95,1398,large_mismatch
52998,3806639000020263369,0,1110.65,1110.65,1166.18,1110.65,large_mismatch
52997,3806639000020456156,0,1398,1398,1363.95,1398,large_mismatch
52996,3806639000020378397,0,2898,2898,2938.95,2898,large_mismatch
52995,3806639000020561110,0,2098,2098,2098.95,2098,large_mismatch
52994,3806639000020417161,0,1398,1398,1363.95,1398,large_mismatch
52993,3806639000020083431,0,2898,2898,2938.95,2898,large_mismatch
52992,3806639000020310417,0,1139.05,1139.05,1196,1139.05,large_mismatch
52991,3806639000020083422,0,1298,1298,1258.95,1298,large_mismatch
52990,3806639000020422193,0,1398,1398,1363.95,1398,large_mismatch
52989,3806639000020378349,0,1110.65,1110.65,1166.18,1110.65,large_mismatch
52988,3806639000020419110,0,1398,1398,1363.95,1398,large_mismatch
52987,3806639000020231226,0,1398,1398,1363.95,1398,large_mismatch
52986,3806639000020314231,0,1059.32,1059.32,1112.29,1059.32,large_mismatch
52985,3806639000019753658,0,1298,1298,1258.95,1298,large_mismatch
52984,3806639000020263360,0,1333.05,1333.05,1295.75,1333.05,large_mismatch
52983,3806639000020315440,0,1234.05,1234.05,1295.75,1234.05,large_mismatch
52982,3806639000020059316,0,1899.05,1899.05,1993.99,1899.05,large_mismatch
52981,3806639000020382143,0,1398,1398,1363.95,1398,large_mismatch
52980,3806639000020231216,0,2278.1,2278.1,2392.01,2278.1,large_mismatch
52979,3806639000020419100,0,2098,2098,2098.95,2098,large_mismatch
52978,3806639000020270396,0,1139.05,1139.05,1196,1139.05,large_mismatch
52977,3806639000020059307,0,1398,1398,1363.95,1398,large_mismatch
52976,3806639000020422144,0,2659.05,2659.05,2792,2659.05,large_mismatch
52975,3806639000020379211,0,2098,2098,2098.95,2098,large_mismatch
52974,3806639000020321342,0,1298,1298,1258.95,1298,large_mismatch
52973,3806639000020419090,0,1234.05,1234.05,1295.75,1234.05,large_mismatch
52972,3806639000019825543,0,1139.05,1139.05,1196,1139.05,large_mismatch
52971,3806639000019825534,0,759.05,759.05,797,759.05,large_mismatch
52970,3806639000020321334,0,1398,1398,1363.95,1398,large_mismatch
52969,3806639000019753630,0,1398,1398,1363.95,1398,large_mismatch
52968,3806639000020561068,0,1398,1398,1363.95,1398,large_mismatch
52967,3806639000019120896,0,99.05,99.05,0.04,99.05,small_mismatch
52966,3806639000020231208,0,1139.05,1139.05,1196,1139.05,large_mismatch
52965,3806639000020111456,0,1139.05,1139.05,1196,1139.05,large_mismatch
52964,3806639000020340243,0,1234.05,1234.05,1295.75,1234.05,large_mismatch
52962,3806639000020316230,0,1025.15,1025.15,1076.41,1025.15,large_mismatch
52961,3806639000020419081,0,1398,1398,1363.95,1398,large_mismatch
52960,3806639000019825511,0,1110.65,1110.65,1166.18,1110.65,large_mismatch
52959,3806639000020340203,0,1268.1,1268.1,1227.56,1268.1,large_mismatch
52958,3806639000019753556,0,1139.05,1139.05,1196,1139.05,large_mismatch
52957,3806639000020380163,0,2098,2098,2098.95,2098,large_mismatch
52956,3806639000020315292,0,2898,2898,2938.95,2898,large_mismatch
52955,3806639000020083334,0,1298,1298,1258.95,1298,large_mismatch
52954,3806639000019825503,0,1298,1298,1258.95,1298,large_mismatch
52953,3806639000020310316,0,1234.05,1234.05,1295.75,1234.05,large_mismatch
52952,3806639000020315274,0,1234.05,1234.05,1295.75,1234.05,large_mismatch
52951,3806639000020316221,0,2098,2098,2098.95,2098,large_mismatch
52950,3806639000020422111,0,1899.05,1899.05,1993.99,1899.05,large_mismatch
52949,3806639000020270300,0,842.07,842.07,780.23,842.07,large_mismatch
52948,3806639000020083301,0,2898,2898,2938.95,2898,large_mismatch
52947,3806639000020340193,0,1139.05,1139.05,1196,1139.05,large_mismatch
52946,3806639000020417100,0,1804.1,1804.1,1894.31,1804.1,large_mismatch
52945,3806639000020417091,0,1082.1,1082.1,1136.21,1082.1,large_mismatch
52944,3806639000019120878,0,1298,1298,1258.95,1298,large_mismatch
52943,3806639000020456051,0,1398,1398,1363.95,1398,large_mismatch
52942,3806639000020380123,0,1398,1398,1363.95,1398,large_mismatch
52941,3806639000020379120,0,1147.67,1147.67,1205.05,1147.67,large_mismatch
52940,3806639000020315247,0,2898,2898,2938.95,2898,large_mismatch
52939,3806639000020266384,0,1398,1398,1363.95,1398,large_mismatch
52938,3806639000020309286,0,1234.05,1234.05,1295.75,1234.05,large_mismatch
52937,3806639000020263300,0,1398,1398,1363.95,1398,large_mismatch
52936,3806639000020314174,0,1234.05,1234.05,1295.75,1234.05,large_mismatch
52935,3806639000020314165,0,1238.05,1238.05,1196,1238.05,large_mismatch
52934,3806639000020231147,0,1398,1398,1363.95,1398,large_mismatch
52933,3806639000020378136,0,1082.1,1082.1,1136.21,1082.1,large_mismatch
52932,3806639000019120857,0,1234.05,1234.05,1295.75,1234.05,large_mismatch
52931,3806639000020263292,0,1234.05,1234.05,1295.75,1234.05,large_mismatch
52930,3806639000020316209,0,1899.05,1899.05,1993.99,1899.05,large_mismatch
52929,3806639000020111431,0,1398,1398,1363.96,1398,large_mismatch
52928,3806639000020270282,0,1298,1298,1258.95,1298,large_mismatch
52927,3806639000020378127,0,1172.35,1172.35,1230.97,1172.35,large_mismatch
52926,3806639000020266376,0,1139.05,1139.05,1196,1139.05,large_mismatch
52925,3806639000020310250,0,1398,1398,1363.95,1398,large_mismatch
52924,3806639000020083277,0,2697,2697,2727.9,2697,large_mismatch
52923,3806639000020422058,0,2898,2898,2938.95,2898,large_mismatch
52922,3806639000019825419,0,1238.05,1238.05,1196,1238.05,large_mismatch
52921,3806639000020059241,0,1002.36,1002.36,1052.48,1002.36,large_mismatch
52920,3806639000020263260,0,1398,1398,1363.95,1398,large_mismatch
52919,3806639000020310227,0,1298,1298,1258.95,1298,large_mismatch
52918,3806639000020456004,0,2758.05,2758.05,2792,2758.05,large_mismatch
52917,3806639000020310219,0,1307.07,1307.07,1268.47,1307.07,large_mismatch
52916,3806639000020378118,0,2507.16,2507.16,2632.52,2507.16,large_mismatch
52915,3806639000020419017,0,1899.05,1899.05,1993.99,1899.05,large_mismatch
52914,3806639000020231116,0,82.06,82.06,86.16,82.06,small_mismatch
52913,3806639000020059231,0,2597,2597,2622.9,2597,large_mismatch
52912,3806639000020417059,0,1333.05,1333.05,1295.75,1333.05,large_mismatch
52911,3806639000020310208,0,2098,2098,2098.95,2098,large_mismatch
52910,3806639000019133935,0,1398,1398,1363.95,1398,large_mismatch
52909,3806639000019825385,0,1298,1298,1258.95,1298,large_mismatch
52908,3806639000020417050,0,1139.05,1139.05,1196,1139.05,large_mismatch
52907,3806639000020379083,0,1234.05,1234.05,1295.75,1234.05,large_mismatch
52906,3806639000020340155,0,23.65,23.65,24.83,23.65,small_mismatch
52905,3806639000020378107,0,2597,2597,2622.9,2597,large_mismatch
52904,3806639000020315121,0,1234.05,1234.05,1295.75,1234.05,large_mismatch
52903,3806639000019825363,0,2898,2898,2938.95,2898,large_mismatch
52902,3806639000019825352,0,3042.1,3042.1,3090.26,3042.1,large_mismatch
52901,3806639000020312156,0,2702.07,2702.07,2733.22,2702.07,large_mismatch
52900,3806639000020417034,0,4272.15,4272.15,4485.75,4272.15,large_mismatch
52899,3806639000020315113,0,1147.67,1147.67,1205.05,1147.67,large_mismatch
52898,3806639000020270238,0,1398,1398,1363.96,1398,large_mismatch
52897,3806639000020340120,0,1398,1398,1363.95,1398,large_mismatch
52893,3806639000020418979,0,1299,1299,1299,1299,large_mismatch
52896,3806639000020111381,0,2098,2098,2098.95,2098,large_mismatch
52895,3806639000020083256,0,1139.05,1139.05,1196,1139.05,large_mismatch
52894,3806639000020083247,0,1398,1398,1363.95,1398,large_mismatch
52891,3806639000020266245,0,1398,1398,1363.95,1398,large_mismatch
52892,3806639000020266238,0,1234.05,1234.05,1295.75,1234.05,large_mismatch
52890,3806639000019137934,0,1398,1398,1363.95,1398,large_mismatch
52889,3806639000020111371,0,2373.1,2373.1,2491.76,2373.1,large_mismatch
52888,3806639000019159963,0,1214.07,1214.07,1170.82,1214.07,large_mismatch
52887,3806639000020310160,0,1298,1298,1258.95,1298,large_mismatch
52886,3806639000019130989,0,1298,1298,1258.95,1298,large_mismatch
52885,3806639000019159954,0,1172.35,1172.35,1230.97,1172.35,large_mismatch
52884,3806639000020340113,0,1298,1298,1258.95,1298,large_mismatch
52883,3806639000019120839,0,1139.05,1139.05,1196,1139.05,large_mismatch
52882,3806639000019130970,0,2098,2098,2098.95,2098,large_mismatch
52881,3806639000020321170,0,2659.05,2659.05,2792,2659.05,large_mismatch
52880,3806639000020309237,0,1898,1898,1888.95,1898,large_mismatch
52879,3806639000020321137,0,3893.1,3893.1,4087.76,3893.1,large_mismatch
52878,3806639000020270198,0,2098,2098,2098.95,2098,large_mismatch
52877,3806639000020083219,0,1398,1398,1363.95,1398,large_mismatch
52876,3806639000020314080,0,3098,3098,3148.95,3098,large_mismatch
52875,3806639000019120829,0,1398,1398,1363.95,1398,large_mismatch
52874,3806639000019133908,0,2898,2898,2938.95,2898,large_mismatch
52873,3806639000020417010,0,1234.05,1234.05,1295.75,1234.05,large_mismatch
52872,3806639000020263190,0,1147.67,1147.67,1205.05,1147.67,large_mismatch
52871,3806639000020340104,0,1139.05,1139.05,1196,1139.05,large_mismatch
52870,3806639000020309225,0,1899.05,1899.05,1993.99,1899.05,large_mismatch
52869,3806639000020316091,0,1234.05,1234.05,1295.75,1234.05,large_mismatch
52868,3806639000020380029,0,1298,1298,1258.95,1298,large_mismatch
52867,3806639000020111300,0,1234.05,1234.05,1295.75,1234.05,large_mismatch
52866,3806639000020315079,0,1398,1398,1363.95,1398,large_mismatch
52865,3806639000020315072,0,1398,1398,1363.95,1398,large_mismatch
52864,3806639000019159945,0,1234.05,1234.05,1295.75,1234.05,large_mismatch
52863,3806639000019159936,0,1298,1298,1258.95,1298,large_mismatch
52862,3806639000019159928,0,1234.05,1234.05,1295.75,1234.05,large_mismatch
52861,3806639000019120816,0,2898,2898,2938.96,2898,large_mismatch
52860,3806639000019242977,0,1082.1,1082.1,1136.21,1082.1,large_mismatch
52859,3806639000020382019,0,1234.05,1234.05,1295.75,1234.05,large_mismatch
52858,3806639000020314073,0,1139.05,1139.05,1196,1139.05,large_mismatch
52857,3806639000020340094,0,1234.05,1234.05,1295.75,1234.05,large_mismatch
52856,3806639000020309206,0,1398,1398,1363.95,1398,large_mismatch
52855,3806639000020083185,0,1398,1398,1363.95,1398,large_mismatch
52854,3806639000020314064,0,1234.05,1234.05,1295.75,1234.05,large_mismatch
52853,3806639000020309185,0,1398,1398,1363.96,1398,large_mismatch
52852,3806639000020314055,0,1398,1398,1363.95,1398,large_mismatch
52851,3806639000020263172,0,1398,1398,1363.95,1398,large_mismatch
52850,3806639000019137896,0,2373.1,2373.1,2491.76,2373.1,large_mismatch
52849,3806639000020382001,0,1234.05,1234.05,1295.75,1234.05,large_mismatch
52848,3806639000019159909,0,1398,1398,1363.95,1398,large_mismatch
52847,3806639000020111212,0,1398,1398,1363.95,1398,large_mismatch
52846,3806639000020309164,0,1899.05,1899.05,1993.99,1899.05,large_mismatch
52845,3806639000020266177,0,1298,1298,1258.95,1298,large_mismatch
52844,3806639000019133900,0,1298,1298,1258.95,1298,large_mismatch
52843,3806639000019126996,0,1298,1298,1258.95,1298,large_mismatch
52842,3806639000019133892,0,1898,1898,1888.95,1898,large_mismatch
52841,3806639000019753388,0,2506.33,2506.33,2631.65,2506.33,large_mismatch
52840,3806639000019126987,0,1139.05,1139.05,1196,1139.05,large_mismatch
52839,3806639000020378006,0,2098,2098,2098.95,2098,large_mismatch
52838,3806639000019825265,0,1234.05,1234.05,1295.75,1234.05,large_mismatch
52837,3806639000019132976,0,1398,1398,1363.95,1398,large_mismatch
52836,3806639000020266167,0,2098,2098,2098.95,2098,large_mismatch
52835,3806639000019137824,0,1298,1298,1258.95,1298,large_mismatch
52834,3806639000019120808,0,1234.05,1234.05,1295.75,1234.05,large_mismatch
52833,3806639000019143989,0,1298,1298,1258.96,1298,large_mismatch
52832,3806639000020111204,0,1234.05,1234.05,1295.75,1234.05,large_mismatch
52831,3806639000019159849,0,5122.53,5122.53,5378.64,5122.53,large_mismatch
52830,3806639000020111172,0,3098,3098,3148.96,3098,large_mismatch
52829,3806639000020340049,0,1398,1398,1363.95,1398,large_mismatch
52828,3806639000020059184,0,1172.35,1172.35,1230.97,1172.35,large_mismatch
52827,3806639000019120798,0,3097,3097,3147.9,3097,large_mismatch
52826,3806639000020312084,0,1234.05,1234.05,1295.75,1234.05,large_mismatch
52825,3806639000019133868,0,1139.05,1139.05,1196,1139.05,large_mismatch
52824,3806639000020111138,0,1709.15,1709.15,1794.6,1709.15,large_mismatch
52823,3806639000020231073,0,1234.05,1234.05,1295.75,1234.05,large_mismatch
52822,3806639000019133859,0,1398,1398,1363.95,1398,large_mismatch
52821,3806639000020059174,0,1139.05,1139.05,1196.01,1139.05,large_mismatch
52820,3806639000019133844,0,2472.92,2472.92,2596.58,2472.92,large_mismatch
52819,3806639000020263149,0,1398,1398,1363.95,1398,large_mismatch
52818,3806639000020083162,0,1307.07,1307.07,1268.47,1307.07,large_mismatch
52817,3806639000019753327,0,1398,1398,1363.95,1398,large_mismatch
52816,3806639000019130895,0,1298,1298,1258.95,1298,large_mismatch
52815,3806639000019825243,0,1234.05,1234.05,1295.75,1234.05,large_mismatch
52814,3806639000020059165,0,1139.05,1139.05,1196,1139.05,large_mismatch
52813,3806639000020270135,0,1147.67,1147.67,1205.05,1147.67,large_mismatch
52812,3806639000019242822,0,1398,1398,1363.95,1398,large_mismatch
52811,3806639000019120783,0,2659.05,2659.05,2792,2659.05,large_mismatch
52810,3806639000020309086,0,1398,1398,1363.95,1398,large_mismatch
52809,3806639000020111113,0,1238.05,1238.05,1196,1238.05,large_mismatch
52808,3806639000019120774,0,1025.15,1025.15,1076.41,1025.15,large_mismatch
52807,3806639000019138958,0,1139.05,1139.05,1196,1139.05,large_mismatch
52806,3806639000020263141,0,1808.05,1808.05,1794.5,1808.05,large_mismatch
52805,3806639000019130884,0,2898,2898,2938.95,2898,large_mismatch
52804,3806639000020310057,0,1299,1299,1363.95,1299,large_mismatch
52803,3806639000020263110,0,1234.05,1234.05,1295.75,1234.05,large_mismatch
52802,3806639000019138945,0,2898,2898,2938.95,2898,large_mismatch
52801,3806639000020263072,0,5304.21,5304.21,5465.47,5304.21,large_mismatch
52800,3806639000019138919,0,1772.07,1772.07,1756.72,1772.07,large_mismatch
52799,3806639000019142979,0,2898,2898,2938.95,2898,large_mismatch
52798,3806639000020111104,0,1234.05,1234.05,1295.75,1234.05,large_mismatch
52797,3806639000020083153,0,1234.05,1234.05,1295.75,1234.05,large_mismatch
52796,3806639000019142970,0,1398,1398,1363.95,1398,large_mismatch
52795,3806639000020059146,0,1398,1398,1363.95,1398,large_mismatch
52794,3806639000019130875,0,1398,1398,1363.95,1398,large_mismatch
52793,3806639000019242784,0,2260.19,2260.19,2373.21,2260.19,large_mismatch
52792,3806639000020312004,0,2659.05,2659.05,2792,2659.05,large_mismatch
52791,3806639000020083144,0,1398,1398,1363.95,1398,large_mismatch
52790,3806639000020231064,0,1298,1298,1258.95,1298,large_mismatch
52789,3806639000019126908,0,1139.05,1139.05,1196,1139.05,large_mismatch
52788,3806639000020309027,0,1268.1,1268.1,1227.56,1268.1,large_mismatch
52787,3806639000020263043,0,1147.67,1147.67,1205.05,1147.67,large_mismatch
52786,3806639000019125977,0,2339.96,2339.96,2456.97,2339.96,large_mismatch
52785,3806639000020266041,0,1398,1398,1363.95,1398,large_mismatch
52784,3806639000020263034,0,1398,1398,1363.95,1398,large_mismatch
52783,3806639000019138884,0,1234.05,1234.05,1295.75,1234.05,large_mismatch
52782,3806639000020270058,0,1398,1398,1363.95,1398,large_mismatch
52781,3806639000019133776,0,2898,2898,2938.95,2898,large_mismatch
52780,3806639000020059114,0,1298,1298,1258.95,1298,large_mismatch
52779,3806639000019131997,0,1025.15,1025.15,1076.41,1025.15,large_mismatch
52778,3806639000019142899,0,1234.05,1234.05,1295.75,1234.05,large_mismatch
52777,3806639000020263026,0,1234.05,1234.05,1295.75,1234.05,large_mismatch
52776,3806639000019113986,0,1398,1398,1363.95,1398,large_mismatch
52775,3806639000019825224,0,1398,1398,1363.95,1398,large_mismatch
52774,3806639000019167980,0,1139.05,1139.05,1196,1139.05,large_mismatch
52773,3806639000019137758,0,1298,1298,1258.95,1298,large_mismatch
52772,3806639000020266018,0,1398,1398,1363.95,1398,large_mismatch
52771,3806639000019131978,0,1298,1298,1258.95,1298,large_mismatch
52770,3806639000020266011,0,1139.05,1139.05,1196,1139.05,large_mismatch
52769,3806639000019168979,0,1234.05,1234.05,1295.75,1234.05,large_mismatch
52768,3806639000019137734,0,1298,1298,1258.95,1298,large_mismatch
52767,3806639000019132879,0,1059.32,1059.32,1112.29,1059.32,large_mismatch
52766,3806639000019132867,0,2278.1,2278.1,2392.01,2278.1,large_mismatch
52765,3806639000020059083,0,1139.05,1139.05,1196,1139.05,large_mismatch
52764,3806639000019126851,0,1398,1398,1363.95,1398,large_mismatch
52763,3806639000019134907,0,1298,1298,1258.95,1298,large_mismatch
52762,3806639000020111073,0,1398,1398,1363.95,1398,large_mismatch
52761,3806639000019130854,0,1298,1298,1258.95,1298,large_mismatch
52760,3806639000019131933,0,1139.05,1139.05,1196,1139.05,large_mismatch
52759,3806639000019132858,0,1298,1298,1258.95,1298,large_mismatch
52758,3806639000020111066,0,1398,1398,1363.95,1398,large_mismatch
52757,3806639000020111058,0,1298,1298,1258.95,1298,large_mismatch
52756,3806639000019242673,0,1234.05,1234.05,1295.75,1234.05,large_mismatch
52755,3806639000019137726,0,1298,1298,1258.95,1298,large_mismatch
52754,3806639000019242660,0,2799,2799,2938.95,2799,large_mismatch
52753,3806639000020111050,0,1709.05,1709.05,1794.5,1709.05,large_mismatch
52752,3806639000020083075,0,1709.05,1709.05,1794.5,1709.05,large_mismatch
52751,3806639000019125964,0,1899.05,1899.05,1993.99,1899.05,large_mismatch
52750,3806639000019140963,0,1398,1398,1363.95,1398,large_mismatch
52749,3806639000019113967,0,2098,2098,2098.95,2098,large_mismatch
52748,3806639000019132844,0,2526.1,2526.1,2652.39,2526.1,large_mismatch
52747,3806639000019124851,0,1298,1298,1258.95,1298,large_mismatch
52746,3806639000019242652,0,1398,1398,1363.95,1398,large_mismatch
52745,3806639000019126785,0,2197,2197,2202.9,2197,large_mismatch
52744,3806639000019133728,0,1234.05,1234.05,1295.75,1234.05,large_mismatch
52743,3806639000019242634,0,1234.05,1234.05,1295.75,1234.05,large_mismatch
52742,3806639000019121940,0,1199,1199,1258.96,1318.9,large_mismatch
52741,3806639000019753209,0,1398,1398,1363.95,1398,large_mismatch
52740,3806639000019138850,0,1808.05,1808.05,1794.5,1808.05,large_mismatch
52739,3806639000019131851,0,2697,2697,2727.9,2697,large_mismatch
52737,3806639000019168913,0,1899.05,1899.05,1994,1899.05,large_mismatch
52736,3806639000019126763,0,1234.05,1234.05,1295.75,1234.05,large_mismatch
52735,3806639000020111041,0,1238.05,1238.05,1196,1238.05,large_mismatch
52734,3806639000020111028,0,2898,2898,2938.95,2898,large_mismatch
52733,3806639000019126754,0,1298,1298,1258.95,1298,large_mismatch
52731,3806639000019138827,0,1234.05,1234.05,1295.75,1234.05,large_mismatch
52730,3806639000019113897,0,2497,2497,2517.9,2497,large_mismatch
52729,3806639000019125918,0,1398,1398,1363.95,1398,large_mismatch
52728,3806639000019159687,0,2799,2799,2938.95,2799,large_mismatch
52727,3806639000019138818,0,1298,1298,1258.95,1298,large_mismatch
52726,3806639000020083034,0,1398,1398,1363.95,1398,large_mismatch
52725,3806639000019197759,0,2898,2898,2938.95,2898,large_mismatch
52724,3806639000020111004,0,1398,1398,1363.95,1398,large_mismatch
52723,3806639000019140878,0,1398,1398,1363.95,1398,large_mismatch
52722,3806639000019127994,0,2017.13,2017.13,2117.99,2017.13,large_mismatch
52721,3806639000019130846,0,1110.65,1110.65,1166.18,1110.65,large_mismatch
52720,3806639000019825168,0,1234.05,1234.05,1295.75,1234.05,large_mismatch
52719,3806639000019142828,0,1398,1398,1363.95,1398,large_mismatch
52718,3806639000019142820,0,1298,1298,1258.95,1298,large_mismatch
52717,3806639000019139986,0,705.92,705.92,741.22,705.92,large_mismatch
52716,3806639000019825157,0,1999,1999,2098.95,2098.95,large_mismatch
52715,3806639000019167897,0,1709.05,1709.05,1794.5,1709.05,large_mismatch
52714,3806639000019119870,0,1139.05,1139.05,1196,1139.05,large_mismatch
52713,3806639000019168889,0,1234.05,1234.05,1295.75,1234.05,large_mismatch
52712,3806639000019137666,0,1298,1298,1258.95,1298,large_mismatch
52711,3806639000019140870,0,1234.05,1234.05,1295.75,1234.05,large_mismatch
52710,3806639000019120639,0,1234.05,1234.05,1295.75,1234.05,large_mismatch
52709,3806639000020059010,0,1398,1398,1363.95,1398,large_mismatch
52708,3806639000019168880,0,1398,1398,1363.95,1398,large_mismatch
52707,3806639000019142797,0,1234.05,1234.05,1295.75,1234.05,large_mismatch
52706,3806639000019142784,0,1998.05,1998.05,1993.99,1998.05,large_mismatch
52705,3806639000019133662,0,1147.67,1147.67,1205.05,1147.67,large_mismatch
52704,3806639000019113868,0,2098,2098,2098.95,2098,large_mismatch
52703,3806639000019130820,0,2098,2098,2098.95,2098,large_mismatch
52702,3806639000019139957,0,1139.05,1139.05,1196,1139.05,large_mismatch
52701,3806639000019159639,0,1298,1298,1258.95,1298,large_mismatch
52700,3806639000019242591,0,1298,1298,1258.95,1298,large_mismatch
52699,3806639000019167873,0,1234.05,1234.05,1295.75,1234.05,large_mismatch
52698,3806639000019134851,0,1298,1298,1258.95,1298,large_mismatch
52697,3806639000019121868,0,1234.05,1234.05,1295.75,1234.05,large_mismatch
52696,3806639000019113855,0,1147.67,1147.67,1205.05,1147.67,large_mismatch
52695,3806639000019113846,0,1298,1298,1258.95,1298,large_mismatch
52694,3806639000019825117,0,1398,1398,1363.96,1398,large_mismatch
52693,3806639000019134843,0,1234.05,1234.05,1295.75,1234.05,large_mismatch
52692,3806639000019753164,0,2659.05,2659.05,2792,2659.05,large_mismatch
52691,3806639000019825108,0,2597,2597,2622.9,2597,large_mismatch
52690,3806639000019140851,0,2597,2597,2622.9,2597,large_mismatch
52689,3806639000019142725,0,2758.05,2758.05,2792,2758.05,large_mismatch
52688,3806639000019138766,0,2659.05,2659.05,2792.01,2659.05,large_mismatch
52687,3806639000019131814,0,3098,3098,3148.95,3098,large_mismatch
52686,3806639000019168872,0,1234.05,1234.05,1295.75,1234.05,large_mismatch
52685,3806639000019242583,0,1398,1398,1363.95,1398,large_mismatch
52684,3806639000019120601,0,2659.05,2659.05,2792,2659.05,large_mismatch
52683,3806639000019121844,0,1139.05,1139.05,1196,1139.05,large_mismatch
52682,3806639000019140816,0,1899.05,1899.05,1993.99,1899.05,large_mismatch
52681,3806639000019131806,0,1398,1398,1363.95,1398,large_mismatch
52680,3806639000019133653,0,1234.05,1234.05,1295.75,1234.05,large_mismatch
52679,3806639000019165913,0,1398,1398,1363.95,1398,large_mismatch
52678,3806639000019143840,0,2098,2098,2098.95,2098,large_mismatch
52677,3806639000019143832,0,1398,1398,1363.95,1398,large_mismatch
52676,3806639000019134811,0,1147.67,1147.67,1205.05,1147.67,large_mismatch
52675,3806639000019165905,0,1398,1398,1363.95,1398,large_mismatch
52674,3806639000019825044,0,1398,1398,1363.95,1398,large_mismatch
52673,3806639000019124694,0,1234.05,1234.05,1295.75,1234.05,large_mismatch
52672,3806639000019134802,0,1398,1398,1363.95,1398,large_mismatch
52671,3806639000019165886,0,2098,2098,2098.95,2098,large_mismatch
52670,3806639000019143823,0,1298,1298,1258.95,1298,large_mismatch
52669,3806639000019123807,0,2098,2098,2098.95,2098,large_mismatch
52668,3806639000019120592,0,1139.05,1139.05,1196,1139.05,large_mismatch
52667,3806639000019121785,0,2898,2898,2938.95,2898,large_mismatch
52666,3806639000019143808,0,2659.05,2659.05,2792,2659.05,large_mismatch
52665,3806639000019167769,0,1298,1298,1258.95,1298,large_mismatch
52664,3806639000019132654,0,2659.05,2659.05,2792,2659.05,large_mismatch
52663,3806639000019825010,0,1398,1398,1363.95,1398,large_mismatch
52662,3806639000019123798,0,1398,1398,1363.95,1398,large_mismatch
52661,3806639000019143790,0,1398,1398,1363.95,1398,large_mismatch
52660,3806639000019167746,0,3098,3098,3148.95,3098,large_mismatch
52659,3806639000019127833,0,1398,1398,1363.95,1398,large_mismatch
52658,3806639000019133644,0,1234.05,1234.05,1295.75,1234.05,large_mismatch
52657,3806639000019124660,0,898,898,838.95,898,large_mismatch
52656,3806639000019137626,0,1398,1398,1363.95,1398,large_mismatch
52655,3806639000019165822,0,1799,1799,1888.95,1799,large_mismatch
52654,3806639000019143782,0,1234.05,1234.05,1295.75,1234.05,large_mismatch
52653,3806639000019130751,0,1147.67,1147.67,1205.05,1147.67,large_mismatch
52652,3806639000019242548,0,1899.05,1899.05,1993.99,1899.05,large_mismatch
52651,3806639000019167738,0,1298,1298,1258.95,1298,large_mismatch
52650,3806639000019139939,0,1298,1298,1258.95,1298,large_mismatch
52649,3806639000019168782,0,1048.94,1048.94,1101.39,1048.94,large_mismatch
52648,3806639000019134774,0,2659.05,2659.05,2792,2659.05,large_mismatch
52647,3806639000019121760,0,1234.05,1234.05,1295.75,1234.05,large_mismatch
52646,3806639000019119761,0,2088.33,2088.33,2192.75,2088.33,large_mismatch
52645,3806639000019242524,0,1398,1398,1363.95,1398,large_mismatch
52644,3806639000019159583,0,1082.1,1082.1,1136.21,1082.1,large_mismatch
52643,3806639000019125745,0,1898,1898,1888.95,1898,large_mismatch
52642,3806639000019168773,0,898,898,838.95,898,large_mismatch
52641,3806639000019126657,0,2597,2597,2622.9,2597,large_mismatch
52640,3806639000019133620,0,1139.05,1139.05,1196,1139.05,large_mismatch
52639,3806639000019138741,0,1139.05,1139.05,1196,1139.05,large_mismatch
52638,3806639000019753090,0,2597,2597,2622.9,2597,large_mismatch
52637,3806639000019137593,0,1139.05,1139.05,1196,1139.05,large_mismatch
52636,3806639000019142676,0,1398,1398,1363.95,1398,large_mismatch
52635,3806639000019159570,0,2898,2898,2938.95,2898,large_mismatch
52634,3806639000019131799,0,1298,1298,1258.95,1298,large_mismatch
52633,3806639000019139901,0,1298,1298,1258.95,1298,large_mismatch
52632,3806639000019131791,0,1172.35,1172.35,1230.97,1172.35,large_mismatch
52631,3806639000019121723,0,1234.05,1234.05,1295.75,1234.05,large_mismatch
52630,3806639000019137577,0,2659.05,2659.05,2792,2659.05,large_mismatch
52629,3806639000019125728,0,1139.05,1139.05,1196,1139.05,large_mismatch
52628,3806639000019134721,0,5232.7,5232.7,5494.34,5232.7,large_mismatch
52627,3806639000019134713,0,1298,1298,1258.95,1298,large_mismatch
52626,3806639000019130705,0,1333.05,1333.05,1295.75,1333.05,large_mismatch
52625,3806639000019126639,0,1398,1398,1363.95,1398,large_mismatch
52624,3806639000019121714,0,1398,1398,1363.95,1398,large_mismatch
52623,3806639000019197619,0,1234.05,1234.05,1295.75,1234.05,large_mismatch
52622,3806639000019139869,0,1234.05,1234.05,1295.75,1234.05,large_mismatch
52621,3806639000019168740,0,1139.05,1139.05,1196,1139.05,large_mismatch
52620,3806639000019124614,0,1398,1398,1363.95,1398,large_mismatch
52619,3806639000019134701,0,2898,2898,2938.95,2898,large_mismatch
52618,3806639000019124607,0,1398,1398,1363.95,1398,large_mismatch
52617,3806639000019126631,0,1234.05,1234.05,1295.75,1234.05,large_mismatch
52616,3806639000019139843,0,2098,2098,2098.95,2098,large_mismatch
52615,3806639000019124599,0,1298,1298,1258.95,1298,large_mismatch
52614,3806639000019168730,0,2098,2098,2098.95,2098,large_mismatch
52613,3806639000019121696,0,1234.05,1234.05,1295.75,1234.05,large_mismatch
52612,3806639000019123754,0,1398,1398,1363.95,1398,large_mismatch
52611,3806639000019167712,0,1898,1898,1888.95,1898,large_mismatch
52610,3806639000019132590,0,1172.35,1172.35,1230.97,1172.35,large_mismatch
52609,3806639000019134688,0,1899.05,1899.05,1994,1899.05,large_mismatch
52608,3806639000019138732,0,759.05,759.05,797,759.05,large_mismatch
52607,3806639000019113776,0,1398,1398,1363.95,1398,large_mismatch
52606,3806639000019167691,0,2697,2697,2727.9,2697,large_mismatch
52605,3806639000019167683,0,1398,1398,1363.95,1398,large_mismatch
52604,3806639000019165704,0,1398,1398,1363.95,1398,large_mismatch
52603,3806639000019126607,0,1234.05,1234.05,1295.75,1234.05,large_mismatch
52602,3806639000019132563,0,1398,1398,1363.95,1398,large_mismatch
52601,3806639000019135934,0,1298,1298,1258.95,1298,large_mismatch
52600,3806639000019142628,0,1172.35,1172.35,1230.97,1172.35,large_mismatch
52599,3806639000019167660,0,1172.35,1172.35,1230.97,1172.35,large_mismatch
52598,3806639000019137557,0,2098,2098,2098.95,2098,large_mismatch
52597,3806639000019135911,0,1709.05,1709.05,1794.5,1709.05,large_mismatch
52596,3806639000019131759,0,1298,1298,1258.95,1298,large_mismatch
52595,3806639000019135902,0,1139.05,1139.05,1196,1139.05,large_mismatch
52594,3806639000019113759,0,1398,1398,1363.95,1398,large_mismatch
52593,3806639000019137546,0,2278.1,2278.1,2392.01,2278.1,large_mismatch
52592,3806639000019121673,0,2898,2898,2938.95,2898,large_mismatch
52591,3806639000019143724,0,1139.05,1139.05,1196,1139.05,large_mismatch
52590,3806639000019131747,0,1899.05,1899.05,1993.99,1899.05,large_mismatch
52589,3806639000019167650,0,1139.05,1139.05,1196.01,1139.05,large_mismatch
52588,3806639000019143715,0,1298,1298,1258.95,1298,large_mismatch
52587,3806639000019167637,0,1899.05,1899.05,1993.99,1899.05,large_mismatch
52586,3806639000019133566,0,2659.05,2659.05,2792.01,2659.05,large_mismatch
52585,3806639000019131707,0,1298,1298,1258.95,1298,large_mismatch
52584,3806639000019135857,0,1139.05,1139.05,1196,1139.05,large_mismatch
52583,3806639000019120527,0,1234.05,1234.05,1295.75,1234.05,large_mismatch
52582,3806639000019167628,0,1808.05,1808.05,1794.5,1808.05,large_mismatch
52581,3806639000019143707,0,1139.05,1139.05,1196,1139.05,large_mismatch
52580,3806639000019124513,0,1503.96,1503.96,1579.16,1503.96,large_mismatch
52579,3806639000019165686,0,978.12,978.12,923.08,978.12,large_mismatch
52578,3806639000019121636,0,5196,5196,5351.85,5196,large_mismatch
52577,3806639000019123678,0,1398,1398,1363.95,1398,large_mismatch
52576,3806639000019120518,0,1398,1398,1363.95,1398,large_mismatch
52575,3806639000019168664,0,1333.05,1333.05,1295.75,1333.05,large_mismatch
52574,3806639000019134624,0,1139.05,1139.05,1196,1139.05,large_mismatch
52573,3806639000019126572,0,2898,2898,2938.95,2898,large_mismatch
52572,3806639000019132494,0,1139.05,1139.05,1196,1139.05,large_mismatch
52571,3806639000019120510,0,1234.05,1234.05,1295.75,1234.05,large_mismatch
52570,3806639000019167596,0,1298,1298,1258.95,1298,large_mismatch
52569,3806639000019197610,0,1398,1398,1363.95,1398,large_mismatch
52568,3806639000019143696,0,2254.44,2254.44,2367.16,2254.44,large_mismatch
52567,3806639000019137527,0,1398,1398,1363.95,1398,large_mismatch
52566,3806639000019138638,0,1398,1398,1363.95,1398,large_mismatch
52565,3806639000019123666,0,2898,2898,2938.95,2898,large_mismatch
52564,3806639000019138630,0,1298,1298,1258.95,1298,large_mismatch
52563,3806639000019127590,0,1299,1299,1363.95,1299,large_mismatch
52562,3806639000019134606,0,1398,1398,1363.95,1398,large_mismatch
52561,3806639000019140609,0,1234.05,1234.05,1295.75,1234.05,large_mismatch
52560,3806639000019140600,0,1299,1299,1363.95,1299,large_mismatch
52559,3806639000019143686,0,1234.05,1234.05,1295.75,1234.05,large_mismatch
52558,3806639000019168606,0,2088.33,2088.33,2192.75,2088.33,large_mismatch
52557,3806639000019126550,0,2278.1,2278.1,2392,2278.1,large_mismatch
52556,3806639000019113662,0,2098,2098,2098.95,2098,large_mismatch
52555,3806639000019124487,0,2098,2098,2098.95,2098,large_mismatch
52554,3806639000019123646,0,1234.05,1234.05,1295.75,1234.05,large_mismatch
52553,3806639000019138603,0,2898,2898,2938.95,2898,large_mismatch
52552,3806639000019113643,0,1147.67,1147.67,1205.05,1147.67,large_mismatch
52551,3806639000019126516,0,1298,1298,1258.95,1298,large_mismatch
52550,3806639000019124469,0,1059.32,1059.32,1112.28,1059.32,large_mismatch
52549,3806639000019242468,0,1899.05,1899.05,1993.99,1899.05,large_mismatch
52548,3806639000019143662,0,1172.35,1172.35,1230.97,1172.35,large_mismatch
52547,3806639000019131638,0,1139.05,1139.05,1196,1139.05,large_mismatch
52546,3806639000019168597,0,1398,1398,1363.95,1398,large_mismatch
52545,3806639000019159510,0,1234.05,1234.05,1295.75,1234.05,large_mismatch
52544,3806639000019140515,0,1234.05,1234.05,1295.75,1234.05,large_mismatch
52542,3806639000019165645,0,1082.1,1082.1,1136.21,1082.1,large_mismatch
52541,3806639000019137485,0,1199,1199,1258.95,1258.95,large_mismatch
52540,3806639000019168574,0,2098,2098,2098.95,2098,large_mismatch
52539,3806639000019139731,0,1298,1298,1258.95,1298,large_mismatch
52538,3806639000019134596,0,2795.94,2795.94,2935.74,2795.94,large_mismatch
52537,3806639000019168555,0,1139.05,1139.05,1196,1139.05,large_mismatch
52536,3806639000019139723,0,1139.05,1139.05,1196,1139.05,large_mismatch
52535,3806639000019131615,0,1998.05,1998.05,1993.99,1998.05,large_mismatch
52534,3806639000019139710,0,2898,2898,2938.95,2898,large_mismatch
52533,3806639000019137462,0,2649.62,2649.62,2782.1,2649.62,large_mismatch
52532,3806639000019131606,0,1333.05,1333.05,1295.75,1333.05,large_mismatch
52531,3806639000019121562,0,1234.05,1234.05,1295.75,1234.05,large_mismatch
52530,3806639000019133548,0,1398,1398,1363.95,1398,large_mismatch
52529,3806639000019121553,0,1709.05,1709.05,1794.5,1709.05,large_mismatch
52528,3806639000019133536,0,1899.05,1899.05,1993.99,1899.05,large_mismatch
52527,3806639000019131597,0,1298,1298,1258.95,1298,large_mismatch
52526,3806639000019124416,0,2849.05,2849.05,2991.5,2849.05,large_mismatch
52525,3806639000019137453,0,1398,1398,1363.95,1398,large_mismatch
52524,3806639000019140488,0,3798,3798,3987.9,3798,large_mismatch
52523,3806639000019165613,0,1234.05,1234.05,1295.75,1234.05,large_mismatch
52522,3806639000019123568,0,1398,1398,1363.95,1398,large_mismatch
52521,3806639000019125530,0,1899.05,1899.05,1993.99,1899.05,large_mismatch
52520,3806639000019119646,0,1110.65,1110.65,1166.18,1110.65,large_mismatch
52519,3806639000019113621,0,1234.05,1234.05,1295.75,1234.05,large_mismatch
52518,3806639000019165595,0,1059.32,1059.32,1112.29,1059.32,large_mismatch
52517,3806639000019168478,0,1234.05,1234.05,1295.75,1234.05,large_mismatch
52516,3806639000019130494,0,1139.05,1139.05,1196,1139.05,large_mismatch
52515,3806639000019126487,0,1139.05,1139.05,1196,1139.05,large_mismatch
52514,3806639000019125517,0,2278.1,2278.1,2392,2278.1,large_mismatch
52513,3806639000019165586,0,1398,1398,1363.95,1398,large_mismatch
52512,3806639000019130485,0,1298,1298,1258.95,1298,large_mismatch
52511,3806639000019132441,0,2898,2898,2938.95,2898,large_mismatch
52510,3806639000019121509,0,1298,1298,1258.95,1298,large_mismatch
52509,3806639000019131518,0,1398,1398,1363.95,1398,large_mismatch
52508,3806639000019130469,0,1398,1398,1363.95,1398,large_mismatch
52507,3806639000019126479,0,1298,1298,1258.95,1298,large_mismatch
52506,3806639000019123546,0,3996,3996,4091.85,3996,large_mismatch
52505,3806639000019167530,0,2898,2898,2938.95,2898,large_mismatch
52504,3806639000019166949,0,1025.15,1025.15,1076.41,1025.15,large_mismatch
52503,3806639000019166933,0,2659.05,2659.05,2792,2659.05,large_mismatch
52502,3806639000019132432,0,1298,1298,1258.95,1298,large_mismatch
52501,3806639000019133474,0,1398,1398,1363.95,1398,large_mismatch
52500,3806639000019166922,0,2088.33,2088.33,2192.75,2088.33,large_mismatch
52499,3806639000019135732,0,2659.05,2659.05,2792,2659.05,large_mismatch
52498,3806639000019130462,0,132.7,132.7,139.34,132.7,large_mismatch
52497,3806639000019168420,0,4344.69,4344.69,4561.94,4344.69,large_mismatch
52496,3806639000019134557,0,1398,1398,1363.95,1398,large_mismatch
52495,3806639000019159476,0,1398,1398,1363.95,1398,large_mismatch
52494,3806639000019165524,0,1139.05,1139.05,1196,1139.05,large_mismatch
52493,3806639000019159462,0,2659.05,2659.05,2792,2659.05,large_mismatch
52492,3806639000019197452,0,1085.96,1085.96,1140.26,1085.96,large_mismatch
52491,3806639000019130430,0,3098,3098,3148.95,3098,large_mismatch
52490,3806639000019127468,0,1398,1398,1363.95,1398,large_mismatch
52489,3806639000019142468,0,1298,1298,1258.95,1298,large_mismatch
52488,3806639000019126471,0,1398,1398,1363.95,1398,large_mismatch
52487,3806639000019132398,0,1234.05,1234.05,1295.75,1234.05,large_mismatch
52486,3806639000019138410,0,569,569,597.45,569,large_mismatch
52485,3806639000019197443,0,1082.1,1082.1,1136.21,1082.1,large_mismatch
52484,3806639000019139628,0,1398,1398,1363.95,1398,large_mismatch
52483,3806639000019132389,0,1398,1398,1363.95,1398,large_mismatch
52482,3806639000019197433,0,1234.05,1234.05,1295.75,1234.05,large_mismatch
52481,3806639000019197424,0,1234.05,1234.05,1295.75,1234.05,large_mismatch
52480,3806639000019113566,0,1147.67,1147.67,1205.05,1147.67,large_mismatch
52479,3806639000019140467,0,1139.05,1139.05,1196,1139.05,large_mismatch
52478,3806639000019125433,0,1172.35,1172.35,1230.97,1172.35,large_mismatch
52477,3806639000019113557,0,1025.15,1025.15,1076.41,1025.15,large_mismatch
52476,3806639000019121462,0,1398,1398,1363.95,1398,large_mismatch
52474,3806639000019168383,0,2898,2898,2938.95,2898,large_mismatch
52472,3806639000019139605,0,1398,1398,1363.95,1398,large_mismatch
52471,3806639000019197405,0,1398,1398,1363.95,1398,large_mismatch
52470,3806639000019139597,0,1199,1199,1258.95,1199,large_mismatch
52469,3806639000019124294,0,2597,2597,2622.9,2597,large_mismatch
52468,3806639000019159451,0,1234.05,1234.05,1295.75,1234.05,large_mismatch
52467,3806639000019123523,0,2497,2497,2517.9,2497,large_mismatch
52466,3806639000019127445,0,1172.35,1172.35,1230.97,1172.35,large_mismatch
52465,3806639000019130393,0,1234.05,1234.05,1295.75,1234.05,large_mismatch
52464,3806639000019165434,0,1172.35,1172.35,1230.97,1172.35,large_mismatch
52463,3806639000019137378,0,1234.05,1234.05,1295.75,1234.05,large_mismatch
52462,3806639000019197375,0,1398,1398,1363.95,1398,large_mismatch
52461,3806639000019113480,0,1234.05,1234.05,1295.75,1234.05,large_mismatch
52460,3806639000019113471,0,1307.07,1307.07,1268.47,1307.07,large_mismatch
52459,3806639000019134441,0,1398,1398,1363.95,1398,large_mismatch
52458,3806639000019143474,0,1234.05,1234.05,1295.75,1234.05,large_mismatch
52457,3806639000019138369,0,1398,1398,1363.95,1398,large_mismatch
52456,3806639000019165415,0,1298,1298,1258.95,1298,large_mismatch
52455,3806639000019123513,0,2098,2098,2098.95,2098,large_mismatch
52454,3806639000019142438,0,2098,2098,2098.95,2098,large_mismatch
52453,3806639000019113445,0,1398,1398,1363.95,1398,large_mismatch
52452,3806639000019140408,0,1234.05,1234.05,1295.75,1234.05,large_mismatch
52451,3806639000019113404,0,2206.98,2206.98,2317.33,2206.98,large_mismatch
52450,3806639000019167430,0,1298,1298,1258.95,1298,large_mismatch
52449,3806639000019125340,0,1299,1299,1363.95,1299,large_mismatch
52448,3806639000019143464,0,2197,2197,2202.9,2197,large_mismatch
52447,3806639000019166807,0,1298,1298,1258.95,1298,large_mismatch
52446,3806639000019242354,0,2525.19,2525.19,2651.45,2525.19,large_mismatch
52445,3806639000019126444,0,1899.05,1899.05,1993.99,1899.05,large_mismatch
52444,3806639000019139520,0,1398,1398,1363.95,1398,large_mismatch
52443,3806639000019131365,0,1234.05,1234.05,1295.75,1234.05,large_mismatch
52442,3806639000019131357,0,1709.05,1709.05,1794.5,1709.05,large_mismatch
52441,3806639000019159428,0,1298,1298,1258.95,1298,large_mismatch
52440,3806639000019121375,0,1082.1,1082.1,1136.21,1082.1,large_mismatch
52439,3806639000019135654,0,1172.35,1172.35,1230.97,1172.35,large_mismatch
52438,3806639000019137369,0,1234.05,1234.05,1295.75,1234.05,large_mismatch
52437,3806639000019197326,0,1139.05,1139.05,1196,1139.05,large_mismatch
52436,3806639000019113386,0,1333.05,1333.05,1295.75,1333.05,large_mismatch
52435,3806639000019167412,0,2597,2597,2622.9,2597,large_mismatch
52434,3806639000019166799,0,1298,1298,1258.95,1298,large_mismatch
52433,3806639000019134378,0,1398,1398,1363.95,1398,large_mismatch
52432,3806639000019120387,0,2526.1,2526.1,2652.39,2526.1,large_mismatch
52431,3806639000019167404,0,1398,1398,1363.95,1398,large_mismatch
52430,3806639000019168348,0,2849.05,2849.05,2991.5,2849.05,large_mismatch
52429,3806639000019138328,0,1139.05,1139.05,1196,1139.05,large_mismatch
52428,3806639000019127307,0,1234.05,1234.05,1295.75,1234.05,large_mismatch
52427,3806639000019166746,0,1298,1298,1258.95,1298,large_mismatch
52426,3806639000019130285,0,1298,1298,1258.95,1298,large_mismatch
52425,3806639000019159329,0,1398,1398,1363.96,1398,large_mismatch
52424,3806639000019123442,0,1234.05,1234.05,1295.75,1234.05,large_mismatch
52423,3806639000019121351,0,2098,2098,2098.95,2098,large_mismatch
52422,3806639000019197318,0,1298,1298,1258.95,1298,large_mismatch
52421,3806639000019134361,0,1298,1298,1258.95,1298,large_mismatch
52420,3806639000019242315,0,1234.05,1234.05,1295.75,1234.05,large_mismatch
52419,3806639000019132308,0,1172.35,1172.35,1230.97,1172.35,large_mismatch
52418,3806639000019126405,0,1025.15,1025.15,1076.41,1025.15,large_mismatch
52417,3806639000019165304,0,2758.05,2758.05,2792,2758.05,large_mismatch
52416,3806639000019137293,0,1147.67,1147.67,1205.05,1147.67,large_mismatch
52415,3806639000019135574,0,1398,1398,1363.95,1398,large_mismatch
52414,3806639000019131317,0,2898,2898,2938.95,2898,large_mismatch
52413,3806639000019132299,0,1398,1398,1363.95,1398,large_mismatch
52412,3806639000019135558,0,56.95,56.95,59.8,56.95,small_mismatch
52411,3806639000019132291,0,1268.1,1268.1,1227.56,1268.1,large_mismatch
52410,3806639000019143335,0,1298,1298,1258.95,1298,large_mismatch
52409,3806639000019131308,0,1398,1398,1363.95,1398,large_mismatch
52408,3806639000019167387,0,1398,1398,1363.95,1398,large_mismatch
52407,3806639000019142329,0,1804.1,1804.1,1894.31,1804.1,large_mismatch
52406,3806639000019242306,0,1234.05,1234.05,1295.75,1234.05,large_mismatch
52405,3806639000019123409,0,1398,1398,1363.95,1398,large_mismatch
52404,3806639000019113337,0,2898,2898,2938.95,2898,large_mismatch
52403,3806639000019159314,0,2702.07,2702.07,2733.22,2702.07,large_mismatch
52402,3806639000019165295,0,1234.05,1234.05,1295.75,1234.05,large_mismatch
52401,3806639000019113312,0,2260.19,2260.19,2373.21,2260.19,large_mismatch
52400,3806639000019166670,0,3042.1,3042.1,3090.26,3042.1,large_mismatch
52399,3806639000019166659,0,2098,2098,2098.95,2098,large_mismatch
52398,3806639000019125318,0,1398,1398,1363.95,1398,large_mismatch
52397,3806639000019126389,0,2702.07,2702.07,2733.22,2702.07,large_mismatch
52396,3806639000019165286,0,2649.62,2649.62,2782.1,2649.62,large_mismatch
52395,3806639000019125311,0,1709.05,1709.05,1794.5,1709.05,large_mismatch
52394,3806639000019133315,0,1398,1398,1363.96,1398,large_mismatch
52393,3806639000019125303,0,1234.05,1234.05,1295.75,1234.05,large_mismatch
52392,3806639000019130275,0,2098,2098,2098.95,2098,large_mismatch
52391,3806639000019168283,0,2898,2898,2938.95,2898,large_mismatch
52390,3806639000019134324,0,2098,2098,2098.95,2098,large_mismatch
52389,3806639000019166225,0,475,475,498.75,475,large_mismatch
52388,3806639000019165241,0,2898,2898,2938.96,2898,large_mismatch
52387,3806639000019165232,0,1298,1298,1258.95,1298,large_mismatch
52386,3806639000019166192,0,1298,1298,1258.95,1298,large_mismatch
52385,3806639000019121307,0,1398,1398,1363.95,1398,large_mismatch
52384,3806639000019123386,0,1398,1398,1363.95,1398,large_mismatch
52383,3806639000019121300,0,1298,1298,1258.95,1298,large_mismatch
52382,3806639000019133308,0,1299,1299,1363.95,1363.95,large_mismatch
52381,3806639000019125258,0,1398,1398,1363.96,1398,large_mismatch
52380,3806639000019197284,0,1398,1398,1363.96,1398,large_mismatch
52379,3806639000019123378,0,1025.15,1025.15,1076.41,1025.15,large_mismatch
52378,3806639000019119453,0,1147.67,1147.67,1205.05,1147.67,large_mismatch
52377,3806639000019126343,0,1298,1298,1258.95,1298,large_mismatch
52376,3806639000019133300,0,1298,1298,1258.95,1298,large_mismatch
52375,3806639000019125240,0,1298,1298,1258.95,1298,large_mismatch
52374,3806639000019143326,0,2098,2098,2098.95,2098,large_mismatch
52373,3806639000019138250,0,2898,2898,2938.95,2898,large_mismatch
52372,3806639000019167319,0,1298,1298,1258.95,1298,large_mismatch
52371,3806639000019142242,0,1298,1298,1258.95,1298,large_mismatch
52370,3806639000019121292,0,1234.05,1234.05,1295.75,1234.05,large_mismatch
52369,3806639000019197261,0,2098,2098,2098.95,2098,large_mismatch
52368,3806639000019165209,0,1709.05,1709.05,1794.5,1709.05,large_mismatch
52367,3806639000019197252,0,1298,1298,1258.95,1298,large_mismatch
52366,3806639000019138240,0,2597,2597,2622.9,2597,large_mismatch
52365,3806639000019166184,0,1298,1298,1258.95,1298,large_mismatch
52364,3806639000019165187,0,1298,1298,1258.95,1298,large_mismatch
52363,3806639000019138232,0,1234.05,1234.05,1295.75,1234.05,large_mismatch
52362,3806639000019123349,0,1298,1298,1258.95,1298,large_mismatch
52361,3806639000019113221,0,2098,2098,2098.96,2098,large_mismatch
52360,3806639000019123340,0,1398,1398,1363.96,1398,large_mismatch
52359,3806639000019126299,0,2098,2098,2098.95,2098,large_mismatch
52358,3806639000019132222,0,1398,1398,1363.95,1398,large_mismatch
52357,3806639000019167296,0,1298,1298,1258.95,1298,large_mismatch
52356,3806639000019125223,0,898,898,838.95,898,large_mismatch
52355,3806639000019142199,0,1398,1398,1363.95,1398,large_mismatch
52354,3806639000019142191,0,1398,1398,1363.95,1398,large_mismatch
52353,3806639000019124206,0,2098,2098,2098.95,2098,large_mismatch
52352,3806639000019197229,0,1234.05,1234.05,1295.75,1234.05,large_mismatch
52351,3806639000019126290,0,1234.05,1234.05,1295.75,1234.05,large_mismatch
52350,3806639000019139389,0,1147.67,1147.67,1205.05,1147.67,large_mismatch
52349,3806639000019131200,0,1147.67,1147.67,1205.05,1147.67,large_mismatch
52348,3806639000019127220,0,2098,2098,2098.95,2098,large_mismatch
52347,3806639000019138215,0,1234.05,1234.05,1295.75,1234.05,large_mismatch
52346,3806639000019126281,0,1398,1398,1363.95,1398,large_mismatch
52345,3806639000019113197,0,1398,1398,1363.95,1398,large_mismatch
52344,3806639000019134314,0,1299,1299,1363.95,1299,large_mismatch
52343,3806639000019121248,0,1234.05,1234.05,1295.75,1234.05,large_mismatch
52342,3806639000019135481,0,1898,1898,1888.95,1898,large_mismatch
52341,3806639000019139354,0,1398,1398,1363.95,1398,large_mismatch
52340,3806639000019126273,0,1398,1398,1363.95,1398,large_mismatch
52339,3806639000019120280,0,1139.05,1139.05,1196,1139.05,large_mismatch
52338,3806639000019124193,0,2799,2799,2938.95,2799,large_mismatch
52337,3806639000019168220,0,2849.05,2849.05,2991.5,2849.05,large_mismatch
52336,3806639000019165151,0,1139.05,1139.05,1196,1139.05,large_mismatch
52335,3806639000019165142,0,1398,1398,1363.95,1398,large_mismatch
52334,3806639000019134302,0,1899.05,1899.05,1993.99,1899.05,large_mismatch
52333,3806639000019127185,0,1139.05,1139.05,1196,1139.05,large_mismatch
52332,3806639000019119337,0,1025.15,1025.15,1076.41,1025.15,large_mismatch
52331,3806639000019197213,0,2659.05,2659.05,2792,2659.05,large_mismatch
52330,3806639000019166142,0,1898,1898,1888.95,1898,large_mismatch
52329,3806639000019125207,0,1398,1398,1363.95,1398,large_mismatch
52328,3806639000019130179,0,1139.05,1139.05,1196,1139.05,large_mismatch
52327,3806639000019137213,0,1899.05,1899.05,1993.99,1899.05,large_mismatch
52326,3806639000019131167,0,1398,1398,1363.96,1398,large_mismatch
52325,3806639000019138197,0,1298,1298,1258.95,1298,large_mismatch
52324,3806639000019142183,0,1298,1298,1258.95,1298,large_mismatch
52323,3806639000019119296,0,1298,1298,1258.95,1298,large_mismatch
52322,3806639000019166134,0,1709.05,1709.05,1794.5,1709.05,large_mismatch
52321,3806639000019119288,0,1234.05,1234.05,1295.75,1234.05,large_mismatch
52320,3806639000019119279,0,1898,1898,1888.95,1898,large_mismatch
52319,3806639000019131159,0,1139.05,1139.05,1196,1139.05,large_mismatch
52318,3806639000019133233,0,2098,2098,2098.95,2098,large_mismatch
52317,3806639000019125199,0,1398,1398,1363.95,1398,large_mismatch
52316,3806639000019133224,0,1398,1398,1363.95,1398,large_mismatch
52315,3806639000019134277,0,2597,2597,2622.9,2597,large_mismatch
52314,3806639000019137203,0,3097,3097,3147.9,3097,large_mismatch
52313,3806639000019120220,0,1298,1298,1258.95,1298,large_mismatch
52312,3806639000019138185,0,3512.15,3512.15,3687.76,3512.15,large_mismatch
52311,3806639000019132184,0,1898.1,1898.1,1993.01,1898.1,large_mismatch
52310,3806639000019135440,0,1234.05,1234.05,1295.75,1234.05,large_mismatch
52309,3806639000019140293,0,1139.05,1139.05,1196,1139.05,large_mismatch
52308,3806639000019134270,0,1589.42,1589.42,1668.89,1589.42,large_mismatch
52307,3806639000019197193,0,2597,2597,2622.9,2597,large_mismatch
52306,3806639000019165130,0,1766.12,1766.12,1854.43,1766.12,large_mismatch
52305,3806639000019135406,0,1333.05,1333.05,1295.75,1333.05,large_mismatch
52304,3806639000019125191,0,1298,1298,1258.95,1298,large_mismatch
52303,3806639000019140284,0,1298,1298,1258.95,1298,large_mismatch
52302,3806639000019159220,0,1139.05,1139.05,1196,1139.05,large_mismatch
52301,3806639000019159211,0,1398,1398,1363.95,1398,large_mismatch
52300,3806639000019166102,0,1234.05,1234.05,1295.75,1234.05,large_mismatch
52299,3806639000019143201,0,1298,1298,1258.95,1298,large_mismatch
52298,3806639000019123282,0,3796,3796,3881.85,3796,large_mismatch
52297,3806639000019165111,0,1398,1398,1363.95,1398,large_mismatch
52296,3806639000019131140,0,1709.05,1709.05,1794.5,1709.05,large_mismatch
52295,3806639000019159196,0,2339.96,2339.96,2456.97,2339.96,large_mismatch
52294,3806639000019168146,0,1025.15,1025.15,1076.41,1025.15,large_mismatch
52293,3806639000019126197,0,1614.19,1614.19,1694.89,1614.19,large_mismatch
52292,3806639000019168137,0,1298,1298,1258.95,1298,large_mismatch
52291,3806639000019123264,0,1172.35,1172.35,1230.97,1172.35,large_mismatch
52290,3806639000019119256,0,1234.05,1234.05,1295.75,1234.05,large_mismatch
52289,3806639000019197144,0,2597,2597,2622.9,2597,large_mismatch
52288,3806639000019166093,0,1139.05,1139.05,1196,1139.05,large_mismatch
52287,3806639000019125171,0,1082.1,1082.1,1136.21,1082.1,large_mismatch
52286,3806639000019138152,0,1139.05,1139.05,1196,1139.05,large_mismatch
52285,3806639000019139280,0,2098,2098,2098.95,2098,large_mismatch
52284,3806639000019168114,0,1298,1298,1258.95,1298,large_mismatch
52283,3806639000019123218,0,2848.1,2848.1,2990.51,2848.1,large_mismatch
52282,3806639000019121179,0,1110.65,1110.65,1166.19,1110.65,large_mismatch
52281,3806639000019143153,0,1298,1298,1258.95,1298,large_mismatch
52280,3806639000019126181,0,2526.1,2526.1,2652.39,2526.1,large_mismatch
52279,3806639000019137195,0,1333.05,1333.05,1295.75,1333.05,large_mismatch
52278,3806639000019121170,0,1234.05,1234.05,1295.75,1234.05,large_mismatch
52277,3806639000019126172,0,1234.05,1234.05,1295.75,1234.05,large_mismatch
52276,3806639000019134218,0,2098,2098,2098.95,2098,large_mismatch
52275,3806639000019135338,0,1139.05,1139.05,1196,1139.05,large_mismatch
52274,3806639000019120110,0,1899.05,1899.05,1993.99,1899.05,large_mismatch
52273,3806639000019137171,0,1172.35,1172.35,1230.97,1172.35,large_mismatch
52272,3806639000019242148,0,1139.05,1139.05,1196,1139.05,large_mismatch
52271,3806639000019131108,0,1398,1398,1363.95,1398,large_mismatch
52270,3806639000019138123,0,1082.1,1082.1,1136.21,1082.1,large_mismatch
52269,3806639000019133167,0,1234.05,1234.05,1295.75,1234.05,large_mismatch
52268,3806639000019142152,0,1139.05,1139.05,1196,1139.05,large_mismatch
52267,3806639000019124104,0,5222.15,5222.15,5483.25,5222.15,large_mismatch
52266,3806639000019166084,0,1234.05,1234.05,1295.75,1234.05,large_mismatch
52265,3806639000019159109,0,1298,1298,1258.95,1298,large_mismatch
52264,3806639000019121130,0,1398,1398,1363.95,1398,large_mismatch
52263,3806639000019142143,0,1398,1398,1363.95,1398,large_mismatch
52262,3806639000019197108,0,1899.05,1899.05,1993.99,1899.05,large_mismatch
52261,3806639000019126142,0,4097,4097,4197.9,4097,large_mismatch
52260,3806639000019120094,0,2393.15,2393.15,2512.82,2393.15,large_mismatch
52259,3806639000019132134,0,2898,2898,2938.95,2898,large_mismatch
52257,3806639000019119208,0,2898,2898,2938.95,2898,large_mismatch
52256,3806639000019168106,0,1234.05,1234.05,1295.75,1234.05,large_mismatch
52255,3806639000019121122,0,1172.35,1172.35,1230.97,1172.35,large_mismatch
52254,3806639000019142133,0,2098,2098,2098.95,2098,large_mismatch
52253,3806639000019123141,0,1139.05,1139.05,1196,1139.05,large_mismatch
52252,3806639000019125157,0,1614.19,1614.19,1694.89,1614.19,large_mismatch
52251,3806639000019134154,0,1772.07,1772.07,1756.72,1772.07,large_mismatch
52250,3806639000019124093,0,2098,2098,2098.95,2098,large_mismatch
52249,3806639000019132122,0,1899.05,1899.05,1993.99,1899.05,large_mismatch
52248,3806639000019123126,0,2472.92,2472.92,2596.58,2472.92,large_mismatch
52247,3806639000019165038,0,1936.38,1936.38,2033.2,1936.38,large_mismatch
52246,3806639000019113092,0,1298,1298,1258.95,1298,large_mismatch
52245,3806639000019168096,0,2498,2498,2622.9,2498,large_mismatch
52244,3806639000019123117,0,1398,1398,1363.95,1398,large_mismatch
52243,3806639000019165029,0,1234.05,1234.05,1295.75,1234.05,large_mismatch
52242,3806639000019134108,0,2373.1,2373.1,2491.76,2373.1,large_mismatch
52241,3806639000019133131,0,2098,2098,2098.95,2098,large_mismatch
52240,3806639000019139180,0,1298,1298,1258.95,1298,large_mismatch
52239,3806639000019119152,0,2898,2898,2938.95,2898,large_mismatch
52238,3806639000019124084,0,1234.05,1234.05,1295.75,1234.05,large_mismatch
52237,3806639000019113084,0,1898,1898,1888.95,1898,large_mismatch
52236,3806639000019131076,0,1139.05,1139.05,1196,1139.05,large_mismatch
52235,3806639000019133122,0,1082.1,1082.1,1136.21,1082.1,large_mismatch
52234,3806639000019142064,0,2659.05,2659.05,2792,2659.05,large_mismatch
52233,3806639000019242088,0,1234.05,1234.05,1295.75,1234.05,large_mismatch
52232,3806639000019133113,0,1298,1298,1258.95,1298,large_mismatch
52231,3806639000019123067,0,1234.05,1234.05,1295.75,1234.05,large_mismatch
52230,3806639000019125095,0,1139.05,1139.05,1196,1139.05,large_mismatch
52229,3806639000019119124,0,2098,2098,2098.95,2098,large_mismatch
52228,3806639000019124068,0,2659.05,2659.05,2792,2659.05,large_mismatch
52227,3806639000019138068,0,1298,1298,1258.95,1298,large_mismatch
52226,3806639000019135174,0,1234.05,1234.05,1295.75,1234.05,large_mismatch
52225,3806639000019140087,0,1298,1298,1258.95,1298,large_mismatch
52224,3806639000019142055,0,1298,1298,1258.95,1298,large_mismatch
52223,3806639000019168053,0,2898,2898,2938.95,2898,large_mismatch
52222,3806639000019166026,0,2597,2597,2622.9,2597,large_mismatch
52221,3806639000019126110,0,1398,1398,1363.95,1398,large_mismatch
52220,3806639000019138037,0,1234.05,1234.05,1295.75,1234.05,large_mismatch
52219,3806639000019135150,0,1147.67,1147.67,1205.05,1147.67,large_mismatch
52218,3806639000019168044,0,1398,1398,1363.95,1398,large_mismatch
52217,3806639000019135139,0,2098,2098,2098.95,2098,large_mismatch
52216,3806639000019113035,0,1234.05,1234.05,1295.75,1234.05,large_mismatch
52215,3806639000019197002,0,1398,1398,1363.95,1398,large_mismatch
52214,3806639000019135113,0,1082.1,1082.1,1136.21,1082.1,large_mismatch
52213,3806639000019113026,0,1234.05,1234.05,1295.75,1234.05,large_mismatch
52212,3806639000019140079,0,1298,1298,1258.95,1298,large_mismatch
52211,3806639000019165020,0,1333.05,1333.05,1295.75,1333.05,large_mismatch
52210,3806639000019167064,0,1333.05,1333.05,1295.75,1333.05,large_mismatch
52209,3806639000019137057,0,1298,1298,1258.95,1298,large_mismatch
52208,3806639000019124026,0,1139.05,1139.05,1196,1139.05,large_mismatch
52206,3806639000019131050,0,2278.1,2278.1,2392.01,2278.1,large_mismatch
52205,3806639000019121029,0,1298,1298,1258.95,1298,large_mismatch
52204,3806639000019168011,0,2898,2898,2938.95,2898,large_mismatch
52203,3806639000019143034,0,2373.1,2373.1,2491.76,2373.1,large_mismatch
52202,3806639000019168002,0,1298,1298,1258.95,1298,large_mismatch
52201,3806639000019165003,0,1139.05,1139.05,1196,1139.05,large_mismatch
52200,3806639000019131041,0,1298,1298,1258.95,1298,large_mismatch
52199,3806639000019121021,0,1234.05,1234.05,1295.75,1234.05,large_mismatch
52198,3806639000019125037,0,1234.05,1234.05,1295.75,1234.05,large_mismatch
52197,3806639000019134012,0,2898,2898,2938.95,2898,large_mismatch
52196,3806639000019121012,0,1085.96,1085.96,1140.26,1085.96,large_mismatch
52195,3806639000019113017,0,1398,1398,1363.95,1398,large_mismatch
52194,3806639000019134003,0,1234.05,1234.05,1295.75,1234.05,large_mismatch
52193,3806639000019126010,0,2497,2497,2517.9,2497,large_mismatch
52192,3806639000019130002,0,1898,1898,1888.95,1898,large_mismatch
52191,3806639000019124017,0,1298,1298,1258.95,1298,large_mismatch
52190,3806639000019124010,0,1298,1298,1258.95,1298,large_mismatch
52189,3806639000019123016,0,1398,1398,1363.95,1398,large_mismatch
52188,3806639000019124002,0,1398,1398,1363.96,1398,large_mismatch
52187,3806639000019120002,0,1398,1398,1363.95,1398,large_mismatch
52186,3806639000018662213,0,2849.05,2849.05,2991.5,2849.05,large_mismatch
52185,3806639000018652658,0,1139.05,1139.05,1196,1139.05,large_mismatch
52184,3806639000018736221,0,1298,1298,1258.95,1298,large_mismatch
52183,3806639000018732361,0,1298,1298,1258.95,1298,large_mismatch
52182,3806639000018698414,0,1398,1398,1363.95,1398,large_mismatch
52181,3806639000018708139,0,1234.05,1234.05,1295.75,1234.05,large_mismatch
52180,3806639000018699172,0,2898,2898,2938.95,2898,large_mismatch
52179,3806639000018722171,0,1298,1298,1258.95,1298,large_mismatch
52178,3806639000018730183,0,1398,1398,1363.95,1398,large_mismatch
52177,3806639000018660178,0,1139.05,1139.05,1196,1139.05,large_mismatch
52176,3806639000018662204,0,1234.05,1234.05,1295.75,1234.05,large_mismatch
52175,3806639000018721334,0,1298,1298,1258.95,1298,large_mismatch
52174,3806639000018664256,0,1398,1398,1363.95,1398,large_mismatch
52173,3806639000018733187,0,1139.05,1139.05,1196.01,1139.05,large_mismatch
52172,3806639000018752190,0,2098,2098,2098.95,2098,large_mismatch
52171,3806639000018772143,0,1234.05,1234.05,1295.75,1234.05,large_mismatch
52170,3806639000018721295,0,1298,1298,1258.95,1298,large_mismatch
52169,3806639000018667305,0,1139.05,1139.05,1196,1139.05,large_mismatch
52168,3806639000018665108,0,1147.67,1147.67,1205.05,1147.67,large_mismatch
52167,3806639000018691119,0,1899.05,1899.05,1993.99,1899.05,large_mismatch
52166,3806639000018652637,0,1398,1398,1363.95,1398,large_mismatch
52165,3806639000018732290,0,1082.1,1082.1,1136.21,1082.1,large_mismatch
52164,3806639000018661131,0,1139.05,1139.05,1196,1139.05,large_mismatch
52163,3806639000018736183,0,3796,3796,3881.85,3796,large_mismatch
52162,3806639000018736176,0,1139.05,1139.05,1196,1139.05,large_mismatch
52161,3806639000018663127,0,1398,1398,1363.95,1398,large_mismatch
52160,3806639000018806165,0,1298,1298,1258.95,1298,large_mismatch
52159,3806639000018772124,0,4957.29,4957.29,5205.14,4957.29,large_mismatch
52158,3806639000018721213,0,1804.1,1804.1,1894.31,1804.1,large_mismatch
52157,3806639000018730108,0,2706.6,2706.6,2841.93,2706.6,large_mismatch
52156,3806639000018719189,0,1234.05,1234.05,1295.75,1234.05,large_mismatch
52155,3806639000018736166,0,2597,2597,2622.9,2597,large_mismatch
52154,3806639000018806123,0,1398,1398,1363.96,1398,large_mismatch
52153,3806639000018708100,0,1172.35,1172.35,1230.97,1172.35,large_mismatch
52152,3806639000018730100,0,1234.05,1234.05,1295.75,1234.05,large_mismatch
52151,3806639000018722123,0,1139.05,1139.05,1196,1139.05,large_mismatch
52150,3806639000018724130,0,1234.05,1234.05,1295.75,1234.05,large_mismatch
52149,3806639000018737113,0,1398,1398,1363.95,1398,large_mismatch
52148,3806639000018698378,0,2898,2898,2938.96,2898,large_mismatch
52147,3806639000018662108,0,2278.1,2278.1,2392.01,2278.1,large_mismatch
52146,3806639000018665083,0,3133.1,3133.1,3289.74,3133.1,large_mismatch
52145,3806639000018708087,0,2898,2898,2938.95,2898,large_mismatch
52144,3806639000018721192,0,1234.05,1234.05,1295.75,1234.05,large_mismatch
52143,3806639000018652625,0,1899.05,1899.05,1993.99,1899.05,large_mismatch
52142,3806639000018731097,0,1234.05,1234.05,1295.75,1234.05,large_mismatch
52141,3806639000018663079,0,1709.05,1709.05,1794.5,1709.05,large_mismatch
52140,3806639000018662093,0,2886.19,2886.19,3030.5,2886.19,large_mismatch
52139,3806639000018698328,0,2088.33,2088.33,2192.75,2088.33,large_mismatch
52138,3806639000018737082,0,1298,1298,1258.95,1298,large_mismatch
52137,3806639000018736120,0,1623.6,1623.6,1704.78,1623.6,large_mismatch
52136,3806639000018663066,0,2898,2898,2938.95,2898,large_mismatch
52135,3806639000018730081,0,1398,1398,1363.95,1398,large_mismatch
52134,3806639000018663057,0,1299,1299,1363.95,1299,large_mismatch
52133,3806639000018661099,0,1234.05,1234.05,1295.75,1234.05,large_mismatch
52132,3806639000018666185,0,1398,1398,1363.95,1398,large_mismatch
52131,3806639000018665048,0,1178.1,1178.1,1133.06,1178.1,large_mismatch
52130,3806639000018691066,0,1398,1398,1363.95,1398,large_mismatch
52129,3806639000018736112,0,1299,1299,1363.95,1299,large_mismatch
52128,3806639000018698278,0,1268.1,1268.1,1227.56,1268.1,large_mismatch
52127,3806639000018708078,0,1398,1398,1363.95,1398,large_mismatch
52126,3806639000018806092,0,1398,1398,1363.95,1398,large_mismatch
52125,3806639000018752111,0,1398,1398,1363.95,1398,large_mismatch
52124,3806639000018662079,0,2898,2898,2938.95,2898,large_mismatch
52123,3806639000018698265,0,1804.1,1804.1,1894.31,1804.1,large_mismatch
52122,3806639000018722086,0,898,898,838.96,898,large_mismatch
52121,3806639000018737074,0,1398,1398,1363.95,1398,large_mismatch
52120,3806639000018662071,0,1398,1398,1363.95,1398,large_mismatch
52119,3806639000018691049,0,1234.05,1234.05,1295.75,1234.05,large_mismatch
52118,3806639000018664177,0,2898,2898,2938.95,2898,large_mismatch
52117,3806639000018652490,0,1398,1398,1363.95,1398,large_mismatch
52116,3806639000018732203,0,1898,1898,1888.95,1898,large_mismatch
52115,3806639000018772091,0,1298,1298,1258.95,1298,large_mismatch
52114,3806639000018733087,0,1589.42,1589.42,1668.89,1589.42,large_mismatch
52113,3806639000018719122,0,1298,1298,1258.95,1298,large_mismatch
52112,3806639000018724036,0,1234.05,1234.05,1295.75,1234.05,large_mismatch
52111,3806639000018698241,0,968.19,968.19,1016.6,968.19,large_mismatch
52110,3806639000018722069,0,1298,1298,1258.95,1298,large_mismatch
52109,3806639000018772083,0,1139.05,1139.05,1196,1139.05,large_mismatch
52108,3806639000018691039,0,1234.05,1234.05,1295.75,1234.05,large_mismatch
52107,3806639000018666152,0,3098,3098,3148.95,3098,large_mismatch
52106,3806639000018731056,0,1398,1398,1363.95,1398,large_mismatch
52105,3806639000018719099,0,1298,1298,1258.95,1298,large_mismatch
50648,3806639000018722060,0,1298,1298,1258.95,1298,large_mismatch
52104,3806639000018652464,0,2278.1,2278.1,2392.01,2278.1,large_mismatch
52103,3806639000018732101,0,1398,1398,1363.95,1398,large_mismatch
52102,3806639000018698222,0,1307.07,1307.07,1268.47,1307.07,large_mismatch
52101,3806639000018723066,0,1139.05,1139.05,1196,1139.05,large_mismatch
52100,3806639000018722052,0,1298,1298,1258.95,1298,large_mismatch
52099,3806639000018731028,0,1298,1298,1258.95,1298,large_mismatch
52098,3806639000018664122,0,4748.1,4748.1,4985.49,4748.1,large_mismatch
52097,3806639000018732094,0,1139.05,1139.05,1196,1139.05,large_mismatch
52096,3806639000018806035,0,799,799,838.95,799,large_mismatch
52095,3806639000018719091,0,1139.05,1139.05,1196,1139.05,large_mismatch
52094,3806639000018661075,0,1234.05,1234.05,1295.75,1234.05,large_mismatch
52093,3806639000018661066,0,1299,1299,1363.95,1299,large_mismatch
52092,3806639000018662016,0,1203.15,1203.15,1159.36,1203.15,large_mismatch
52091,3806639000018732075,0,1234.05,1234.05,1295.75,1234.05,large_mismatch
52090,3806639000018806027,0,1234.05,1234.05,1295.75,1234.05,large_mismatch
52089,3806639000018667068,0,1398,1398,1363.95,1398,large_mismatch
52088,3806639000018663027,0,1398,1398,1363.95,1398,large_mismatch
52087,3806639000018664094,0,1899.05,1899.05,1993.99,1899.05,large_mismatch
52086,3806639000018733065,0,1139.05,1139.05,1196,1139.05,large_mismatch
52085,3806639000018732036,0,1002.36,1002.36,1052.48,1002.36,large_mismatch
52084,3806639000018730038,0,1234.05,1234.05,1295.75,1234.05,large_mismatch
52083,3806639000018665027,0,2098,2098,2098.95,2098,large_mismatch
52082,3806639000018731011,0,1234.05,1234.05,1295.75,1234.05,large_mismatch
52081,3806639000018699032,0,1234.05,1234.05,1295.75,1234.05,large_mismatch
52080,3806639000018721031,0,1139.05,1139.05,1196,1139.05,large_mismatch
52079,3806639000018752001,0,1298,1298,1258.95,1298,large_mismatch
52078,3806639000018733012,0,2898,2898,2938.95,2898,large_mismatch
52077,3806639000018721022,0,1110.65,1110.65,1166.18,1110.65,large_mismatch
52076,3806639000018666026,0,3797.28,3797.28,3987.14,3797.28,large_mismatch
52075,3806639000018660005,0,2849.05,2849.05,2991.5,2849.05,large_mismatch
52074,3806639000018736002,0,1298,1298,1258.95,1298,large_mismatch
52073,3806639000018732002,0,1398,1398,1363.95,1398,large_mismatch
52072,3806639000018731002,0,1898,1898,1888.95,1898,large_mismatch
52071,3806639000018723002,0,1298,1298,1258.95,1298,large_mismatch
52070,3806639000018664048,0,1298,1298,1258.95,1298,large_mismatch
52069,3806639000018720002,0,1139.05,1139.05,1196,1139.05,large_mismatch
52068,3806639000018661048,0,1398,1398,1363.95,1398,large_mismatch
52067,3806639000018698002,0,100,100,1.05,100,small_mismatch
52066,3806639000018691003,0,1172.35,1172.35,1230.97,1172.35,large_mismatch
52065,3806639000018665003,0,1234.05,1234.05,1295.75,1234.05,large_mismatch
52064,3806639000018662003,0,2898,2898,2938.95,2898,large_mismatch
52063,3806639000018474282,0,1398,1398,1363.95,1398,large_mismatch
52062,3806639000018473138,0,2098,2098,2098.95,2098,large_mismatch
52061,3806639000018466258,0,1398,1398,1363.95,1398,large_mismatch
52060,3806639000018456254,0,1398,1398,1363.95,1398,large_mismatch
52059,3806639000018472148,0,1398,1398,1363.95,1398,large_mismatch
52058,3806639000018456242,0,2898,2898,2938.95,2898,large_mismatch
52057,3806639000018471280,0,2898,2898,2938.95,2898,large_mismatch
52056,3806639000018477231,0,1234.05,1234.05,1295.75,1234.05,large_mismatch
52055,3806639000018467279,0,1398,1398,1363.95,1398,large_mismatch
52054,3806639000018457225,0,1398,1398,1363.95,1398,large_mismatch
52053,3806639000018468249,0,1139.05,1139.05,1196,1139.05,large_mismatch
52052,3806639000018534152,0,2373.1,2373.1,2491.76,2373.1,large_mismatch
52051,3806639000018467246,0,1333.05,1333.05,1295.75,1333.05,large_mismatch
52050,3806639000018479227,0,4371.15,4371.15,4485.75,4371.15,large_mismatch
52049,3806639000018467237,0,1398,1398,1363.95,1398,large_mismatch
52048,3806639000018537206,0,1234.05,1234.05,1295.75,1234.05,large_mismatch
52047,3806639000018477163,0,1398,1398,1363.95,1398,large_mismatch
52046,3806639000018484245,0,2098,2098,2098.95,2098,large_mismatch
52045,3806639000018475281,0,3098,3098,3148.95,3098,large_mismatch
52044,3806639000018480135,0,1298,1298,1258.95,1298,large_mismatch
52043,3806639000018458132,0,1234.05,1234.05,1295.75,1234.05,large_mismatch
52042,3806639000018465189,0,1333.05,1333.05,1295.75,1333.05,large_mismatch
52041,3806639000018484234,0,2472.1,2472.1,2491.76,2472.1,large_mismatch
52040,3806639000018478267,0,1139.05,1139.05,1196,1139.05,large_mismatch
52039,3806639000018470406,0,1234.05,1234.05,1295.75,1234.05,large_mismatch
52038,3806639000018470397,0,1172.35,1172.35,1230.97,1172.35,large_mismatch
52037,3806639000018458108,0,1398,1398,1363.95,1398,large_mismatch
52036,3806639000018479203,0,1398,1398,1363.95,1398,large_mismatch
52035,3806639000018537187,0,1709.05,1709.05,1794.5,1709.05,large_mismatch
52034,3806639000018473129,0,1139.05,1139.05,1196,1139.05,large_mismatch
52033,3806639000018466226,0,1147.67,1147.67,1205.05,1147.67,large_mismatch
52032,3806639000018534118,0,1147.67,1147.67,1205.05,1147.67,large_mismatch
52031,3806639000018484203,0,2659.05,2659.05,2792,2659.05,large_mismatch
52030,3806639000018459235,0,1398,1398,1363.95,1398,large_mismatch
52029,3806639000018468197,0,2597,2597,2622.9,2597,large_mismatch
52028,3806639000018457202,0,1398,1398,1363.95,1398,large_mismatch
52027,3806639000018464191,0,1398,1398,1363.95,1398,large_mismatch
52026,3806639000018480112,0,1398,1398,1363.95,1398,large_mismatch
52025,3806639000018470350,0,1899.05,1899.05,1993.99,1899.05,large_mismatch
52024,3806639000018458096,0,2898,2898,2938.95,2898,large_mismatch
52023,3806639000018458086,0,1398,1398,1363.96,1398,large_mismatch
52022,3806639000018478248,0,1298,1298,1258.96,1298,large_mismatch
52021,3806639000018477155,0,1234.05,1234.05,1295.75,1234.05,large_mismatch
52020,3806639000018471211,0,1298,1298,1258.95,1298,large_mismatch
52019,3806639000018465165,0,1898,1898,1888.95,1898,large_mismatch
52018,3806639000018474193,0,1899.05,1899.05,1993.99,1899.05,large_mismatch
52017,3806639000018479194,0,2098,2098,2098.95,2098,large_mismatch
52016,3806639000018537152,0,1139.05,1139.05,1196,1139.05,large_mismatch
52015,3806639000018478239,0,1234.05,1234.05,1295.75,1234.05,large_mismatch
52014,3806639000018471203,0,1082.1,1082.1,1136.21,1082.1,large_mismatch
52013,3806639000018464184,0,1147.67,1147.67,1205.05,1147.67,large_mismatch
52012,3806639000018457184,0,1398,1398,1363.95,1398,large_mismatch
52011,3806639000018480104,0,1398,1398,1363.95,1398,large_mismatch
52010,3806639000018484185,0,1398,1398,1363.95,1398,large_mismatch
52009,3806639000018467175,0,1398,1398,1363.95,1398,large_mismatch
52008,3806639000018475248,0,1709.05,1709.05,1794.5,1709.05,large_mismatch
52007,3806639000018473105,0,1139.05,1139.05,1196,1139.05,large_mismatch
52006,3806639000018537143,0,1234.05,1234.05,1295.75,1234.05,large_mismatch
52005,3806639000018484173,0,1899.05,1899.05,1993.99,1899.05,large_mismatch
52004,3806639000018464170,0,1671.16,1671.16,1754.72,1671.16,large_mismatch
52003,3806639000018457176,0,1298,1298,1258.95,1298,large_mismatch
52002,3806639000018462177,0,1234.05,1234.05,1295.75,1234.05,large_mismatch
52001,3806639000018464161,0,1298,1298,1258.95,1298,large_mismatch
52000,3806639000018471190,0,2898,2898,2938.95,2898,large_mismatch
51999,3806639000018537130,0,2898,2898,2938.95,2898,large_mismatch
51998,3806639000018470245,0,3098,3098,3148.95,3098,large_mismatch
51997,3806639000018477130,0,1709.05,1709.05,1794.51,1709.05,large_mismatch
51996,3806639000018478196,0,1234.05,1234.05,1295.75,1234.05,large_mismatch
51995,3806639000018484164,0,1398,1398,1363.95,1398,large_mismatch
51994,3806639000018537112,0,1147.67,1147.67,1205.05,1147.67,large_mismatch
51993,3806639000018460150,0,1398,1398,1363.95,1398,large_mismatch
51992,3806639000018474163,0,1709.05,1709.05,1794.51,1709.05,large_mismatch
51991,3806639000018485081,0,1398,1398,1363.95,1398,large_mismatch
51990,3806639000018468150,0,1082.1,1082.1,1136.21,1082.1,large_mismatch
51989,3806639000018476086,0,1139.05,1139.05,1196,1139.05,large_mismatch
51988,3806639000018456173,0,2898,2898,2938.95,2898,large_mismatch
51987,3806639000018537103,0,1234.05,1234.05,1295.75,1234.05,large_mismatch
51985,3806639000018466184,0,1398,1398,1363.95,1398,large_mismatch
51984,3806639000018462141,0,1766.12,1766.12,1854.43,1766.12,large_mismatch
51983,3806639000018459072,0,2976.44,2976.44,3125.25,2976.44,large_mismatch
51982,3806639000018488220,0,4097,4097,4197.9,4097,large_mismatch
51980,3806639000018477100,0,4097,4097,4197.9,4097,large_mismatch
51979,3806639000018467163,0,1899.05,1899.05,1993.99,1899.05,large_mismatch
51978,3806639000018534095,0,2898,2898,2938.95,2898,large_mismatch
51977,3806639000018473096,0,1398,1398,1363.95,1398,large_mismatch
51976,3806639000018473088,0,1110.65,1110.65,1166.18,1110.65,large_mismatch
51975,3806639000018484125,0,1139.05,1139.05,1196,1139.05,large_mismatch
51974,3806639000018474139,0,1398,1398,1363.95,1398,large_mismatch
51973,3806639000018456099,0,1234.05,1234.05,1295.75,1234.05,large_mismatch
51972,3806639000018479132,0,1298,1298,1258.95,1298,large_mismatch
51971,3806639000018467144,0,1298,1298,1258.95,1298,large_mismatch
51970,3806639000018468120,0,2898,2898,2938.95,2898,large_mismatch
51969,3806639000018465142,0,1298,1298,1258.95,1298,large_mismatch
51968,3806639000018467137,0,1238.05,1238.05,1196,1238.05,large_mismatch
51967,3806639000018465134,0,1048.94,1048.94,1101.39,1048.94,large_mismatch
51966,3806639000018457119,0,1139.05,1139.05,1196,1139.05,large_mismatch
51965,3806639000018460100,0,1298,1298,1258.95,1298,large_mismatch
51964,3806639000018456089,0,2597,2597,2622.9,2597,large_mismatch
51963,3806639000018470143,0,1298,1298,1258.95,1298,large_mismatch
51962,3806639000018534086,0,1398,1398,1363.95,1398,large_mismatch
51961,3806639000018468111,0,1898,1898,1888.95,1898,large_mismatch
51960,3806639000018473079,0,1298,1298,1258.95,1298,large_mismatch
51959,3806639000018534077,0,1398,1398,1363.96,1398,large_mismatch
51958,3806639000018471097,0,1398,1398,1363.95,1398,large_mismatch
51957,3806639000018463115,0,3133.1,3133.1,3289.74,3133.1,large_mismatch
51956,3806639000018488198,0,1139.05,1139.05,1196,1139.05,large_mismatch
51955,3806639000018458060,0,1898.1,1898.1,1889.06,1898.1,large_mismatch
51954,3806639000018463106,0,1398,1398,1363.95,1398,large_mismatch
51953,3806639000018456067,0,1139.05,1139.05,1196,1139.05,large_mismatch
51952,3806639000018534037,0,2898,2898,2938.95,2898,large_mismatch
51951,3806639000018473070,0,1298,1298,1258.95,1298,large_mismatch
51950,3806639000018471055,0,1398,1398,1363.95,1398,large_mismatch
51949,3806639000018468070,0,2098,2098,2098.95,2098,large_mismatch
51948,3806639000018463098,0,1234.05,1234.05,1295.75,1234.05,large_mismatch
51947,3806639000018467103,0,1234.05,1234.05,1295.75,1234.05,large_mismatch
51946,3806639000018468061,0,1298,1298,1258.95,1298,large_mismatch
51945,3806639000018472043,0,1147.67,1147.67,1205.05,1147.67,large_mismatch
51944,3806639000018467070,0,1214.07,1214.07,1170.82,1214.07,large_mismatch
51943,3806639000018475137,0,1234.05,1234.05,1295.75,1234.05,large_mismatch
51942,3806639000018474132,0,1398,1398,1363.95,1398,large_mismatch
51941,3806639000018474124,0,1234.05,1234.05,1295.75,1234.05,large_mismatch
51940,3806639000018464108,0,1898,1898,1888.95,1898,large_mismatch
51939,3806639000018466108,0,99.61,99.61,104.59,99.61,small_mismatch
51938,3806639000018474115,0,1110.65,1110.65,1166.18,1110.65,large_mismatch
51937,3806639000018474106,0,2849.05,2849.05,2991.5,2849.05,large_mismatch
51936,3806639000018459053,0,1398,1398,1363.95,1398,large_mismatch
51935,3806639000018479080,0,1398,1398,1363.95,1398,large_mismatch
51934,3806639000018475113,0,1139.05,1139.05,1196,1139.05,large_mismatch
51933,3806639000018470103,0,1234.05,1234.05,1295.75,1234.05,large_mismatch
51932,3806639000018474084,0,1298,1298,1258.95,1298,large_mismatch
51931,3806639000018477059,0,1139.05,1139.05,1196,1139.05,large_mismatch
51930,3806639000018470094,0,1025.15,1025.15,1076.41,1025.15,large_mismatch
51929,3806639000018456043,0,1139.05,1139.05,1196,1139.05,large_mismatch
51928,3806639000018468053,0,1398,1398,1363.95,1398,large_mismatch
51927,3806639000018460063,0,2898,2898,2938.95,2898,large_mismatch
51926,3806639000018459020,0,1898,1898,1888.95,1898,large_mismatch
51925,3806639000018468028,0,1139.05,1139.05,1196,1139.05,large_mismatch
51924,3806639000018464100,0,1139.05,1139.05,1196,1139.05,large_mismatch
51923,3806639000018484032,0,1398,1398,1363.95,1398,large_mismatch
51922,3806639000018488062,0,1139.05,1139.05,1196,1139.05,large_mismatch
51921,3806639000018470044,0,2659.05,2659.05,2792,2659.05,large_mismatch
51920,3806639000018479072,0,1398,1398,1363.95,1398,large_mismatch
51919,3806639000018462039,0,1139.05,1139.05,1196,1139.05,large_mismatch
51918,3806639000018485023,0,1398,1398,1363.95,1398,large_mismatch
51917,3806639000018479063,0,1398,1398,1363.96,1398,large_mismatch
51916,3806639000018460030,0,2659.05,2659.05,2792,2659.05,large_mismatch
51915,3806639000018470035,0,1298,1298,1258.95,1298,large_mismatch
51914,3806639000018479040,0,1398,1398,1363.95,1398,large_mismatch
51913,3806639000018485003,0,1172.35,1172.35,1230.97,1172.35,large_mismatch
51912,3806639000018457028,0,1398,1398,1363.95,1398,large_mismatch
51911,3806639000018457020,0,1298,1298,1258.95,1298,large_mismatch
51910,3806639000018476003,0,1025.15,1025.15,1076.41,1025.15,large_mismatch
51909,3806639000018463011,0,1298,1298,1258.95,1298,large_mismatch
51908,3806639000018473003,0,1234.05,1234.05,1295.75,1234.05,large_mismatch
51907,3806639000018466013,0,1234.05,1234.05,1295.75,1234.05,large_mismatch
51906,3806639000018457012,0,1234.05,1234.05,1295.75,1234.05,large_mismatch
51905,3806639000018465002,0,1398,1398,1363.96,1398,large_mismatch
51904,3806639000018460011,0,1398,1398,1363.95,1398,large_mismatch
51903,3806639000018459002,0,1298,1298,1258.95,1298,large_mismatch
51902,3806639000018457003,0,1234.05,1234.05,1295.75,1234.05,large_mismatch
51901,3806639000018175380,0,1298,1298,1258.95,1298,large_mismatch
51900,3806639000018182173,0,1234.05,1234.05,1295.75,1234.05,large_mismatch
51899,3806639000018174295,0,2393.15,2393.15,2512.82,2393.15,large_mismatch
51898,3806639000018172276,0,1172.35,1172.35,1230.97,1172.35,large_mismatch
51897,3806639000018098400,0,1398,1398,1363.95,1398,large_mismatch
51896,3806639000018158380,0,1139.05,1139.05,1196,1139.05,large_mismatch
51895,3806639000018122335,0,1398,1398,1363.95,1398,large_mismatch
51894,3806639000018189197,0,1299,1299,1363.95,1299,large_mismatch
51893,3806639000018172258,0,1234.05,1234.05,1295.75,1234.05,large_mismatch
51892,3806639000017834696,0,2898,2898,2938.95,2898,large_mismatch
51891,3806639000018190346,0,1139.05,1139.05,1196,1139.05,large_mismatch
51890,3806639000018085406,0,1398,1398,1363.95,1398,large_mismatch
51889,3806639000018087374,0,2098,2098,2098.95,2098,large_mismatch
51888,3806639000018048436,0,2497,2497,2517.9,2497,large_mismatch
51887,3806639000018182164,0,1298,1298,1258.95,1298,large_mismatch
51886,3806639000018122325,0,2468.1,2468.1,2591.51,2468.1,large_mismatch
51885,3806639000018182156,0,1298,1298,1258.95,1298,large_mismatch
51884,3806639000018098353,0,1398,1398,1363.95,1398,large_mismatch
51883,3806639000018112444,0,1139.05,1139.05,1196,1139.05,large_mismatch
51882,3806639000017969498,0,2898,2898,2938.95,2898,large_mismatch
51881,3806639000018098345,0,1333.05,1333.05,1295.75,1333.05,large_mismatch
51880,3806639000018111303,0,1139.05,1139.05,1196,1139.05,large_mismatch
51879,3806639000018083283,0,1234.05,1234.05,1295.75,1234.05,large_mismatch
51878,3806639000017834674,0,1234.05,1234.05,1295.75,1234.05,large_mismatch
51877,3806639000018158313,0,1863.95,1863.95,1853.2,1863.95,large_mismatch
51876,3806639000018174211,0,1234.05,1234.05,1295.75,1234.05,large_mismatch
51875,3806639000018177139,0,1333.05,1333.05,1295.75,1333.05,large_mismatch
51874,3806639000017834665,0,1234.05,1234.05,1295.75,1234.05,large_mismatch
51873,3806639000018182148,0,1139.05,1139.05,1196,1139.05,large_mismatch
51872,3806639000018086477,0,1307.07,1307.07,1268.47,1307.07,large_mismatch
51871,3806639000018189170,0,1398,1398,1363.95,1398,large_mismatch
51870,3806639000018175249,0,2377.1,2377.1,2392.01,2377.1,large_mismatch
51869,3806639000018178197,0,1234.05,1234.05,1295.75,1234.05,large_mismatch
51868,3806639000018181241,0,2898,2898,2938.95,2898,large_mismatch
51867,3806639000018111284,0,1398,1398,1363.95,1398,large_mismatch
51866,3806639000018182139,0,1298,1298,1258.95,1298,large_mismatch
51865,3806639000018086448,0,2758.05,2758.05,2792,2758.05,large_mismatch
51864,3806639000018098326,0,1234.05,1234.05,1295.75,1234.05,large_mismatch
51863,3806639000018174178,0,1298,1298,1258.95,1298,large_mismatch
51862,3806639000018085373,0,1398,1398,1363.95,1398,large_mismatch
51861,3806639000018308020,0,1234.05,1234.05,1295.75,1234.05,large_mismatch
51860,3806639000018086439,0,1234.05,1234.05,1295.75,1234.05,large_mismatch
51859,3806639000018175230,0,1234.05,1234.05,1295.75,1234.05,large_mismatch
51858,3806639000018181222,0,1398,1398,1363.95,1398,large_mismatch
51857,3806639000018085362,0,2898,2898,2938.95,2898,large_mismatch
51856,3806639000018178178,0,1139.05,1139.05,1196.01,1139.05,large_mismatch
51855,3806639000018098317,0,1398,1398,1363.95,1398,large_mismatch
51854,3806639000018177105,0,1059.32,1059.32,1112.29,1059.32,large_mismatch
51853,3806639000018182131,0,1172.35,1172.35,1230.97,1172.35,large_mismatch
51852,3806639000018182122,0,1298,1298,1258.95,1298,large_mismatch
51851,3806639000018308011,0,1234.05,1234.05,1295.75,1234.05,large_mismatch
51850,3806639000018085353,0,1398,1398,1363.95,1398,large_mismatch
51849,3806639000018172196,0,1242.12,1242.12,1200.28,1242.12,large_mismatch
51847,3806639000018190275,0,1398,1398,1363.95,1398,large_mismatch
51846,3806639000018155236,0,2098,2098,2098.95,2098,large_mismatch
51845,3806639000018087331,0,2849.05,2849.05,2991.51,2849.05,large_mismatch
51844,3806639000018086421,0,1398,1398,1363.95,1398,large_mismatch
51843,3806639000018181197,0,1147.67,1147.67,1205.05,1147.67,large_mismatch
51842,3806639000017531980,0,1139.05,1139.05,1196,1139.05,large_mismatch
51841,3806639000017834612,0,1804.1,1804.1,1894.31,1804.1,large_mismatch
51840,3806639000018178108,0,1298,1298,1258.95,1298,large_mismatch
51839,3806639000018190266,0,1139.05,1139.05,1196,1139.05,large_mismatch
51838,3806639000018085330,0,2298,2298,2308.95,2298,large_mismatch
51837,3806639000018181188,0,1234.05,1234.05,1295.75,1234.05,large_mismatch
51836,3806639000018086413,0,1234.05,1234.05,1295.75,1234.05,large_mismatch
51835,3806639000018086404,0,1139.05,1139.05,1196,1139.05,large_mismatch
51834,3806639000018172148,0,1234.05,1234.05,1295.75,1234.05,large_mismatch
51833,3806639000018190257,0,1199,1199,1258.95,1199,large_mismatch
51832,3806639000017538980,0,1398,1398,1363.95,1398,large_mismatch
51831,3806639000018155215,0,1298,1298,1258.95,1298,large_mismatch
51830,3806639000018158264,0,1298,1298,1258.95,1298,large_mismatch
51829,3806639000018085309,0,1298,1298,1258.95,1298,large_mismatch
51828,3806639000018232043,0,1298,1298,1258.95,1298,large_mismatch
51827,3806639000018177086,0,1139.05,1139.05,1196,1139.05,large_mismatch
51826,3806639000018112359,0,1333.05,1333.05,1295.75,1333.05,large_mismatch
51825,3806639000018089248,0,1398,1398,1363.95,1398,large_mismatch
51824,3806639000018089240,0,1234.05,1234.05,1295.75,1234.05,large_mismatch
51823,3806639000018048304,0,1333.05,1333.05,1295.75,1333.05,large_mismatch
51822,3806639000018158257,0,1298,1298,1258.95,1298,large_mismatch
51821,3806639000018112347,0,181.47,181.47,190.54,181.47,large_mismatch
51820,3806639000018175181,0,2098,2098,2098.95,2098,large_mismatch
51819,3806639000017969404,0,1899.05,1899.05,1994,1899.05,large_mismatch
51818,3806639000017538954,0,3897,3897,3987.9,3897,large_mismatch
51817,3806639000017969393,0,2848.1,2848.1,2990.51,2848.1,large_mismatch
51816,3806639000017531956,0,1139.05,1139.05,1196,1139.05,large_mismatch
51815,3806639000018158249,0,1172.35,1172.35,1230.97,1172.35,large_mismatch
51814,3806639000018086340,0,1234.05,1234.05,1295.75,1234.05,large_mismatch
51812,3806639000018178100,0,1298,1298,1258.95,1298,large_mismatch
51811,3806639000017969373,0,1139.05,1139.05,1196,1139.05,large_mismatch
51810,3806639000018158236,0,1804.1,1804.1,1894.31,1804.1,large_mismatch
51808,3806639000018086331,0,1139.05,1139.05,1196,1139.05,large_mismatch
51807,3806639000017538935,0,1709.05,1709.05,1794.51,1709.05,large_mismatch
51806,3806639000017523000,0,1298,1298,1258.95,1298,large_mismatch
51805,3806639000017834523,0,1298,1298,1258.95,1298,large_mismatch
51804,3806639000018158227,0,1234.05,1234.05,1295.75,1234.05,large_mismatch
51803,3806639000018229012,0,1234.05,1234.05,1295.75,1234.05,large_mismatch
51802,3806639000018086307,0,3098,3098,3148.95,3098,large_mismatch
51801,3806639000018190094,0,1398,1398,1363.95,1398,large_mismatch
51800,3806639000018087226,0,1398,1398,1363.95,1398,large_mismatch
51799,3806639000017522992,0,1234.05,1234.05,1295.75,1234.05,large_mismatch
51798,3806639000018098267,0,2898,2898,2938.95,2898,large_mismatch
51797,3806639000018111201,0,1238.05,1238.05,1196,1238.05,large_mismatch
51796,3806639000018089222,0,1147.67,1147.67,1205.05,1147.67,large_mismatch
51795,3806639000018177077,0,1398,1398,1363.95,1398,large_mismatch
51794,3806639000018177069,0,1059.32,1059.32,1112.29,1059.32,large_mismatch
51793,3806639000018083195,0,1139.05,1139.05,1196,1139.05,large_mismatch
51792,3806639000018087217,0,1139.05,1139.05,1196,1139.05,large_mismatch
51791,3806639000017530988,0,1994.05,1994.05,2093.75,1994.05,large_mismatch
51790,3806639000017530979,0,1398,1398,1363.95,1398,large_mismatch
51789,3806639000018085257,0,1998.05,1998.05,1993.99,1998.05,large_mismatch
51788,3806639000018181112,0,1398,1398,1363.95,1398,large_mismatch
51787,3806639000018178076,0,2659.05,2659.05,2792,2659.05,large_mismatch
51786,3806639000018048221,0,1899.05,1899.05,1994,1899.05,large_mismatch
51785,3806639000017538884,0,1398,1398,1363.95,1398,large_mismatch
51784,3806639000017531947,0,1234.05,1234.05,1295.75,1234.05,large_mismatch
51783,3806639000017530930,0,1298,1298,1258.95,1298,large_mismatch
51782,3806639000018086274,0,1398,1398,1363.95,1398,large_mismatch
51781,3806639000017969287,0,1398,1398,1363.95,1398,large_mismatch
51780,3806639000018174110,0,799,799,838.95,799,large_mismatch
51779,3806639000018177060,0,1139.05,1139.05,1196,1139.05,large_mismatch
51778,3806639000018181089,0,1398,1398,1363.95,1398,large_mismatch
51777,3806639000018175077,0,1298,1298,1258.95,1298,large_mismatch
51776,3806639000018158151,0,1234.05,1234.05,1295.75,1234.05,large_mismatch
51775,3806639000018086253,0,1234.05,1234.05,1295.75,1234.05,large_mismatch
51774,3806639000018182032,0,1139.05,1139.05,1196,1139.05,large_mismatch
51773,3806639000018175069,0,1139.05,1139.05,1196,1139.05,large_mismatch
51772,3806639000018089183,0,1398,1398,1363.95,1398,large_mismatch
51771,3806639000018112187,0,1234.05,1234.05,1295.75,1234.05,large_mismatch
51770,3806639000018158142,0,1139.05,1139.05,1196,1139.05,large_mismatch
51769,3806639000018190023,0,2659.05,2659.05,2792,2659.05,large_mismatch
51768,3806639000018174102,0,1398,1398,1363.95,1398,large_mismatch
51767,3806639000018178057,0,3098,3098,3148.95,3098,large_mismatch
51766,3806639000017526935,0,2898,2898,2938.95,2898,large_mismatch
51765,3806639000018190014,0,1398,1398,1363.96,1398,large_mismatch
51764,3806639000018083186,0,1398,1398,1363.95,1398,large_mismatch
51763,3806639000018087192,0,1059.32,1059.32,1112.29,1059.32,large_mismatch
51762,3806639000018172097,0,1238.05,1238.05,1196,1238.05,large_mismatch
51761,3806639000017526917,0,2659.05,2659.05,2792,2659.05,large_mismatch
51760,3806639000018155076,0,1398,1398,1363.95,1398,large_mismatch
51759,3806639000018085216,0,1234.05,1234.05,1295.75,1234.05,large_mismatch
51758,3806639000018087183,0,1398,1398,1363.95,1398,large_mismatch
51757,3806639000017834506,0,1139.05,1139.05,1196,1139.05,large_mismatch
51756,3806639000017530876,0,1214.07,1214.07,1170.83,1214.07,large_mismatch
51755,3806639000018175050,0,1025.15,1025.15,1076.41,1025.15,large_mismatch
51754,3806639000017834497,0,1298,1298,1258.95,1298,large_mismatch
51753,3806639000018158129,0,2898,2898,2938.95,2898,large_mismatch
51752,3806639000018178039,0,1298,1298,1258.95,1298,large_mismatch
51751,3806639000017834489,0,1234.05,1234.05,1295.75,1234.05,large_mismatch
51750,3806639000018098180,0,1398,1398,1363.95,1398,large_mismatch
51749,3806639000018089149,0,1234.05,1234.05,1295.75,1234.05,large_mismatch
51748,3806639000018177007,0,2702.07,2702.07,2733.22,2702.07,large_mismatch
51747,3806639000017834479,0,1398,1398,1363.95,1398,large_mismatch
51746,3806639000017526904,0,1709.15,1709.15,1794.6,1709.15,large_mismatch
51745,3806639000018089140,0,1333.05,1333.05,1295.75,1333.05,large_mismatch
51744,3806639000018085163,0,1002.36,1002.36,1052.48,1002.36,large_mismatch
51743,3806639000018087172,0,2898,2898,2938.95,2898,large_mismatch
51742,3806639000017969248,0,1766.12,1766.12,1854.43,1766.12,large_mismatch
51741,3806639000018112142,0,1298,1298,1258.95,1298,large_mismatch
51740,3806639000017569926,0,1139.05,1139.05,1196,1139.05,large_mismatch
51739,3806639000018083166,0,2098,2098,2098.95,2098,large_mismatch
51738,3806639000017597947,0,1398,1398,1363.95,1398,large_mismatch
51737,3806639000017536966,0,2898,2898,2938.95,2898,large_mismatch
51736,3806639000017522915,0,1234.05,1234.05,1295.75,1234.05,large_mismatch
51735,3806639000018083157,0,2849.05,2849.05,2991.5,2849.05,large_mismatch
51734,3806639000018122089,0,1804.1,1804.1,1894.31,1804.1,large_mismatch
51733,3806639000018174072,0,1398,1398,1363.95,1398,large_mismatch
51732,3806639000017569917,0,1234.05,1234.05,1295.75,1234.05,large_mismatch
51731,3806639000017520970,0,2597,2597,2622.9,2597,large_mismatch
51730,3806639000018175017,0,1398,1398,1363.95,1398,large_mismatch
51729,3806639000017969224,0,1398,1398,1363.95,1398,large_mismatch
51728,3806639000017969216,0,1139.05,1139.05,1196,1139.05,large_mismatch
51727,3806639000017969207,0,1234.05,1234.05,1295.75,1234.05,large_mismatch
51726,3806639000018089113,0,1298,1298,1258.95,1298,large_mismatch
51725,3806639000018086167,0,1398,1398,1363.95,1398,large_mismatch
51724,3806639000017569908,0,1172.35,1172.35,1230.97,1172.35,large_mismatch
51723,3806639000017969197,0,1139.05,1139.05,1196,1139.05,large_mismatch
51722,3806639000018048148,0,1234.05,1234.05,1295.75,1234.05,large_mismatch
51720,3806639000017540998,0,1398,1398,1363.95,1398,large_mismatch
51719,3806639000017536948,0,1398,1398,1363.95,1398,large_mismatch
51718,3806639000018089105,0,1298,1298,1258.95,1298,large_mismatch
51717,3806639000018175009,0,1139.05,1139.05,1196,1139.05,large_mismatch
51716,3806639000018174035,0,1082.1,1082.1,1136.21,1082.1,large_mismatch
51715,3806639000018174026,0,1398,1398,1363.95,1398,large_mismatch
51714,3806639000017538800,0,1298,1298,1258.95,1298,large_mismatch
51713,3806639000018172038,0,1899.05,1899.05,1993.99,1899.05,large_mismatch
51712,3806639000018122079,0,2498,2498,2622.9,2498,large_mismatch
51711,3806639000018122071,0,1139.05,1139.05,1196,1139.05,large_mismatch
51710,3806639000018122063,0,1398,1398,1363.95,1398,large_mismatch
51709,3806639000018111032,0,2526.1,2526.1,2652.39,2526.1,large_mismatch
51708,3806639000018112087,0,1238.05,1238.05,1196,1238.05,large_mismatch
51707,3806639000017526855,0,1298,1298,1258.95,1298,large_mismatch
51706,3806639000018174018,0,2849.05,2849.05,2991.5,2849.05,large_mismatch
51705,3806639000017834450,0,1298,1298,1258.95,1298,large_mismatch
51704,3806639000017526847,0,2888.07,2888.07,2928.52,2888.07,large_mismatch
51703,3806639000017538782,0,2888.07,2888.07,2928.52,2888.07,large_mismatch
51702,3806639000018158034,0,1298,1298,1258.95,1298,large_mismatch
51701,3806639000017569872,0,1398,1398,1363.96,1398,large_mismatch
51700,3806639000018122053,0,2098,2098,2098.95,2098,large_mismatch
51699,3806639000018122044,0,1298,1298,1258.95,1298,large_mismatch
51698,3806639000017538773,0,1199,1199,1258.95,1199,large_mismatch
51697,3806639000017597873,0,1234.05,1234.05,1295.75,1234.05,large_mismatch
51696,3806639000017597864,0,1238.05,1238.05,1196,1238.05,large_mismatch
51695,3806639000018122037,0,1139.05,1139.05,1196,1139.05,large_mismatch
51694,3806639000017538737,0,1333.05,1333.05,1295.75,1333.05,large_mismatch
51693,3806639000017597855,0,1172.35,1172.35,1230.97,1172.35,large_mismatch
51692,3806639000017569864,0,3098,3098,3148.95,3098,large_mismatch
51691,3806639000018098124,0,1234.05,1234.05,1295.75,1234.05,large_mismatch
51690,3806639000017540940,0,1234.05,1234.05,1295.75,1234.05,large_mismatch
51689,3806639000017517918,0,1234.05,1234.05,1295.75,1234.05,large_mismatch
51688,3806639000017520941,0,1139.05,1139.05,1196,1139.05,large_mismatch
51687,3806639000017834438,0,2898,2898,2938.95,2898,large_mismatch
51686,3806639000017536887,0,1147.67,1147.67,1205.05,1147.67,large_mismatch
51684,3806639000017548989,0,1398,1398,1363.95,1398,large_mismatch
51683,3806639000017548981,0,1398,1398,1363.95,1398,large_mismatch
51682,3806639000017532990,0,1214.07,1214.07,1170.82,1214.07,large_mismatch
51681,3806639000018048088,0,2050.29,2050.29,2152.8,2050.29,large_mismatch
51680,3806639000018087088,0,1214.07,1214.07,1170.82,1214.07,large_mismatch
51679,3806639000017530755,0,1059.32,1059.32,1112.29,1059.32,large_mismatch
51678,3806639000017530746,0,1298,1298,1258.95,1298,large_mismatch
51677,3806639000017527974,0,1139.05,1139.05,1196,1139.05,large_mismatch
51676,3806639000017520909,0,1147.67,1147.67,1205.05,1147.67,large_mismatch
51675,3806639000017540930,0,1172.35,1172.35,1230.97,1172.35,large_mismatch
51674,3806639000017597846,0,1398,1398,1363.95,1398,large_mismatch
51673,3806639000018086090,0,1398,1398,1363.95,1398,large_mismatch
51672,3806639000018089051,0,2422.14,2422.14,2439.3,2422.14,large_mismatch
51671,3806639000018098074,0,2706.6,2706.6,2841.93,2706.6,large_mismatch
51670,3806639000018098065,0,1398,1398,1363.95,1398,large_mismatch
51669,3806639000017526791,0,1172.35,1172.35,1230.97,1172.35,large_mismatch
51668,3806639000017569834,0,2098,2098,2098.95,2098,large_mismatch
51667,3806639000018048030,0,2472.92,2472.92,2596.58,2472.92,large_mismatch
51666,3806639000018086052,0,1398,1398,1363.95,1398,large_mismatch
51665,3806639000018085062,0,1298,1298,1258.95,1298,large_mismatch
51664,3806639000017540910,0,3197,3197,3252.9,3197,large_mismatch
51663,3806639000018089040,0,2098,2098,2098.95,2098,large_mismatch
51662,3806639000018086037,0,2659.05,2659.05,2792,2659.05,large_mismatch
51661,3806639000018086028,0,1898,1898,1888.95,1898,large_mismatch
51660,3806639000017532940,0,1589.42,1589.42,1668.89,1589.42,large_mismatch
51659,3806639000017520868,0,1234.05,1234.05,1295.75,1234.05,large_mismatch
51658,3806639000017569825,0,1172.35,1172.35,1230.97,1172.35,large_mismatch
51657,3806639000017969110,0,1234.05,1234.05,1295.75,1234.05,large_mismatch
51656,3806639000018086008,0,2098,2098,2098.95,2098,large_mismatch
51655,3806639000017969101,0,1234.05,1234.05,1295.75,1234.05,large_mismatch
51654,3806639000017517879,0,2888.07,2888.07,2928.52,2888.07,large_mismatch
51653,3806639000017521940,0,2898,2898,2938.95,2898,large_mismatch
51652,3806639000017522882,0,1398,1398,1363.95,1398,large_mismatch
51651,3806639000018087001,0,1234.05,1234.05,1295.75,1234.05,large_mismatch
51650,3806639000017548960,0,1398,1398,1363.95,1398,large_mismatch
51649,3806639000017542999,0,1139.05,1139.05,1196,1139.05,large_mismatch
51648,3806639000017539897,0,1234.05,1234.05,1295.75,1234.05,large_mismatch
51647,3806639000017526745,0,2659.05,2659.05,2792,2659.05,large_mismatch
51646,3806639000017597803,0,1298,1298,1258.95,1298,large_mismatch
51645,3806639000017522857,0,1899.05,1899.05,1993.99,1899.05,large_mismatch
51644,3806639000017521931,0,1398,1398,1363.95,1398,large_mismatch
51643,3806639000018048006,0,1082.1,1082.1,1136.21,1082.1,large_mismatch
51642,3806639000017530675,0,2659.05,2659.05,2792,2659.05,large_mismatch
51641,3806639000017549966,0,2098,2098,2098.95,2098,large_mismatch
51640,3806639000017535993,0,1298,1298,1258.95,1298,large_mismatch
51639,3806639000017525970,0,1398,1398,1363.95,1398,large_mismatch
51638,3806639000017539848,0,3893.1,3893.1,4087.76,3893.1,large_mismatch
51637,3806639000017518959,0,1139.05,1139.05,1196,1139.05,large_mismatch
51636,3806639000017538678,0,1234.05,1234.05,1295.75,1234.05,large_mismatch
51635,3806639000017526727,0,1709.05,1709.05,1794.5,1709.05,large_mismatch
51634,3806639000017539839,0,1398,1398,1363.95,1398,large_mismatch
51633,3806639000017519895,0,1234.05,1234.05,1295.75,1234.05,large_mismatch
51632,3806639000017530666,0,1139.05,1139.05,1196,1139.05,large_mismatch
51631,3806639000017517846,0,1298,1298,1258.95,1298,large_mismatch
51630,3806639000017547969,0,1154.12,1154.12,1107.88,1154.12,large_mismatch
51629,3806639000017518950,0,1298,1298,1258.95,1298,large_mismatch
51628,3806639000017547960,0,1898,1898,1888.95,1898,large_mismatch
51627,3806639000017532901,0,1398,1398,1363.95,1398,large_mismatch
51626,3806639000017530640,0,2088.33,2088.33,2192.75,2088.33,large_mismatch
51625,3806639000017834335,0,4748.1,4748.1,4985.49,4748.1,large_mismatch
51624,3806639000017525939,0,1298,1298,1258.95,1298,large_mismatch
51623,3806639000017523997,0,1398,1398,1363.95,1398,large_mismatch
51622,3806639000017597795,0,1298,1298,1258.95,1298,large_mismatch
51621,3806639000017520761,0,1139.05,1139.05,1196,1139.05,large_mismatch
51620,3806639000017528946,0,1234.05,1234.05,1295.75,1234.05,large_mismatch
51619,3806639000017549913,0,1298,1298,1258.95,1298,large_mismatch
51618,3806639000017548898,0,1139.05,1139.05,1196,1139.05,large_mismatch
51617,3806639000017520749,0,2098,2098,2098.96,2098,large_mismatch
51616,3806639000017542888,0,1772.07,1772.07,1756.72,1772.07,large_mismatch
51615,3806639000017969038,0,1398,1398,1363.95,1398,large_mismatch
51614,3806639000017520738,0,1999,1999,2098.95,1999,large_mismatch
51613,3806639000017548889,0,1234.05,1234.05,1295.75,1234.05,large_mismatch
51612,3806639000017535944,0,1139.05,1139.05,1196,1139.05,large_mismatch
51611,3806639000017523975,0,1172.35,1172.35,1230.97,1172.35,large_mismatch
51610,3806639000017527849,0,1298,1298,1258.95,1298,large_mismatch
51609,3806639000017597740,0,1709.05,1709.05,1794.51,1709.05,large_mismatch
51608,3806639000017522808,0,56.95,56.95,59.8,56.95,small_mismatch
51607,3806639000017523957,0,1298,1298,1258.95,1298,large_mismatch
51606,3806639000017527841,0,1139.05,1139.05,1196,1139.05,large_mismatch
51605,3806639000017539792,0,1398,1398,1363.95,1398,large_mismatch
51604,3806639000017540838,0,1994.05,1994.05,2093.75,1994.05,large_mismatch
51603,3806639000017834316,0,1234.05,1234.05,1295.75,1234.05,large_mismatch
51602,3806639000017535925,0,1398,1398,1363.95,1398,large_mismatch
51601,3806639000017523950,0,1139.05,1139.05,1196,1139.05,large_mismatch
51600,3806639000017517838,0,1234.05,1234.05,1295.75,1234.05,large_mismatch
51599,3806639000017532837,0,1234.05,1234.05,1295.75,1234.05,large_mismatch
51598,3806639000017522782,0,1298,1298,1258.95,1298,large_mismatch
51597,3806639000017519841,0,1242.12,1242.12,1200.28,1242.12,large_mismatch
51596,3806639000017597729,0,2373.1,2373.1,2491.76,2373.1,large_mismatch
51595,3806639000017526652,0,1994.05,1994.05,2093.75,1994.05,large_mismatch
51594,3806639000017569754,0,1234.05,1234.05,1295.75,1234.05,large_mismatch
51593,3806639000017525835,0,1398,1398,1363.95,1398,large_mismatch
51592,3806639000017597720,0,1139.05,1139.05,1196,1139.05,large_mismatch
51591,3806639000017535892,0,1398,1398,1363.95,1398,large_mismatch
51590,3806639000017534883,0,1709.05,1709.05,1794.5,1709.05,large_mismatch
51589,3806639000017597711,0,1234.05,1234.05,1295.75,1234.05,large_mismatch
51588,3806639000017519796,0,1899.05,1899.05,1994,1899.05,large_mismatch
51587,3806639000017522752,0,2659.05,2659.05,2792,2659.05,large_mismatch
51586,3806639000017523888,0,2849.05,2849.05,2991.5,2849.05,large_mismatch
51585,3806639000017547952,0,3098,3098,3148.95,3098,large_mismatch
51584,3806639000017547943,0,4397,4397,4512.9,4397,large_mismatch
51583,3806639000017969029,0,1234.05,1234.05,1295.75,1234.05,large_mismatch
51582,3806639000017530580,0,1082.1,1082.1,1136.21,1082.1,large_mismatch
51581,3806639000017538594,0,1234.05,1234.05,1295.75,1234.05,large_mismatch
51580,3806639000017535839,0,1082.1,1082.1,1136.21,1082.1,large_mismatch
51579,3806639000017538581,0,2898,2898,2938.95,2898,large_mismatch
51578,3806639000017549894,0,1172.35,1172.35,1230.97,1172.35,large_mismatch
51577,3806639000017547934,0,1398,1398,1363.96,1398,large_mismatch
51576,3806639000017569662,0,1147.67,1147.67,1205.05,1147.67,large_mismatch
51575,3806639000017523879,0,1234.05,1234.05,1295.75,1234.05,large_mismatch
51574,3806639000017540819,0,1398,1398,1363.95,1398,large_mismatch
51573,3806639000017549865,0,1298,1298,1258.96,1298,large_mismatch
51572,3806639000017534863,0,1898,1898,1888.96,1898,large_mismatch
51570,3806639000017526601,0,2098,2098,2098.95,2098,large_mismatch
51569,3806639000017544959,0,1898,1898,1888.95,1898,large_mismatch
51568,3806639000017834266,0,2943.1,2943.1,3090.26,2943.1,large_mismatch
51567,3806639000017530570,0,1333.05,1333.05,1295.75,1333.05,large_mismatch
51566,3806639000017834257,0,1398,1398,1363.95,1398,large_mismatch
51565,3806639000017536673,0,2098,2098,2098.95,2098,large_mismatch
51564,3806639000017544951,0,1298,1298,1258.95,1298,large_mismatch
51563,3806639000017521757,0,2526.1,2526.1,2652.39,2526.1,large_mismatch
51562,3806639000017531646,0,1234.05,1234.05,1295.75,1234.05,large_mismatch
51561,3806639000017539732,0,1234.05,1234.05,1295.75,1234.05,large_mismatch
51560,3806639000017542796,0,1998.05,1998.05,1993.99,1998.05,large_mismatch
51559,3806639000017540766,0,1398,1398,1363.95,1398,large_mismatch
51558,3806639000017525800,0,1139.05,1139.05,1196,1139.05,large_mismatch
51557,3806639000017523865,0,3426.79,3426.79,3598.13,3426.79,large_mismatch
51556,3806639000017549812,0,2373.1,2373.1,2491.76,2373.1,large_mismatch
51555,3806639000017523856,0,1172.35,1172.35,1230.97,1172.35,large_mismatch
51554,3806639000017535830,0,1172.35,1172.35,1230.97,1172.35,large_mismatch
51553,3806639000017527732,0,2898,2898,2938.95,2898,large_mismatch
51552,3806639000017519746,0,1333.05,1333.05,1295.75,1333.05,large_mismatch
51551,3806639000017520634,0,1398,1398,1363.95,1398,large_mismatch
51550,3806639000017523791,0,3098,3098,3148.95,3098,large_mismatch
51549,3806639000017569640,0,2898,2898,2938.95,2898,large_mismatch
51548,3806639000017542770,0,2659.05,2659.05,2792,2659.05,large_mismatch
51547,3806639000017544933,0,2849.05,2849.05,2991.5,2849.05,large_mismatch
51546,3806639000017534855,0,1398,1398,1363.95,1398,large_mismatch
51545,3806639000017520626,0,1234.05,1234.05,1295.75,1234.05,large_mismatch
51544,3806639000017538547,0,1398,1398,1363.95,1398,large_mismatch
51543,3806639000017528867,0,1059.32,1059.32,1112.29,1059.32,large_mismatch
51542,3806639000017547834,0,1899.05,1899.05,1994,1899.05,large_mismatch
51541,3806639000017569622,0,1139.05,1139.05,1196,1139.05,large_mismatch
51540,3806639000017542761,0,1398,1398,1363.95,1398,large_mismatch
51539,3806639000017532681,0,1298,1298,1258.95,1298,large_mismatch
51538,3806639000017517675,0,1139.05,1139.05,1196,1139.05,large_mismatch
51537,3806639000017536665,0,1298,1298,1258.95,1298,large_mismatch
51536,3806639000017540705,0,132.95,132.95,139.61,132.95,large_mismatch
51535,3806639000017528856,0,1214.07,1214.07,1170.83,1214.07,large_mismatch
51534,3806639000017834208,0,1298,1298,1258.95,1298,large_mismatch
51532,3806639000017544909,0,1298,1298,1258.95,1298,large_mismatch
51531,3806639000017540678,0,2898,2898,2938.95,2898,large_mismatch
51530,3806639000017519701,0,1234.05,1234.05,1295.75,1234.05,large_mismatch
51529,3806639000017530527,0,2898,2898,2938.95,2898,large_mismatch
51528,3806639000017569613,0,1398,1398,1363.95,1398,large_mismatch
51527,3806639000017549786,0,2898,2898,2938.95,2898,large_mismatch
51526,3806639000017517662,0,2898,2898,2938.95,2898,large_mismatch
51525,3806639000017544886,0,1398,1398,1363.95,1398,large_mismatch
51524,3806639000017540669,0,1298,1298,1258.95,1298,large_mismatch
51523,3806639000017517653,0,1025.15,1025.15,1076.41,1025.15,large_mismatch
51522,3806639000017548757,0,1298,1298,1258.95,1298,large_mismatch
51521,3806639000017526566,0,1772.07,1772.07,1756.72,1772.07,large_mismatch
51520,3806639000017540648,0,1298,1298,1258.95,1298,large_mismatch
51519,3806639000017548728,0,898,898,838.95,898,large_mismatch
51518,3806639000017540640,0,1298,1298,1258.95,1298,large_mismatch
51517,3806639000017542743,0,1139.05,1139.05,1196,1139.05,large_mismatch
51516,3806639000017532649,0,2898,2898,2938.95,2898,large_mismatch
51515,3806639000017547807,0,1898,1898,1888.96,1898,large_mismatch
51514,3806639000017542734,0,1208.07,1208.07,1268.47,1208.07,large_mismatch
51513,3806639000017540628,0,2898,2898,2938.95,2898,large_mismatch
51512,3806639000017527632,0,2898,2898,2938.95,2898,large_mismatch
51511,3806639000017532638,0,3133.1,3133.1,3289.76,3133.1,large_mismatch
51510,3806639000017526557,0,1298,1298,1258.95,1298,large_mismatch
51509,3806639000017547799,0,1139.05,1139.05,1196,1139.05,large_mismatch
51508,3806639000017522579,0,1298,1298,1258.95,1298,large_mismatch
51507,3806639000017534763,0,2943.1,2943.1,3090.26,2943.1,large_mismatch
51506,3806639000017528798,0,1298,1298,1258.95,1298,large_mismatch
51505,3806639000017523719,0,1082.1,1082.1,1136.21,1082.1,large_mismatch
51504,3806639000017549753,0,1333.05,1333.05,1295.75,1333.05,large_mismatch
51503,3806639000017535701,0,1234.05,1234.05,1295.75,1234.05,large_mismatch
51502,3806639000017544830,0,1298,1298,1258.95,1298,large_mismatch
51501,3806639000017519683,0,1172.35,1172.35,1230.97,1172.35,large_mismatch
51500,3806639000017548711,0,1709.05,1709.05,1794.51,1709.05,large_mismatch
51499,3806639000017544819,0,2648.73,2648.73,2781.17,2648.73,large_mismatch
51498,3806639000017523695,0,1898,1898,1888.95,1898,large_mismatch
51497,3806639000017535682,0,1398,1398,1363.95,1398,large_mismatch
51496,3806639000017517623,0,3133.1,3133.1,3289.74,3133.1,large_mismatch
51495,3806639000017544810,0,1048.94,1048.94,1101.39,1048.94,large_mismatch
51494,3806639000017549744,0,1898,1898,1888.95,1898,large_mismatch
51493,3806639000017532629,0,1398,1398,1363.95,1398,large_mismatch
51492,3806639000017534744,0,1298,1298,1258.95,1298,large_mismatch
51491,3806639000017542684,0,699,699,630,699,large_mismatch
51490,3806639000017538513,0,1085.96,1085.96,1140.26,1085.96,large_mismatch
51489,3806639000017547756,0,1110.65,1110.65,1166.18,1110.65,large_mismatch
51488,3806639000017540619,0,1398,1398,1363.95,1398,large_mismatch
51487,3806639000017522538,0,1298,1298,1258.95,1298,large_mismatch
51486,3806639000017535652,0,1299,1299,1363.95,1299,large_mismatch
51485,3806639000017521651,0,1398,1398,1363.95,1398,large_mismatch
51484,3806639000017519626,0,2098,2098,2098.95,2098,large_mismatch
51483,3806639000017519573,0,1298,1298,1258.95,1298,large_mismatch
51482,3806639000017517549,0,2198,2198,2203.95,2198,large_mismatch
51481,3806639000017527583,0,2659.05,2659.05,2792,2659.05,large_mismatch
51480,3806639000017549734,0,1994.05,1994.05,2093.75,1994.05,large_mismatch
51479,3806639000017549725,0,1234.05,1234.05,1295.75,1234.05,large_mismatch
51478,3806639000017521642,0,1234.05,1234.05,1295.75,1234.05,large_mismatch
51477,3806639000017536570,0,1234.05,1234.05,1295.75,1234.05,large_mismatch
51476,3806639000017547701,0,1139.05,1139.05,1196,1139.05,large_mismatch
51475,3806639000017597353,0,2098,2098,2098.95,2098,large_mismatch
51474,3806639000017535592,0,2198,2198,2203.95,2198,large_mismatch
51473,3806639000017834022,0,1398,1398,1363.95,1398,large_mismatch
51472,3806639000017522516,0,1147.67,1147.67,1205.05,1147.67,large_mismatch
51471,3806639000017538477,0,1139.05,1139.05,1196.01,1139.05,large_mismatch
51470,3806639000017549716,0,1139.05,1139.05,1196,1139.05,large_mismatch
51469,3806639000017525635,0,2472.92,2472.92,2596.58,2472.92,large_mismatch
51468,3806639000017521608,0,1994.05,1994.05,2093.75,1994.05,large_mismatch
51467,3806639000017597345,0,1234.05,1234.05,1295.75,1234.05,large_mismatch
51466,3806639000017528705,0,1298,1298,1258.95,1298,large_mismatch
51465,3806639000017547661,0,1307.07,1307.07,1268.47,1307.07,large_mismatch
51464,3806639000017525626,0,1398,1398,1363.95,1398,large_mismatch
51463,3806639000017532565,0,1234.05,1234.05,1295.75,1234.05,large_mismatch
51462,3806639000017597336,0,1298,1298,1258.95,1298,large_mismatch
51461,3806639000017530501,0,1307.07,1307.07,1268.47,1307.07,large_mismatch
51460,3806639000017544735,0,1894.35,1894.35,1989.07,1894.35,large_mismatch
51459,3806639000017544724,0,2098,2098,2098.95,2098,large_mismatch
51458,3806639000017569529,0,1139.05,1139.05,1196,1139.05,large_mismatch
51457,3806639000017547587,0,1899.05,1899.05,1993.99,1899.05,large_mismatch
51456,3806639000017526479,0,1234.05,1234.05,1295.75,1234.05,large_mismatch
51455,3806639000017531496,0,1298,1298,1258.95,1298,large_mismatch
51454,3806639000017548594,0,1139.05,1139.05,1196,1139.05,large_mismatch
51453,3806639000017534673,0,1172.35,1172.35,1230.97,1172.35,large_mismatch
51452,3806639000017539581,0,1398,1398,1363.95,1398,large_mismatch
51451,3806639000017525608,0,1398,1398,1363.95,1398,large_mismatch
51450,3806639000017549680,0,1398,1398,1363.95,1398,large_mismatch
51449,3806639000017523620,0,1139.05,1139.05,1196,1139.05,large_mismatch
51448,3806639000017523611,0,1298,1298,1258.95,1298,large_mismatch
51447,3806639000017548585,0,1398,1398,1363.95,1398,large_mismatch
51446,3806639000017531488,0,1139.05,1139.05,1196,1139.05,large_mismatch
51445,3806639000017538443,0,3098,3098,3148.95,3098,large_mismatch
51444,3806639000017544682,0,1298,1298,1258.95,1298,large_mismatch
51443,3806639000017549615,0,2898,2898,2938.95,2898,large_mismatch
51442,3806639000017528650,0,1298,1298,1258.95,1298,large_mismatch
51441,3806639000017540571,0,2649.62,2649.62,2782.1,2649.62,large_mismatch
51440,3806639000017520518,0,1899.05,1899.05,1994.01,1899.05,large_mismatch
51439,3806639000017520510,0,1298,1298,1258.95,1298,large_mismatch
51438,3806639000017542575,0,2098,2098,2098.95,2098,large_mismatch
51437,3806639000017530492,0,3098,3098,3148.95,3098,large_mismatch
51436,3806639000017518599,0,2098,2098,2098.96,2098,large_mismatch
51435,3806639000017532535,0,1082.1,1082.1,1136.21,1082.1,large_mismatch
51434,3806639000017542566,0,1298,1298,1258.95,1298,large_mismatch
51433,3806639000017544624,0,1139.05,1139.05,1196,1139.05,large_mismatch
51432,3806639000017548562,0,5697.15,5697.15,5982.01,5697.15,large_mismatch
51431,3806639000017527493,0,1398,1398,1363.95,1398,large_mismatch
51430,3806639000017521542,0,1398,1398,1363.95,1398,large_mismatch
51429,3806639000017518590,0,1398,1398,1363.95,1398,large_mismatch
51428,3806639000017523601,0,2098,2098,2098.95,2098,large_mismatch
51427,3806639000017544615,0,1139.05,1139.05,1196,1139.05,large_mismatch
51426,3806639000017520502,0,1398,1398,1363.95,1398,large_mismatch
51425,3806639000017525537,0,1298,1298,1258.95,1298,large_mismatch
51424,3806639000017525529,0,1139.05,1139.05,1196,1139.05,large_mismatch
51423,3806639000017536510,0,1147.67,1147.67,1205.05,1147.67,large_mismatch
51422,3806639000017517479,0,2198,2198,2203.95,2198,large_mismatch
51421,3806639000017569450,0,1899.05,1899.05,1994,1899.05,large_mismatch
51420,3806639000017534648,0,1139.05,1139.05,1196,1139.05,large_mismatch
51419,3806639000017534640,0,1898,1898,1888.95,1898,large_mismatch
51418,3806639000017548551,0,2198,2198,2203.95,2198,large_mismatch
51417,3806639000017536499,0,4083.1,4083.1,4287.26,4083.1,large_mismatch
51416,3806639000017530447,0,1998.05,1998.05,1993.99,1998.05,large_mismatch
51415,3806639000017543919,0,2943.1,2943.1,3090.26,2943.1,large_mismatch
51414,3806639000017538378,0,1234.05,1234.05,1295.75,1234.05,large_mismatch
51413,3806639000017547502,0,1298,1298,1258.95,1298,large_mismatch
51412,3806639000017549566,0,1234.05,1234.05,1295.75,1234.05,large_mismatch
51411,3806639000017517460,0,1298,1298,1258.95,1298,large_mismatch
51410,3806639000017531453,0,2526.1,2526.1,2652.39,2526.1,large_mismatch
51409,3806639000017528541,0,1398,1398,1363.95,1398,large_mismatch
51408,3806639000017569424,0,1398,1398,1363.95,1398,large_mismatch
51407,3806639000017535509,0,1234.05,1234.05,1295.75,1234.05,large_mismatch
51406,3806639000017536481,0,1298,1298,1258.95,1298,large_mismatch
51405,3806639000017532460,0,1298,1298,1258.95,1298,large_mismatch
51404,3806639000017531439,0,2898,2898,2938.96,2898,large_mismatch
51403,3806639000017517452,0,1398,1398,1363.95,1398,large_mismatch
51402,3806639000017531428,0,2098,2098,2098.95,2098,large_mismatch
51401,3806639000017548502,0,4083.1,4083.1,4287.26,4083.1,large_mismatch
51400,3806639000017527477,0,1398,1398,1363.95,1398,large_mismatch
51399,3806639000017523477,0,2098,2098,2098.95,2098,large_mismatch
51398,3806639000017542445,0,2898,2898,2938.95,2898,large_mismatch
51397,3806639000017517442,0,2098,2098,2098.95,2098,large_mismatch
51396,3806639000017548493,0,1139.05,1139.05,1196,1139.05,large_mismatch
51395,3806639000017547478,0,1234.05,1234.05,1295.75,1234.05,large_mismatch
51394,3806639000017538366,0,1994.05,1994.05,2093.75,1994.05,large_mismatch
51393,3806639000017523459,0,1234.05,1234.05,1295.75,1234.05,large_mismatch
51392,3806639000017534586,0,1298,1298,1258.95,1298,large_mismatch
51391,3806639000017549533,0,1139.05,1139.05,1196,1139.05,large_mismatch
51390,3806639000017520469,0,1898,1898,1888.95,1898,large_mismatch
51389,3806639000017547465,0,1899.05,1899.05,1993.99,1899.05,large_mismatch
51388,3806639000017536474,0,1398,1398,1363.95,1398,large_mismatch
51387,3806639000017531409,0,1234.05,1234.05,1295.75,1234.05,large_mismatch
51386,3806639000017544579,0,1398,1398,1363.95,1398,large_mismatch
51385,3806639000017549524,0,1898,1898,1888.95,1898,large_mismatch
51384,3806639000017547456,0,151.95,151.95,159.55,151.95,large_mismatch
51383,3806639000017520462,0,1709.05,1709.05,1794.5,1709.05,large_mismatch
51382,3806639000017518497,0,1398,1398,1363.95,1398,large_mismatch
51381,3806639000017549512,0,2898,2898,2938.95,2898,large_mismatch
51380,3806639000017539518,0,1234.05,1234.05,1295.75,1234.05,large_mismatch
51379,3806639000017530438,0,1139.05,1139.05,1196,1139.05,large_mismatch
51378,3806639000017519455,0,2278.1,2278.1,2392.01,2278.1,large_mismatch
51377,3806639000017548451,0,1898,1898,1888.95,1898,large_mismatch
51376,3806639000017522444,0,1234.05,1234.05,1295.75,1234.05,large_mismatch
51375,3806639000017534568,0,1172.35,1172.35,1230.97,1172.35,large_mismatch
51374,3806639000017519439,0,2260.19,2260.19,2373.21,2260.19,large_mismatch
51373,3806639000017540440,0,1398,1398,1363.95,1398,large_mismatch
51372,3806639000017528508,0,1709.05,1709.05,1794.5,1709.05,large_mismatch
51371,3806639000017542388,0,1139.05,1139.05,1196,1139.05,large_mismatch
51370,3806639000017528454,0,1398,1398,1363.95,1398,large_mismatch
51369,3806639000017525439,0,2898,2898,2938.95,2898,large_mismatch
51368,3806639000017536438,0,1398,1398,1363.95,1398,large_mismatch
51367,3806639000017525430,0,1398,1398,1363.95,1398,large_mismatch
51366,3806639000017528442,0,2898,2898,2938.95,2898,large_mismatch
51365,3806639000017517392,0,1398,1398,1363.95,1398,large_mismatch
51364,3806639000017521427,0,1398,1398,1363.96,1398,large_mismatch
51363,3806639000017540428,0,2898,2898,2938.95,2898,large_mismatch
51362,3806639000017521418,0,1398,1398,1363.96,1398,large_mismatch
51361,3806639000017534546,0,1025.15,1025.15,1076.41,1025.15,large_mismatch
51360,3806639000017528418,0,1398,1398,1363.96,1398,large_mismatch
51359,3806639000017517384,0,1059.32,1059.32,1112.29,1059.32,large_mismatch
51358,3806639000017549426,0,1298,1298,1258.96,1298,large_mismatch
51357,3806639000017528387,0,1298,1298,1258.95,1298,large_mismatch
51356,3806639000017521411,0,1398,1398,1363.95,1398,large_mismatch
51355,3806639000017521403,0,1139.05,1139.05,1196,1139.05,large_mismatch
51354,3806639000017569346,0,1082.1,1082.1,1136.21,1082.1,large_mismatch
51353,3806639000017530419,0,1299,1299,1363.95,1299,large_mismatch
51352,3806639000017543841,0,1234.05,1234.05,1295.75,1234.05,large_mismatch
51351,3806639000017527380,0,2098,2098,2098.95,2098,large_mismatch
51349,3806639000017536418,0,2098,2098,2098.95,2098,large_mismatch
51350,3806639000017539450,0,1208.07,1208.07,1268.47,1208.07,large_mismatch
51348,3806639000017543831,0,1298,1298,1258.96,1298,large_mismatch
51347,3806639000017531349,0,1199,1199,1258.95,1199,large_mismatch
51346,3806639000017521395,0,1898,1898,1888.95,1898,large_mismatch
51345,3806639000017539432,0,1298,1298,1258.95,1298,large_mismatch
51344,3806639000017528362,0,2373.1,2373.1,2491.76,2373.1,large_mismatch
51343,3806639000017523366,0,1139.05,1139.05,1196,1139.05,large_mismatch
51342,3806639000017597141,0,1234.05,1234.05,1295.75,1234.05,large_mismatch
51341,3806639000017520393,0,3097,3097,3147.9,3097,large_mismatch
51340,3806639000017518399,0,1139.05,1139.05,1196,1139.05,large_mismatch
51339,3806639000017527370,0,1398,1398,1363.95,1398,large_mismatch
51338,3806639000017547406,0,1298,1298,1258.95,1298,large_mismatch
51337,3806639000017535489,0,2098,2098,2098.95,2098,large_mismatch
51336,3806639000017528353,0,1709.05,1709.05,1794.5,1709.05,large_mismatch
51335,3806639000017532276,0,1147.67,1147.67,1205.05,1147.67,large_mismatch
51334,3806639000017521351,0,2898,2898,2938.95,2898,large_mismatch
51333,3806639000017540353,0,2898,2898,2938.95,2898,large_mismatch
51332,3806639000017530353,0,1234.05,1234.05,1295.75,1234.05,large_mismatch
51331,3806639000017531341,0,1172.35,1172.35,1230.97,1172.35,large_mismatch
51330,3806639000017549353,0,1298,1298,1258.95,1298,large_mismatch
51329,3806639000017548385,0,1899.05,1899.05,1993.99,1899.05,large_mismatch
51328,3806639000017540343,0,1398,1398,1363.96,1398,large_mismatch
51327,3806639000017522355,0,1398,1398,1363.95,1398,large_mismatch
51326,3806639000017540336,0,1172.35,1172.35,1230.97,1172.35,large_mismatch
51325,3806639000017535468,0,2098,2098,2098.95,2098,large_mismatch
51324,3806639000017517338,0,2198,2198,2203.95,2198,large_mismatch
51323,3806639000017527363,0,1398,1398,1363.95,1398,large_mismatch
51322,3806639000017540327,0,1398,1398,1363.95,1398,large_mismatch
51321,3806639000017536356,0,1398,1398,1363.95,1398,large_mismatch
51320,3806639000017526271,0,2898,2898,2938.95,2898,large_mismatch
51319,3806639000017544443,0,1139.05,1139.05,1196,1139.05,large_mismatch
51318,3806639000017534463,0,1059.32,1059.32,1112.29,1059.32,large_mismatch
51317,3806639000017530344,0,1139.05,1139.05,1196,1139.05,large_mismatch
51316,3806639000017532265,0,4083.1,4083.1,4287.26,4083.1,large_mismatch
51315,3806639000017532256,0,1238.05,1238.05,1196,1238.05,large_mismatch
51314,3806639000017549328,0,1298,1298,1258.95,1298,large_mismatch
51313,3806639000017525294,0,1398,1398,1363.95,1398,large_mismatch
51312,3806639000017538284,0,1994.05,1994.05,2093.75,1994.05,large_mismatch
51311,3806639000017523349,0,1398,1398,1363.95,1398,large_mismatch
51310,3806639000017526262,0,1139.05,1139.05,1196,1139.05,large_mismatch
51309,3806639000017543750,0,1398,1398,1363.95,1398,large_mismatch
51308,3806639000017532238,0,2849.05,2849.05,2991.5,2849.05,large_mismatch
51307,3806639000017520281,0,1298,1298,1258.95,1298,large_mismatch
51306,3806639000017534445,0,1234.05,1234.05,1295.75,1234.05,large_mismatch
51305,3806639000017535425,0,1538.15,1538.15,1615.06,1538.15,large_mismatch
51304,3806639000017527328,0,2507.16,2507.16,2632.52,2507.16,large_mismatch
51303,3806639000017531309,0,1709.15,1709.15,1794.6,1709.15,large_mismatch
51301,3806639000017534412,0,1398,1398,1363.95,1398,large_mismatch
51300,3806639000017519313,0,1398,1398,1363.95,1398,large_mismatch
51299,3806639000017531301,0,1398,1398,1363.95,1398,large_mismatch
51298,3806639000017536317,0,1898,1898,1888.95,1898,large_mismatch
51297,3806639000017527318,0,1172.35,1172.35,1230.97,1172.35,large_mismatch
51296,3806639000017530290,0,1234.05,1234.05,1295.75,1234.05,large_mismatch
51295,3806639000017521292,0,2097,2097,2097.9,2097,large_mismatch
51294,3806639000017542337,0,3098,3098,3148.95,3098,large_mismatch
51293,3806639000017542329,0,1398,1398,1363.95,1398,large_mismatch
51292,3806639000017547329,0,1234.05,1234.05,1295.75,1234.05,large_mismatch
51291,3806639000017540250,0,1398,1398,1363.95,1398,large_mismatch
51290,3806639000017543616,0,1398,1398,1363.95,1398,large_mismatch
51289,3806639000017534350,0,4238.15,4238.15,4450.06,4238.15,large_mismatch
51288,3806639000017542321,0,1398,1398,1363.95,1398,large_mismatch
51287,3806639000017531293,0,1398,1398,1363.95,1398,large_mismatch
51286,3806639000017521284,0,1333.05,1333.05,1295.75,1333.05,large_mismatch
51285,3806639000017531285,0,1234.05,1234.05,1295.75,1234.05,large_mismatch
51284,3806639000017517249,0,380.95,380.95,400,380.95,large_mismatch
51283,3806639000017525277,0,1298,1298,1258.95,1298,large_mismatch
51281,3806639000017569323,0,1623.6,1623.6,1704.78,1623.6,large_mismatch
51280,3806639000017531243,0,1234.05,1234.05,1295.75,1234.05,large_mismatch
51279,3806639000017517241,0,1234.05,1234.05,1295.75,1234.05,large_mismatch
44480,3806639000017543523,0,1139.05,1139.05,1196,1139.05,large_mismatch
51278,3806639000017539305,0,1298,1298,1258.95,1298,large_mismatch
51277,3806639000017525211,0,1333.05,1333.05,1295.75,1333.05,large_mismatch
51276,3806639000017528269,0,1082.1,1082.1,1136.21,1082.1,large_mismatch
51275,3806639000017527263,0,1298,1298,1258.95,1298,large_mismatch
51274,3806639000017569290,0,1234.05,1234.05,1295.75,1234.05,large_mismatch
51273,3806639000017523223,0,2098,2098,2098.95,2098,large_mismatch
51272,3806639000017527255,0,1298,1298,1258.95,1298,large_mismatch
51271,3806639000017528260,0,1398,1398,1363.95,1398,large_mismatch
51270,3806639000017534284,0,1398,1398,1363.95,1398,large_mismatch
51269,3806639000017538232,0,1059.32,1059.32,1112.29,1059.32,large_mismatch
51268,3806639000017539272,0,1214.07,1214.07,1170.82,1214.07,large_mismatch
51267,3806639000017569255,0,1139.05,1139.05,1196,1139.05,large_mismatch
51266,3806639000017522233,0,1298,1298,1258.95,1298,large_mismatch
51265,3806639000017517193,0,1234.05,1234.05,1295.75,1234.05,large_mismatch
51264,3806639000017519226,0,1299,1299,1363.95,1299,large_mismatch
51263,3806639000017569247,0,1398,1398,1363.95,1398,large_mismatch
51262,3806639000017540172,0,1899.05,1899.05,1993.99,1899.05,large_mismatch
51261,3806639000017542276,0,1139.05,1139.05,1196,1139.05,large_mismatch
51260,3806639000017540163,0,1234.05,1234.05,1295.75,1234.05,large_mismatch
51259,3806639000017517184,0,56.95,56.95,59.8,56.95,small_mismatch
51258,3806639000017549228,0,2898,2898,2938.95,2898,large_mismatch
51257,3806639000017530189,0,1147.67,1147.67,1205.05,1147.67,large_mismatch
51256,3806639000017549191,0,1899.05,1899.05,1993.99,1899.05,large_mismatch
51255,3806639000017547274,0,2849.05,2849.05,2991.5,2849.05,large_mismatch
51254,3806639000017538223,0,1234.05,1234.05,1295.75,1234.05,large_mismatch
51253,3806639000017517174,0,1298,1298,1258.96,1298,large_mismatch
51252,3806639000017549180,0,1899.05,1899.05,1994,1899.05,large_mismatch
51251,3806639000017536226,0,1398,1398,1363.95,1398,large_mismatch
51250,3806639000017540154,0,1398,1398,1363.95,1398,large_mismatch
51249,3806639000017534252,0,1234.05,1234.05,1295.75,1234.05,large_mismatch
51248,3806639000017523193,0,2659.05,2659.05,2792,2659.05,large_mismatch
51247,3806639000017522192,0,2298,2298,2308.95,2298,large_mismatch
51246,3806639000017521228,0,1234.05,1234.05,1295.75,1234.05,large_mismatch
51245,3806639000017534243,0,1139.05,1139.05,1196,1139.05,large_mismatch
51244,3806639000017518283,0,2098,2098,2098.95,2098,large_mismatch
51243,3806639000017520212,0,1398,1398,1363.95,1398,large_mismatch
51242,3806639000017534234,0,1398,1398,1363.95,1398,large_mismatch
51241,3806639000017532158,0,1398,1398,1363.95,1398,large_mismatch
51240,3806639000017525138,0,1234.05,1234.05,1295.75,1234.05,large_mismatch
51239,3806639000017535221,0,1398,1398,1363.95,1398,large_mismatch
51238,3806639000017540145,0,2198,2198,2203.95,2198,large_mismatch
51237,3806639000017518274,0,1298,1298,1258.95,1298,large_mismatch
51236,3806639000017531108,0,2298,2298,2308.95,2298,large_mismatch
51235,3806639000017542237,0,1398,1398,1363.95,1398,large_mismatch
51234,3806639000017526119,0,1333.05,1333.05,1295.75,1333.05,large_mismatch
51233,3806639000017519194,0,1898,1898,1888.95,1898,large_mismatch
51232,3806639000017542230,0,1398,1398,1363.95,1398,large_mismatch
51231,3806639000017523184,0,1398,1398,1363.95,1398,large_mismatch
51230,3806639000017520170,0,2898,2898,2938.95,2898,large_mismatch
51229,3806639000017547240,0,1398,1398,1363.95,1398,large_mismatch
51228,3806639000017535203,0,2198,2198,2203.95,2198,large_mismatch
51227,3806639000017523174,0,2098,2098,2098.95,2098,large_mismatch
51226,3806639000017518267,0,1398,1398,1363.95,1398,large_mismatch
51225,3806639000017530108,0,1398,1398,1363.95,1398,large_mismatch
51224,3806639000017540126,0,1234.05,1234.05,1295.75,1234.05,large_mismatch
51223,3806639000017547230,0,2206.98,2206.98,2317.33,2206.98,large_mismatch
51222,3806639000017535188,0,5303.28,5303.28,5464.49,5303.28,large_mismatch
51221,3806639000017520161,0,1398,1398,1363.95,1398,large_mismatch
51220,3806639000017518227,0,2030.28,2030.28,2131.79,2030.28,large_mismatch
51219,3806639000017522180,0,2898,2898,2938.95,2898,large_mismatch
51218,3806639000017535175,0,2898,2898,2938.95,2898,large_mismatch
51217,3806639000017548114,0,1234.05,1234.05,1295.75,1234.05,large_mismatch
51216,3806639000017528137,0,1298,1298,1258.95,1298,large_mismatch
51215,3806639000017540106,0,8829.3,8829.3,9270.77,8829.3,large_mismatch
51214,3806639000017538184,0,1234.05,1234.05,1295.75,1234.05,large_mismatch
51213,3806639000017597062,0,2898,2898,2938.95,2898,large_mismatch
51212,3806639000017535147,0,1147.67,1147.67,1205.05,1147.67,large_mismatch
51211,3806639000017569164,0,1898,1898,1888.95,1898,large_mismatch
51210,3806639000017548104,0,1398,1398,1363.96,1398,large_mismatch
51209,3806639000017544273,0,1298,1298,1258.95,1298,large_mismatch
51208,3806639000017569155,0,1398,1398,1363.96,1398,large_mismatch
51207,3806639000017543150,0,3097,3097,3147.9,3097,large_mismatch
51206,3806639000017522169,0,2098,2098,2098.95,2098,large_mismatch
51205,3806639000017543138,0,4297,4297,4407.9,4297,large_mismatch
51204,3806639000017547196,0,1298,1298,1258.95,1298,large_mismatch
51203,3806639000017525083,0,1139.05,1139.05,1196,1139.05,large_mismatch
51201,3806639000017535138,0,1059.32,1059.32,1112.29,1059.32,large_mismatch
51200,3806639000017531074,0,1234.05,1234.05,1295.75,1234.05,large_mismatch
51199,3806639000017548097,0,1172.35,1172.35,1230.97,1172.35,large_mismatch
51198,3806639000017543106,0,151.95,151.95,159.55,151.95,large_mismatch
51197,3806639000017522142,0,5798,5798,6087.9,5798,large_mismatch
51196,3806639000017538161,0,1048.94,1048.94,1101.39,1048.94,large_mismatch
51195,3806639000017520129,0,1398,1398,1363.95,1398,large_mismatch
51194,3806639000017530064,0,1298,1298,1258.95,1298,large_mismatch
51193,3806639000017522133,0,1398,1398,1363.95,1398,large_mismatch
51192,3806639000017528124,0,2799,2799,2938.96,2799,large_mismatch
51191,3806639000017528113,0,2198,2198,2203.95,2198,large_mismatch
51190,3806639000017547160,0,1298,1298,1258.95,1298,large_mismatch
51189,3806639000017544202,0,1234.05,1234.05,1295.75,1234.05,large_mismatch
51188,3806639000017569124,0,1172.35,1172.35,1230.97,1172.35,large_mismatch
51187,3806639000017531061,0,2898,2898,2938.95,2898,large_mismatch
51186,3806639000017517113,0,1398,1398,1363.95,1398,large_mismatch
51185,3806639000017534119,0,1298,1298,1258.95,1298,large_mismatch
51184,3806639000017518153,0,1899.05,1899.05,1993.99,1899.05,large_mismatch
51183,3806639000017525070,0,2898,2898,2938.95,2898,large_mismatch
51182,3806639000017518143,0,2849.05,2849.05,2991.51,2849.05,large_mismatch
51181,3806639000017534112,0,1178.1,1178.1,1133.06,1178.1,large_mismatch
51180,3806639000017549049,0,1398,1398,1363.95,1398,large_mismatch
51179,3806639000017530040,0,1234.05,1234.05,1295.75,1234.05,large_mismatch
51178,3806639000017522102,0,1398,1398,1363.95,1398,large_mismatch
51177,3806639000017547128,0,1234.05,1234.05,1295.75,1234.05,large_mismatch
51176,3806639000017521061,0,1398,1398,1363.95,1398,large_mismatch
51175,3806639000017534099,0,2898,2898,2938.95,2898,large_mismatch
51174,3806639000017549040,0,1623.6,1623.6,1704.78,1623.6,large_mismatch
51173,3806639000017517096,0,1298,1298,1258.95,1298,large_mismatch
51172,3806639000017517088,0,1139.05,1139.05,1196,1139.05,large_mismatch
51171,3806639000017518121,0,2898,2898,2938.95,2898,large_mismatch
51170,3806639000017525041,0,1766.12,1766.12,1854.42,1766.12,large_mismatch
51169,3806639000017518108,0,1804.1,1804.1,1894.31,1804.1,large_mismatch
51168,3806639000017597033,0,1709.05,1709.05,1794.5,1709.05,large_mismatch
51167,3806639000017517079,0,1234.05,1234.05,1295.75,1234.05,large_mismatch
51166,3806639000017544184,0,1234.05,1234.05,1295.75,1234.05,large_mismatch
51165,3806639000017538107,0,1298,1298,1258.95,1298,large_mismatch
51164,3806639000017525018,0,1298,1298,1258.95,1298,large_mismatch
51163,3806639000017531052,0,1398,1398,1363.95,1398,large_mismatch
51162,3806639000017517070,0,1398,1398,1363.95,1398,large_mismatch
51161,3806639000017544175,0,1709.05,1709.05,1794.5,1709.05,large_mismatch
51160,3806639000017542103,0,2198,2198,2203.95,2198,large_mismatch
51159,3806639000017534067,0,1623.6,1623.6,1704.78,1623.6,large_mismatch
51158,3806639000017543056,0,1139.05,1139.05,1196,1139.05,large_mismatch
51157,3806639000017543047,0,1398,1398,1363.95,1398,large_mismatch
51156,3806639000017535079,0,1234.05,1234.05,1295.75,1234.05,large_mismatch
51155,3806639000017518084,0,1398,1398,1363.95,1398,large_mismatch
51154,3806639000017531044,0,1398,1398,1363.95,1398,large_mismatch
51153,3806639000017542094,0,1298,1298,1258.95,1298,large_mismatch
51152,3806639000017542086,0,1398,1398,1363.95,1398,large_mismatch
51151,3806639000017528058,0,2706.6,2706.6,2841.93,2706.6,large_mismatch
51150,3806639000017528049,0,1059.32,1059.32,1112.29,1059.32,large_mismatch
51149,3806639000017535061,0,1398,1398,1363.95,1398,large_mismatch
51148,3806639000017569065,0,1298,1298,1258.95,1298,large_mismatch
51147,3806639000017547048,0,61.7,61.7,64.79,61.7,small_mismatch
51146,3806639000017534048,0,1234.05,1234.05,1295.75,1234.05,large_mismatch
51145,3806639000017538043,0,1298,1298,1258.95,1298,large_mismatch
51144,3806639000017525011,0,1709.05,1709.05,1794.5,1709.05,large_mismatch
51143,3806639000017549013,0,1234.05,1234.05,1295.75,1234.05,large_mismatch
51142,3806639000017532048,0,1214.07,1214.07,1170.82,1214.07,large_mismatch
51141,3806639000017523048,0,1025.15,1025.15,1076.41,1025.15,large_mismatch
51140,3806639000017540057,0,1298,1298,1258.95,1298,large_mismatch
51139,3806639000017535043,0,1398,1398,1363.95,1398,large_mismatch
51138,3806639000017526022,0,1899.05,1899.05,1994,1899.05,large_mismatch
51137,3806639000017531026,0,1398,1398,1363.95,1398,large_mismatch
51136,3806639000017536055,0,1994.05,1994.05,2093.75,1994.05,large_mismatch
51135,3806639000017519113,0,1298,1298,1258.95,1298,large_mismatch
51134,3806639000017522027,0,1234.05,1234.05,1295.75,1234.05,large_mismatch
51133,3806639000017519100,0,2898,2898,2938.96,2898,large_mismatch
51132,3806639000017530020,0,1234.05,1234.05,1295.75,1234.05,large_mismatch
51131,3806639000017543029,0,1298,1298,1258.95,1298,large_mismatch
51130,3806639000017530010,0,1398,1398,1363.96,1398,large_mismatch
51129,3806639000017519062,0,1899.05,1899.05,1993.99,1899.05,large_mismatch
51128,3806639000017523039,0,1398,1398,1363.95,1398,large_mismatch
51127,3806639000017549003,0,1139.05,1139.05,1196,1139.05,large_mismatch
51126,3806639000017548012,0,1398,1398,1363.95,1398,large_mismatch
51125,3806639000017535020,0,1082.1,1082.1,1136.21,1082.1,large_mismatch
51124,3806639000017520044,0,1298,1298,1258.96,1298,large_mismatch
51123,3806639000017544029,0,1234.05,1234.05,1295.75,1234.05,large_mismatch
51122,3806639000017543012,0,1234.05,1234.05,1295.75,1234.05,large_mismatch
51121,3806639000017540024,0,2659.05,2659.05,2792,2659.05,large_mismatch
51120,3806639000017518040,0,1398,1398,1363.95,1398,large_mismatch
51119,3806639000017539003,0,1998.05,1998.05,1993.99,1998.05,large_mismatch
51118,3806639000017532002,0,1899.05,1899.05,1993.99,1899.05,large_mismatch
51117,3806639000017531003,0,1139.05,1139.05,1196,1139.05,large_mismatch
51116,3806639000017530002,0,1298,1298,1258.95,1298,large_mismatch
51115,3806639000017528003,0,2198,2198,2203.95,2198,large_mismatch
51114,3806639000017527002,0,1298,1298,1258.95,1298,large_mismatch
51113,3806639000017525002,0,1398,1398,1363.95,1398,large_mismatch
51112,3806639000017523003,0,3397,3397,3462.9,3397,large_mismatch
51111,3806639000017521002,0,1398,1398,1363.95,1398,large_mismatch
51110,3806639000017161267,0,1333.05,1333.05,1295.75,1333.05,large_mismatch
51109,3806639000017518003,0,1234.05,1234.05,1295.75,1234.05,large_mismatch
51108,3806639000017162497,0,2098,2098,2098.95,2098,large_mismatch
51107,3806639000017149287,0,2098,2098,2098.95,2098,large_mismatch
51106,3806639000017160321,0,3589.29,3589.29,3768.75,3589.29,large_mismatch
51105,3806639000017173195,0,1899.05,1899.05,1993.99,1899.05,large_mismatch
51104,3806639000017195231,0,56.95,56.95,59.8,56.95,small_mismatch
51103,3806639000017162486,0,1899.05,1899.05,1994,1899.05,large_mismatch
51102,3806639000017151380,0,1398,1398,1363.95,1398,large_mismatch
51101,3806639000017167393,0,1298,1298,1258.95,1298,large_mismatch
51100,3806639000017155313,0,1398,1398,1363.95,1398,large_mismatch
51099,3806639000017162476,0,1214.07,1214.07,1170.82,1214.07,large_mismatch
51098,3806639000017165207,0,2098,2098,2098.95,2098,large_mismatch
51097,3806639000017149278,0,1298,1298,1258.95,1298,large_mismatch
51096,3806639000017195199,0,1398,1398,1363.95,1398,large_mismatch
51095,3806639000017157290,0,1398,1398,1363.95,1398,large_mismatch
51094,3806639000017193163,0,1298,1298,1258.95,1298,large_mismatch
51093,3806639000017155301,0,2898,2898,2938.95,2898,large_mismatch
51092,3806639000017158286,0,1298,1298,1258.95,1298,large_mismatch
51091,3806639000017157282,0,1298,1298,1258.95,1298,large_mismatch
51090,3806639000017173177,0,1268.1,1268.1,1227.56,1268.1,large_mismatch
51089,3806639000017158274,0,1899.05,1899.05,1993.99,1899.05,large_mismatch
51088,3806639000017151324,0,1298,1298,1258.95,1298,large_mismatch
51087,3806639000017147145,0,1398,1398,1363.95,1398,large_mismatch
51086,3806639000017193140,0,1147.67,1147.67,1205.05,1147.67,large_mismatch
51085,3806639000017174247,0,2393.15,2393.15,2512.82,2393.15,large_mismatch
51084,3806639000017190346,0,1398,1398,1363.95,1398,large_mismatch
51083,3806639000017169236,0,1398,1398,1363.95,1398,large_mismatch
51082,3806639000017174238,0,1234.05,1234.05,1295.75,1234.05,large_mismatch
51081,3806639000017157264,0,1398,1398,1363.95,1398,large_mismatch
51080,3806639000017158265,0,1234.05,1234.05,1295.75,1234.05,large_mismatch
51079,3806639000017192352,0,2649.62,2649.62,2782.1,2649.62,large_mismatch
51078,3806639000017171431,0,1234.05,1234.05,1295.75,1234.05,large_mismatch
51077,3806639000017190307,0,1398,1398,1363.95,1398,large_mismatch
51076,3806639000017193108,0,1298,1298,1258.95,1298,large_mismatch
51075,3806639000017162407,0,1398,1398,1363.95,1398,large_mismatch
51074,3806639000017162400,0,1234.05,1234.05,1295.75,1234.05,large_mismatch
51073,3806639000017164294,0,1234.05,1234.05,1295.75,1234.05,large_mismatch
51072,3806639000017153215,0,1398,1398,1363.95,1398,large_mismatch
51071,3806639000017166250,0,1298,1298,1258.95,1298,large_mismatch
51070,3806639000017161210,0,1398,1398,1363.95,1398,large_mismatch
51068,3806639000017161202,0,1234.05,1234.05,1295.75,1234.05,large_mismatch
51067,3806639000017190276,0,1298,1298,1258.95,1298,large_mismatch
51066,3806639000017167244,0,1398,1398,1363.95,1398,large_mismatch
51065,3806639000017173136,0,1398,1398,1363.95,1398,large_mismatch
51064,3806639000017174194,0,705.92,705.92,741.22,705.92,large_mismatch
51063,3806639000017149186,0,1059.32,1059.32,1112.29,1059.32,large_mismatch
51062,3806639000017165176,0,2659.05,2659.05,2792,2659.05,large_mismatch
51061,3806639000017151244,0,1398,1398,1363.95,1398,large_mismatch
51060,3806639000017152184,0,1899.05,1899.05,1993.99,1899.05,large_mismatch
51059,3806639000017195122,0,1298,1298,1258.95,1298,large_mismatch
51058,3806639000017173128,0,1234.05,1234.05,1295.75,1234.05,large_mismatch
51057,3806639000017195112,0,1899.05,1899.05,1994,1899.05,large_mismatch
51056,3806639000017195103,0,1398,1398,1363.95,1398,large_mismatch
51055,3806639000017149173,0,2898,2898,2938.95,2898,large_mismatch
51054,3806639000017171384,0,3397,3397,3462.9,3397,large_mismatch
51053,3806639000017162342,0,1994.05,1994.05,2093.75,1994.05,large_mismatch
51052,3806639000017192309,0,1172.35,1172.35,1230.97,1172.35,large_mismatch
51051,3806639000017192296,0,2898,2898,2938.95,2898,large_mismatch
51050,3806639000017174143,0,1234.05,1234.05,1295.75,1234.05,large_mismatch
51049,3806639000017147098,0,1298,1298,1258.95,1298,large_mismatch
51048,3806639000017149162,0,1899.05,1899.05,1994,1899.05,large_mismatch
51047,3806639000017149149,0,2898,2898,2938.95,2898,large_mismatch
51046,3806639000017166211,0,1898,1898,1888.95,1898,large_mismatch
51045,3806639000017164268,0,1234.05,1234.05,1295.75,1234.05,large_mismatch
51044,3806639000017157237,0,1398,1398,1363.95,1398,large_mismatch
51043,3806639000017155244,0,2943.1,2943.1,3090.26,2943.1,large_mismatch
51042,3806639000017158198,0,1398,1398,1363.95,1398,large_mismatch
51041,3806639000017193090,0,1298,1298,1258.95,1298,large_mismatch
51040,3806639000017157229,0,1298,1298,1258.95,1298,large_mismatch
51039,3806639000017164259,0,1147.67,1147.67,1205.05,1147.67,large_mismatch
51038,3806639000017165150,0,2098,2098,2098.95,2098,large_mismatch
51037,3806639000017174134,0,1398,1398,1363.95,1398,large_mismatch
51036,3806639000017174124,0,1994.05,1994.05,2093.75,1994.05,large_mismatch
51035,3806639000017160211,0,2198,2198,2203.95,2198,large_mismatch
51034,3806639000017170132,0,2659.05,2659.05,2792,2659.05,large_mismatch
51033,3806639000017148235,0,1398,1398,1363.95,1398,large_mismatch
51032,3806639000017191246,0,2898,2898,2938.95,2898,large_mismatch
51031,3806639000017148227,0,1139.05,1139.05,1196,1139.05,large_mismatch
51030,3806639000017195070,0,1398,1398,1363.95,1398,large_mismatch
51029,3806639000017154684,0,1110.65,1110.65,1166.18,1110.65,large_mismatch
51028,3806639000017174110,0,2898,2898,2938.96,2898,large_mismatch
51027,3806639000017154675,0,1398,1398,1363.95,1398,large_mismatch
51026,3806639000017171341,0,1899.05,1899.05,1993.99,1899.05,large_mismatch
51025,3806639000017168153,0,1298,1298,1258.95,1298,large_mismatch
51024,3806639000017152136,0,4197,4197,4302.9,4197,large_mismatch
51023,3806639000017191137,0,4330.19,4330.19,4546.68,4330.19,large_mismatch
51022,3806639000017160198,0,2898,2898,2938.95,2898,large_mismatch
51021,3806639000017157132,0,1298,1298,1258.95,1298,large_mismatch
51020,3806639000017155225,0,1172.35,1172.35,1230.97,1172.35,large_mismatch
51019,3806639000017195063,0,1234.05,1234.05,1295.75,1234.05,large_mismatch
51018,3806639000017151111,0,1398,1398,1363.95,1398,large_mismatch
51017,3806639000017148178,0,1994.05,1994.05,2093.75,1994.05,large_mismatch
51016,3806639000017173087,0,1853.58,1853.58,1946.26,1853.58,large_mismatch
51015,3806639000017147058,0,1898,1898,1888.95,1898,large_mismatch
51014,3806639000017193052,0,2898,2898,2938.95,2898,large_mismatch
51013,3806639000017152110,0,1398,1398,1363.95,1398,large_mismatch
51012,3806639000017174101,0,1298,1298,1258.95,1298,large_mismatch
51011,3806639000017190151,0,1398,1398,1363.95,1398,large_mismatch
51010,3806639000017164163,0,1709.05,1709.05,1794.5,1709.05,large_mismatch
51009,3806639000017158167,0,1398,1398,1363.95,1398,large_mismatch
51008,3806639000017192180,0,2659.05,2659.05,2792,2659.05,large_mismatch
51007,3806639000017152103,0,1398,1398,1363.95,1398,large_mismatch
51006,3806639000017191106,0,2050.29,2050.29,2152.81,2050.29,large_mismatch
51005,3806639000017166146,0,2898,2898,2938.95,2898,large_mismatch
51004,3806639000017193043,0,1234.05,1234.05,1295.75,1234.05,large_mismatch
51003,3806639000017161123,0,1234.05,1234.05,1295.75,1234.05,large_mismatch
51002,3806639000017158138,0,1234.05,1234.05,1295.75,1234.05,large_mismatch
51001,3806639000017162155,0,1899.05,1899.05,1993.99,1899.05,large_mismatch
51000,3806639000017152085,0,1398,1398,1363.95,1398,large_mismatch
50999,3806639000017167163,0,1398,1398,1363.95,1398,large_mismatch
50998,3806639000017167151,0,1958.07,1958.07,1952.01,1958.07,large_mismatch
50997,3806639000017170032,0,1398,1398,1363.95,1398,large_mismatch
50996,3806639000017154642,0,1234.05,1234.05,1295.75,1234.05,large_mismatch
50995,3806639000017190070,0,1398,1398,1363.95,1398,large_mismatch
50994,3806639000017190062,0,1398,1398,1363.95,1398,large_mismatch
50993,3806639000017170024,0,1139.05,1139.05,1196,1139.05,large_mismatch
50992,3806639000017151057,0,1242.12,1242.12,1200.28,1242.12,large_mismatch
50991,3806639000017190055,0,1298,1298,1258.95,1298,large_mismatch
50990,3806639000017169098,0,1242.12,1242.12,1200.28,1242.12,large_mismatch
50989,3806639000017158115,0,2898,2898,2938.95,2898,large_mismatch
50988,3806639000017169089,0,1398,1398,1363.95,1398,large_mismatch
50987,3806639000017173060,0,1298,1298,1258.95,1298,large_mismatch
50986,3806639000017161084,0,1110.65,1110.65,1166.18,1110.65,large_mismatch
50985,3806639000017192080,0,3098,3098,3148.96,3098,large_mismatch
50984,3806639000017174072,0,2098,2098,2098.95,2098,large_mismatch
50983,3806639000017162068,0,3098,3098,3148.95,3098,large_mismatch
50982,3806639000017191035,0,1298,1298,1258.95,1298,large_mismatch
50980,3806639000017171173,0,1398,1398,1363.95,1398,large_mismatch
50979,3806639000017195012,0,1899.05,1899.05,1993.99,1899.05,large_mismatch
50978,3806639000017161065,0,898,898,838.95,898,large_mismatch
50977,3806639000017151048,0,1139.05,1139.05,1196,1139.05,large_mismatch
50976,3806639000017162059,0,1234.05,1234.05,1295.75,1234.05,large_mismatch
50975,3806639000017154622,0,1398,1398,1363.95,1398,large_mismatch
50973,3806639000017161057,0,1110.65,1110.65,1166.18,1110.65,large_mismatch
50971,3806639000017173053,0,1398,1398,1363.95,1398,large_mismatch
50970,3806639000017149067,0,1899.05,1899.05,1993.99,1899.05,large_mismatch
50969,3806639000017169053,0,1139.05,1139.05,1196,1139.05,large_mismatch
50968,3806639000017171063,0,2098,2098,2098.95,2098,large_mismatch
50967,3806639000017173045,0,1234.05,1234.05,1295.75,1234.05,large_mismatch
50966,3806639000017148064,0,1234.05,1234.05,1295.75,1234.05,large_mismatch
50965,3806639000017155089,0,3397,3397,3462.9,3397,large_mismatch
50964,3806639000017162037,0,2848.1,2848.1,2990.5,2848.1,large_mismatch
50963,3806639000017158074,0,1898,1898,1888.96,1898,large_mismatch
50962,3806639000017162029,0,1025.15,1025.15,1076.41,1025.15,large_mismatch
50961,3806639000017195003,0,1234.05,1234.05,1295.75,1234.05,large_mismatch
50960,3806639000017148038,0,2943.1,2943.1,3090.26,2943.1,large_mismatch
50959,3806639000017155080,0,1234.05,1234.05,1295.75,1234.05,large_mismatch
50958,3806639000017167055,0,3098,3098,3148.95,3098,large_mismatch
50957,3806639000017148027,0,1894.35,1894.35,1989.07,1894.35,large_mismatch
50955,3806639000017152032,0,1082.1,1082.1,1136.21,1082.1,large_mismatch
50954,3806639000017193003,0,1234.05,1234.05,1295.75,1234.05,large_mismatch
50953,3806639000017152022,0,2497,2497,2517.9,2497,large_mismatch
50952,3806639000017157015,0,1398,1398,1363.95,1398,large_mismatch
50951,3806639000017147026,0,1298,1298,1258.95,1298,large_mismatch
50950,3806639000017192002,0,25.32,25.32,26.59,25.32,small_mismatch
50949,3806639000017173010,0,2098,2098,2098.95,2098,large_mismatch
50948,3806639000017190002,0,1298,1298,1258.95,1298,large_mismatch
50947,3806639000017174011,0,1298,1298,1258.95,1298,large_mismatch
50946,3806639000017149058,0,3098,3098,3148.95,3098,large_mismatch
50945,3806639000017173002,0,1298,1298,1258.95,1298,large_mismatch
50944,3806639000017160018,0,1671.16,1671.16,1754.72,1671.16,large_mismatch
50943,3806639000017167003,0,2898,2898,2938.95,2898,large_mismatch
50942,3806639000017165003,0,2898,2898,2938.95,2898,large_mismatch
50941,3806639000017161002,0,1298,1298,1258.95,1298,large_mismatch
50940,3806639000017158027,0,1298,1298,1258.95,1298,large_mismatch
50939,3806639000017157003,0,2898,2898,2938.95,2898,large_mismatch
50938,3806639000017154069,0,2098,2098,2098.95,2098,large_mismatch
50937,3806639000017152012,0,1894.35,1894.35,1989.07,1894.35,large_mismatch
50936,3806639000017152003,0,1139.05,1139.05,1196,1139.05,large_mismatch
50935,3806639000016840322,0,1298,1298,1258.95,1298,large_mismatch
50934,3806639000017148003,0,1234.05,1234.05,1295.75,1234.05,large_mismatch
50933,3806639000016806601,0,2564.14,2564.14,2692.35,2564.14,large_mismatch
50932,3806639000016825472,0,1234.05,1234.05,1295.75,1234.05,large_mismatch
50931,3806639000016854338,0,1766.12,1766.12,1854.43,1766.12,large_mismatch
50930,3806639000016829490,0,1298,1298,1258.95,1298,large_mismatch
50929,3806639000016842549,0,1398,1398,1363.95,1398,large_mismatch
50928,3806639000016837540,0,1298,1298,1258.95,1298,large_mismatch
50927,3806639000016806583,0,1298,1298,1258.95,1298,large_mismatch
50926,3806639000016806571,0,2898,2898,2938.95,2898,large_mismatch
50925,3806639000016836462,0,2898,2898,2938.95,2898,large_mismatch
50924,3806639000016827430,0,1398,1398,1363.95,1398,large_mismatch
50923,3806639000016830521,0,1298,1298,1258.95,1298,large_mismatch
50922,3806639000016802459,0,2198,2198,2203.95,2198,large_mismatch
50921,3806639000016856442,0,1139.05,1139.05,1196,1139.05,large_mismatch
50920,3806639000016823747,0,1398,1398,1363.95,1398,large_mismatch
50919,3806639000016856431,0,2198,2198,2203.95,2198,large_mismatch
50918,3806639000016822413,0,1398,1398,1363.95,1398,large_mismatch
50917,3806639000016803416,0,1234.05,1234.05,1295.75,1234.05,large_mismatch
50916,3806639000016842516,0,1898,1898,1888.96,1898,large_mismatch
50915,3806639000016818438,0,1398,1398,1363.95,1398,large_mismatch
50914,3806639000016784490,0,1398,1398,1363.95,1398,large_mismatch
50913,3806639000016834463,0,1398,1398,1363.95,1398,large_mismatch
50912,3806639000016818430,0,1398,1398,1363.95,1398,large_mismatch
50911,3806639000016840298,0,1234.05,1234.05,1295.75,1234.05,large_mismatch
50910,3806639000016841346,0,3892.15,3892.15,4086.75,3892.15,large_mismatch
50909,3806639000016841333,0,1998.05,1998.05,1993.99,1998.05,large_mismatch
50908,3806639000016842458,0,1898,1898,1888.95,1898,large_mismatch
50907,3806639000016834455,0,1214.07,1214.07,1170.82,1214.07,large_mismatch
50906,3806639000016784473,0,1214.07,1214.07,1170.82,1214.07,large_mismatch
50905,3806639000016829456,0,1398,1398,1363.96,1398,large_mismatch
50904,3806639000016841324,0,1234.05,1234.05,1295.75,1234.05,large_mismatch
50903,3806639000016828252,0,1899.05,1899.05,1994,1899.05,large_mismatch
50902,3806639000016856389,0,1398,1398,1363.95,1398,large_mismatch
50901,3806639000016803374,0,2098,2098,2098.96,2098,large_mismatch
50900,3806639000016827407,0,1298,1298,1258.95,1298,large_mismatch
50899,3806639000016834445,0,2098,2098,2098.95,2098,large_mismatch
50898,3806639000016839410,0,2898,2898,2938.95,2898,large_mismatch
50897,3806639000016829423,0,1234.05,1234.05,1295.75,1234.05,large_mismatch
50896,3806639000016838369,0,1234.05,1234.05,1295.75,1234.05,large_mismatch
50895,3806639000016842436,0,1899.05,1899.05,1993.99,1899.05,large_mismatch
50894,3806639000016819609,0,1234.05,1234.05,1295.75,1234.05,large_mismatch
50893,3806639000016827382,0,1139.05,1139.05,1196,1139.05,large_mismatch
50892,3806639000016856381,0,1398,1398,1363.95,1398,large_mismatch
50891,3806639000016804519,0,1898,1898,1888.95,1898,large_mismatch
50890,3806639000016784382,0,1299,1299,1363.95,1299,large_mismatch
50889,3806639000016806478,0,1234.05,1234.05,1295.75,1234.05,large_mismatch
50888,3806639000016805530,0,1398,1398,1363.95,1398,large_mismatch
50887,3806639000016818405,0,1398,1398,1363.95,1398,large_mismatch
50886,3806639000016822330,0,1110.65,1110.65,1166.18,1110.65,large_mismatch
50885,3806639000016835379,0,1899.05,1899.05,1993.99,1899.05,large_mismatch
50884,3806639000016819573,0,1398,1398,1363.95,1398,large_mismatch
50883,3806639000016827368,0,2898,2898,2938.96,2898,large_mismatch
50882,3806639000016823718,0,3703.1,3703.1,3888.26,3703.1,large_mismatch
50881,3806639000016833450,0,4197,4197,4302.9,4197,large_mismatch
50880,3806639000016805488,0,3531.35,3531.35,3707.92,3531.35,large_mismatch
50879,3806639000016840264,0,1234.05,1234.05,1295.75,1234.05,large_mismatch
50878,3806639000016833441,0,1234.05,1234.05,1295.75,1234.05,large_mismatch
50877,3806639000016819565,0,1398,1398,1363.95,1398,large_mismatch
50876,3806639000016835345,0,1398,1398,1363.95,1398,large_mismatch
50875,3806639000016819555,0,2198,2198,2203.95,2198,large_mismatch
50874,3806639000016784359,0,1298,1298,1258.95,1298,large_mismatch
50873,3806639000016837508,0,1139.05,1139.05,1196,1139.05,large_mismatch
50872,3806639000016833428,0,1899.05,1899.05,1993.99,1899.05,large_mismatch
50871,3806639000016823637,0,2198,2198,2203.95,2198,large_mismatch
50870,3806639000016827326,0,1098,1098,1048.95,1098,large_mismatch
50869,3806639000016819531,0,2706.6,2706.6,2841.93,2706.6,large_mismatch
50868,3806639000016835337,0,1398,1398,1363.95,1398,large_mismatch
50867,3806639000016829380,0,1139.05,1139.05,1196,1139.05,large_mismatch
50866,3806639000016856358,0,1398,1398,1363.95,1398,large_mismatch
50865,3806639000016804477,0,1172.35,1172.35,1230.97,1172.35,large_mismatch
50864,3806639000016784349,0,1899.05,1899.05,1994,1899.05,large_mismatch
50863,3806639000016823628,0,1333.05,1333.05,1295.75,1333.05,large_mismatch
50862,3806639000016804468,0,1082.1,1082.1,1136.21,1082.1,large_mismatch
50861,3806639000016823619,0,1298,1298,1258.95,1298,large_mismatch
50860,3806639000016825380,0,1899.05,1899.05,1993.99,1899.05,large_mismatch
50859,3806639000016839329,0,1899.05,1899.05,1993.99,1899.05,large_mismatch
50858,3806639000016836335,0,1298,1298,1258.95,1298,large_mismatch
50857,3806639000016834378,0,1398,1398,1363.95,1398,large_mismatch
50856,3806639000016819488,0,1398,1398,1363.95,1398,large_mismatch
50855,3806639000016805433,0,1993.1,1993.1,2092.76,1993.1,large_mismatch
50854,3806639000016834363,0,2659.05,2659.05,2792,2659.05,large_mismatch
50853,3806639000016823596,0,1234.05,1234.05,1295.75,1234.05,large_mismatch
50852,3806639000016819480,0,2507.16,2507.16,2632.52,2507.16,large_mismatch
50851,3806639000016804459,0,1139.05,1139.05,1196,1139.05,large_mismatch
50850,3806639000016836327,0,1139.05,1139.05,1196,1139.05,large_mismatch
50849,3806639000016833419,0,1398,1398,1363.95,1398,large_mismatch
50848,3806639000016819461,0,1298,1298,1258.95,1298,large_mismatch
50847,3806639000016837499,0,1298,1298,1258.95,1298,large_mismatch
50846,3806639000016842417,0,3098,3098,3148.95,3098,large_mismatch
50845,3806639000016826308,0,1234.05,1234.05,1295.75,1234.05,large_mismatch
50844,3806639000016856348,0,2198,2198,2203.95,2198,large_mismatch
50843,3806639000016835259,0,2659.05,2659.05,2792,2659.05,large_mismatch
50842,3806639000016823519,0,2098,2098,2098.95,2098,large_mismatch
50841,3806639000016842395,0,1808.05,1808.05,1794.5,1808.05,large_mismatch
50840,3806639000016830371,0,2198,2198,2203.95,2198,large_mismatch
50839,3806639000016842386,0,1082.1,1082.1,1136.21,1082.1,large_mismatch
50838,3806639000016784317,0,1234.05,1234.05,1295.75,1234.05,large_mismatch
50837,3806639000016833391,0,1139.05,1139.05,1196,1139.05,large_mismatch
50836,3806639000016840222,0,1214.07,1214.07,1170.82,1214.07,large_mismatch
50835,3806639000016819430,0,1398,1398,1363.95,1398,large_mismatch
50834,3806639000016854286,0,3098,3098,3148.95,3098,large_mismatch
50833,3806639000016841255,0,1398,1398,1363.95,1398,large_mismatch
50832,3806639000016818370,0,1398,1398,1363.95,1398,large_mismatch
50830,3806639000016835227,0,1398,1398,1363.95,1398,large_mismatch
50831,3806639000016819422,0,1139.05,1139.05,1196,1139.05,large_mismatch
50829,3806639000016818362,0,1139.05,1139.05,1196,1139.05,large_mismatch
50828,3806639000016805424,0,1398,1398,1363.95,1398,large_mismatch
50827,3806639000016833352,0,1082.1,1082.1,1136.21,1082.1,large_mismatch
50826,3806639000016839297,0,2898,2898,2938.95,2898,large_mismatch
50824,3806639000016840198,0,1398,1398,1363.95,1398,large_mismatch
50823,3806639000016828198,0,3133.1,3133.1,3289.74,3133.1,large_mismatch
50822,3806639000016805407,0,1298,1298,1258.95,1298,large_mismatch
50821,3806639000016784299,0,1398,1398,1363.95,1398,large_mismatch
50820,3806639000016805399,0,1234.05,1234.05,1295.75,1234.05,large_mismatch
50819,3806639000016856314,0,600,600,526.05,600,large_mismatch
50818,3806639000016804419,0,1398,1398,1363.95,1398,large_mismatch
50817,3806639000016829332,0,1172.35,1172.35,1230.97,1172.35,large_mismatch
50816,3806639000016834310,0,968.19,968.19,1016.6,968.19,large_mismatch
50815,3806639000016822253,0,2898,2898,2938.95,2898,large_mismatch
50814,3806639000016806388,0,1139.05,1139.05,1196,1139.05,large_mismatch
50813,3806639000016829304,0,2898,2898,2938.95,2898,large_mismatch
50812,3806639000016803284,0,1234.05,1234.05,1295.75,1234.05,large_mismatch
50811,3806639000016818353,0,1398,1398,1363.95,1398,large_mismatch
50810,3806639000016833343,0,1398,1398,1363.95,1398,large_mismatch
50809,3806639000016827218,0,1709.05,1709.05,1794.5,1709.05,large_mismatch
50808,3806639000016828189,0,1898,1898,1888.95,1898,large_mismatch
50807,3806639000016835176,0,1898,1898,1888.96,1898,large_mismatch
50806,3806639000016825347,0,1139.05,1139.05,1196,1139.05,large_mismatch
50805,3806639000016826275,0,1398,1398,1363.95,1398,large_mismatch
50804,3806639000016804383,0,1139.05,1139.05,1196,1139.05,large_mismatch
50803,3806639000016805375,0,1234.05,1234.05,1295.75,1234.05,large_mismatch
50802,3806639000016856305,0,1082.1,1082.1,1136.21,1082.1,large_mismatch
50801,3806639000016840175,0,1398,1398,1363.95,1398,large_mismatch
50800,3806639000016825338,0,1298,1298,1258.95,1298,large_mismatch
50799,3806639000016826267,0,1398,1398,1363.95,1398,large_mismatch
50798,3806639000016838247,0,2659.05,2659.05,2792,2659.05,large_mismatch
50797,3806639000016829288,0,2658.1,2658.1,2790.99,2658.1,large_mismatch
50796,3806639000016826259,0,1298,1298,1258.95,1298,large_mismatch
50795,3806639000016825296,0,2898,2898,2938.95,2898,large_mismatch
50794,3806639000016829278,0,1025.15,1025.15,1076.41,1025.15,large_mismatch
50793,3806639000016840167,0,1898,1898,1888.95,1898,large_mismatch
50792,3806639000016830311,0,2659.05,2659.05,2792,2659.05,large_mismatch
50791,3806639000016805365,0,898,898,838.96,898,large_mismatch
50790,3806639000016856268,0,2943.1,2943.1,3090.26,2943.1,large_mismatch
50789,3806639000016804373,0,1234.05,1234.05,1295.75,1234.05,large_mismatch
50788,3806639000016840159,0,1298,1298,1258.95,1298,large_mismatch
50787,3806639000016828172,0,1298,1298,1258.95,1298,large_mismatch
50786,3806639000016825270,0,2898,2898,2938.95,2898,large_mismatch
50785,3806639000016819309,0,2098,2098,2098.95,2098,large_mismatch
50784,3806639000016842360,0,2497,2497,2517.9,2497,large_mismatch
50783,3806639000016837455,0,1172.35,1172.35,1230.97,1172.35,large_mismatch
50782,3806639000016823436,0,1298,1298,1258.95,1298,large_mismatch
50781,3806639000016806319,0,2898,2898,2938.95,2898,large_mismatch
50780,3806639000016837446,0,1298,1298,1258.95,1298,large_mismatch
50779,3806639000016840147,0,1899.05,1899.05,1993.99,1899.05,large_mismatch
50778,3806639000016841172,0,1139.05,1139.05,1196,1139.05,large_mismatch
50777,3806639000016805340,0,2198,2198,2203.95,2198,large_mismatch
50776,3806639000016838218,0,1398,1398,1363.95,1398,large_mismatch
50775,3806639000016837439,0,1147.67,1147.67,1205.05,1147.67,large_mismatch
50774,3806639000016784229,0,1298,1298,1258.95,1298,large_mismatch
50773,3806639000016838182,0,1899.05,1899.05,1993.99,1899.05,large_mismatch
50772,3806639000016805317,0,1298,1298,1258.96,1298,large_mismatch
50771,3806639000016825232,0,1766.12,1766.12,1854.43,1766.12,large_mismatch
50770,3806639000016842340,0,1238.05,1238.05,1196,1238.05,large_mismatch
50769,3806639000016834286,0,1623.6,1623.6,1704.78,1623.6,large_mismatch
50768,3806639000016804297,0,2198,2198,2203.95,2198,large_mismatch
50767,3806639000016833279,0,1398,1398,1363.96,1398,large_mismatch
50766,3806639000016837378,0,1298,1298,1258.95,1298,large_mismatch
50765,3806639000016841152,0,56.95,56.95,59.8,56.95,small_mismatch
50764,3806639000016818252,0,1298,1298,1258.95,1298,large_mismatch
50763,3806639000016839222,0,1059.32,1059.32,1112.28,1059.32,large_mismatch
50762,3806639000016804284,0,1804.1,1804.1,1894.31,1804.1,large_mismatch
50761,3806639000016840139,0,1199,1199,1258.95,1199,large_mismatch
50760,3806639000016840127,0,2898,2898,2938.95,2898,large_mismatch
50759,3806639000016822169,0,1398,1398,1363.95,1398,large_mismatch
50758,3806639000016805302,0,2659.05,2659.05,2792,2659.05,large_mismatch
50757,3806639000016822161,0,1110.65,1110.65,1166.18,1110.65,large_mismatch
50756,3806639000016840106,0,1941.93,1941.93,2039.03,1941.93,large_mismatch
50755,3806639000016839142,0,1898,1898,1888.95,1898,large_mismatch
50754,3806639000016823399,0,1139.05,1139.05,1196,1139.05,large_mismatch
50753,3806639000016819237,0,1709.05,1709.05,1794.5,1709.05,large_mismatch
50752,3806639000016825211,0,2098,2098,2098.95,2098,large_mismatch
50751,3806639000016834211,0,1234.05,1234.05,1295.75,1234.05,large_mismatch
50750,3806639000016804260,0,1172.35,1172.35,1230.97,1172.35,large_mismatch
50749,3806639000016842252,0,1398,1398,1363.95,1398,large_mismatch
50748,3806639000016818225,0,1994.05,1994.05,2093.75,1994.05,large_mismatch
50746,3806639000016833196,0,1398,1398,1363.95,1398,large_mismatch
50745,3806639000016806297,0,1172.35,1172.35,1230.97,1172.35,large_mismatch
50744,3806639000016826212,0,665,665,698.25,665,large_mismatch
50743,3806639000016825179,0,1398,1398,1363.95,1398,large_mismatch
50742,3806639000016803188,0,1234.05,1234.05,1295.75,1234.05,large_mismatch
50741,3806639000016806274,0,1899.05,1899.05,1993.99,1899.05,large_mismatch
50740,3806639000016838142,0,1139.05,1139.05,1196,1139.05,large_mismatch
50739,3806639000016836207,0,1110.65,1110.65,1166.18,1110.65,large_mismatch
50738,3806639000016837268,0,1234.05,1234.05,1295.75,1234.05,large_mismatch
50737,3806639000016856142,0,1398,1398,1363.96,1398,large_mismatch
50736,3806639000016784155,0,2659.05,2659.05,2792,2659.05,large_mismatch
50735,3806639000016841122,0,2526.1,2526.1,2652.39,2526.1,large_mismatch
50734,3806639000016804247,0,2898,2898,2938.95,2898,large_mismatch
50733,3806639000016835081,0,1398,1398,1363.95,1398,large_mismatch
50732,3806639000016854220,0,1709.05,1709.05,1794.5,1709.05,large_mismatch
50731,3806639000016806238,0,1994.05,1994.05,2093.75,1994.05,large_mismatch
50730,3806639000016822152,0,1398,1398,1363.95,1398,large_mismatch
50729,3806639000016805200,0,1398,1398,1363.95,1398,large_mismatch
50728,3806639000016784146,0,1623.6,1623.6,1704.78,1623.6,large_mismatch
50727,3806639000016804228,0,1298,1298,1258.95,1298,large_mismatch
50726,3806639000016784137,0,1139.05,1139.05,1196,1139.05,large_mismatch
50725,3806639000016819190,0,1298,1298,1258.95,1298,large_mismatch
50724,3806639000016802243,0,2849.05,2849.05,2991.5,2849.05,large_mismatch
50723,3806639000016833158,0,1178.1,1178.1,1133.06,1178.1,large_mismatch
50722,3806639000016825163,0,1298,1298,1258.95,1298,large_mismatch
50721,3806639000016825171,0,1398,1398,1363.95,1398,large_mismatch
50720,3806639000016825156,0,3098,3098,3148.95,3098,large_mismatch
50719,3806639000016818122,0,1298,1298,1258.95,1298,large_mismatch
50718,3806639000016784128,0,1398,1398,1363.95,1398,large_mismatch
50717,3806639000016804218,0,1994.05,1994.05,2093.75,1994.05,large_mismatch
50716,3806639000016818114,0,1398,1398,1363.95,1398,large_mismatch
50715,3806639000016856057,0,1709.05,1709.05,1794.5,1709.05,large_mismatch
50714,3806639000016842159,0,1298,1298,1258.95,1298,large_mismatch
50713,3806639000016823229,0,1139.05,1139.05,1196,1139.05,large_mismatch
50712,3806639000016838118,0,1234.05,1234.05,1295.75,1234.05,large_mismatch
50711,3806639000016834137,0,2373.1,2373.1,2491.76,2373.1,large_mismatch
50710,3806639000016825149,0,1139.05,1139.05,1196,1139.05,large_mismatch
50709,3806639000016806220,0,1178.1,1178.1,1133.06,1178.1,large_mismatch
50708,3806639000016828074,0,4397,4397,4512.9,4397,large_mismatch
50707,3806639000016827097,0,4297,4297,4407.9,4297,large_mismatch
50706,3806639000016802225,0,1234.05,1234.05,1295.75,1234.05,large_mismatch
50705,3806639000016804209,0,1298,1298,1258.95,1298,large_mismatch
50704,3806639000016818106,0,61.7,61.7,64.79,61.7,small_mismatch
50703,3806639000016804194,0,2659.05,2659.05,2792,2659.05,large_mismatch
50702,3806639000016834126,0,1994.05,1994.05,2093.75,1994.05,large_mismatch
50701,3806639000016819139,0,1234.05,1234.05,1295.75,1234.05,large_mismatch
50700,3806639000016841063,0,1178.1,1178.1,1133.06,1178.1,large_mismatch
50699,3806639000016856049,0,1398,1398,1363.95,1398,large_mismatch
50698,3806639000016830087,0,1110.65,1110.65,1166.18,1110.65,large_mismatch
50697,3806639000016823141,0,1398,1398,1363.95,1398,large_mismatch
50696,3806639000016836107,0,1234.05,1234.05,1295.75,1234.05,large_mismatch
50695,3806639000016838100,0,1298,1298,1258.95,1298,large_mismatch
50694,3806639000016854181,0,1398,1398,1363.95,1398,large_mismatch
50693,3806639000016839066,0,1139.05,1139.05,1196.01,1139.05,large_mismatch
50692,3806639000016830078,0,1398,1398,1363.95,1398,large_mismatch
50691,3806639000016854171,0,2980.14,2980.14,3025.2,2980.14,large_mismatch
50690,3806639000016856031,0,1234.05,1234.05,1295.75,1234.05,large_mismatch
50689,3806639000016835033,0,2198,2198,2203.95,2198,large_mismatch
50688,3806639000016854153,0,1234.05,1234.05,1295.75,1234.05,large_mismatch
50687,3806639000016806160,0,1589.42,1589.42,1668.89,1589.42,large_mismatch
50686,3806639000016833099,0,1139.05,1139.05,1196.01,1139.05,large_mismatch
50685,3806639000016837140,0,1333.05,1333.05,1295.75,1333.05,large_mismatch
50684,3806639000016802162,0,1298,1298,1258.95,1298,large_mismatch
50683,3806639000016804141,0,1139.05,1139.05,1196,1139.05,large_mismatch
50682,3806639000016826091,0,2397,2397,2412.9,2397,large_mismatch
50681,3806639000016818097,0,1234.05,1234.05,1295.75,1234.05,large_mismatch
50680,3806639000016803100,0,1398,1398,1363.95,1398,large_mismatch
50678,3806639000016802153,0,2098,2098,2098.95,2098,large_mismatch
50677,3806639000016854125,0,2898,2898,2938.95,2898,large_mismatch
50676,3806639000016834064,0,1298,1298,1258.95,1298,large_mismatch
50675,3806639000016806145,0,2393.15,2393.15,2512.82,2393.15,large_mismatch
50674,3806639000016805131,0,1898,1898,1888.95,1898,large_mismatch
50673,3806639000016825125,0,1898,1898,1888.95,1898,large_mismatch
50672,3806639000016806104,0,1234.05,1234.05,1295.75,1234.05,large_mismatch
50671,3806639000016826083,0,1059.32,1059.32,1112.29,1059.32,large_mismatch
50670,3806639000016825086,0,1298,1298,1258.95,1298,large_mismatch
50669,3806639000016837090,0,1994.05,1994.05,2093.75,1994.05,large_mismatch
50668,3806639000016838081,0,1234.05,1234.05,1295.75,1234.05,large_mismatch
50667,3806639000016804101,0,1139.05,1139.05,1196,1139.05,large_mismatch
50666,3806639000016842070,0,1899.05,1899.05,1993.99,1899.05,large_mismatch
50665,3806639000016839057,0,1298,1298,1258.95,1298,large_mismatch
50664,3806639000016804092,0,1299,1299,1363.95,1299,large_mismatch
50663,3806639000016823050,0,2098,2098,2098.95,2098,large_mismatch
50662,3806639000016804082,0,2098,2098,2098.95,2098,large_mismatch
50661,3806639000016818055,0,1398,1398,1363.95,1398,large_mismatch
50660,3806639000016806095,0,1298,1298,1258.95,1298,large_mismatch
50659,3806639000016802078,0,1398,1398,1363.95,1398,large_mismatch
50658,3806639000016836042,0,2198,2198,2203.95,2198,large_mismatch
50657,3806639000016804073,0,1538.15,1538.15,1615.06,1538.15,large_mismatch
50656,3806639000016834025,0,1898,1898,1888.95,1898,large_mismatch
50655,3806639000016837040,0,1139.05,1139.05,1196,1139.05,large_mismatch
50654,3806639000016830027,0,1082.1,1082.1,1136.21,1082.1,large_mismatch
50653,3806639000016838062,0,1298,1298,1258.95,1298,large_mismatch
50652,3806639000016840027,0,1139.05,1139.05,1196,1139.05,large_mismatch
50651,3806639000016823014,0,1139.05,1139.05,1196,1139.05,large_mismatch
50650,3806639000016833018,0,1898,1898,1888.95,1898,large_mismatch
50649,3806639000016838037,0,1234.05,1234.05,1295.75,1234.05,large_mismatch
50647,3806639000016830018,0,1398,1398,1363.95,1398,large_mismatch
50646,3806639000016837030,0,1298,1298,1258.96,1298,large_mismatch
50645,3806639000016854018,0,2393.15,2393.15,2512.82,2393.15,large_mismatch
50644,3806639000016837022,0,1398,1398,1363.95,1398,large_mismatch
50643,3806639000016804036,0,2098,2098,2098.95,2098,large_mismatch
50642,3806639000016818045,0,2183.1,2183.1,2292.26,2183.1,large_mismatch
50641,3806639000016840003,0,1234.05,1234.05,1295.75,1234.05,large_mismatch
50640,3806639000016836017,0,2697,2697,2727.9,2697,large_mismatch
50639,3806639000016805036,0,2898,2898,2938.95,2898,large_mismatch
50638,3806639000016803033,0,1139.05,1139.05,1196,1139.05,large_mismatch
50637,3806639000016838003,0,1234.05,1234.05,1295.75,1234.05,large_mismatch
50636,3806639000016819043,0,1172.35,1172.35,1230.97,1172.35,large_mismatch
50635,3806639000016805013,0,1234.05,1234.05,1295.75,1234.05,large_mismatch
50634,3806639000016834002,0,1398,1398,1363.95,1398,large_mismatch
50633,3806639000016830011,0,1398,1398,1363.95,1398,large_mismatch
50632,3806639000016829033,0,1234.05,1234.05,1295.75,1234.05,large_mismatch
50631,3806639000016784041,0,1398,1398,1363.95,1398,large_mismatch
50630,3806639000016784033,0,1298,1298,1258.95,1298,large_mismatch
50629,3806639000016827011,0,1398,1398,1363.95,1398,large_mismatch
50628,3806639000016826002,0,1398,1398,1363.95,1398,large_mismatch
50627,3806639000016822003,0,1234.05,1234.05,1295.75,1234.05,large_mismatch
50626,3806639000016818002,0,6996,6996,7241.85,6996,large_mismatch
50625,3806639000016803003,0,2659.05,2659.05,2792.01,2659.05,large_mismatch
50624,3806639000016601108,0,1898,1898,1888.95,1898,large_mismatch
50623,3806639000016595300,0,6996,6996,7241.85,6996,large_mismatch
50622,3806639000016610214,0,1234.05,1234.05,1295.75,1234.05,large_mismatch
50621,3806639000016597280,0,1154.12,1154.12,1107.88,1154.12,large_mismatch
50620,3806639000016581279,0,1298,1298,1258.95,1298,large_mismatch
50619,3806639000016581271,0,1623.6,1623.6,1704.78,1623.6,large_mismatch
50618,3806639000016580294,0,2943.1,2943.1,3090.26,2943.1,large_mismatch
50617,3806639000016581260,0,2098,2098,2098.95,2098,large_mismatch
50616,3806639000016559167,0,2497,2497,2517.9,2497,large_mismatch
50615,3806639000016610202,0,2898,2898,2938.95,2898,large_mismatch
50614,3806639000016578138,0,2098,2098,2098.95,2098,large_mismatch
50613,3806639000016601101,0,1234.05,1234.05,1295.75,1234.05,large_mismatch
50612,3806639000016566187,0,8165.25,8165.25,8573.51,8165.25,large_mismatch
50611,3806639000016643175,0,1589.42,1589.42,1668.89,1589.42,large_mismatch
50610,3806639000016596364,0,1139.05,1139.05,1196,1139.05,large_mismatch
50609,3806639000016599281,0,1298,1298,1258.95,1298,large_mismatch
50608,3806639000016597223,0,2980.14,2980.14,3025.2,2980.14,large_mismatch
50607,3806639000016601092,0,1139.05,1139.05,1196,1139.05,large_mismatch
50606,3806639000016559159,0,1398,1398,1363.95,1398,large_mismatch
50605,3806639000016596345,0,1139.05,1139.05,1196,1139.05,large_mismatch
50604,3806639000016575160,0,1398,1398,1363.95,1398,large_mismatch
50603,3806639000016599273,0,1398,1398,1363.95,1398,large_mismatch
50602,3806639000016568157,0,1139.05,1139.05,1196,1139.05,large_mismatch
50601,3806639000016610171,0,1398,1398,1363.95,1398,large_mismatch
50600,3806639000016609337,0,1298,1298,1258.95,1298,large_mismatch
50599,3806639000016609329,0,1898,1898,1888.95,1898,large_mismatch
50598,3806639000016572160,0,1709.05,1709.05,1794.5,1709.05,large_mismatch
50597,3806639000016572151,0,1298,1298,1258.95,1298,large_mismatch
50596,3806639000016571189,0,1298,1298,1258.95,1298,large_mismatch
50595,3806639000016568148,0,1234.05,1234.05,1295.75,1234.05,large_mismatch
50594,3806639000016595238,0,1172.35,1172.35,1230.97,1172.35,large_mismatch
50593,3806639000016597204,0,1298,1298,1258.95,1298,large_mismatch
50592,3806639000016555094,0,1398,1398,1363.95,1398,large_mismatch
50591,3806639000016570284,0,1234.05,1234.05,1295.75,1234.05,large_mismatch
50590,3806639000016568139,0,1234.05,1234.05,1295.75,1234.05,large_mismatch
50589,3806639000016571171,0,1234.05,1234.05,1295.75,1234.05,large_mismatch
50588,3806639000016579185,0,1398,1398,1363.95,1398,large_mismatch
50587,3806639000016555085,0,1333.05,1333.05,1295.75,1333.05,large_mismatch
50586,3806639000016596249,0,2098,2098,2098.95,2098,large_mismatch
50585,3806639000016571162,0,1589.42,1589.42,1668.89,1589.42,large_mismatch
50584,3806639000016578110,0,3997,3997,4092.9,3997,large_mismatch
50583,3806639000016596236,0,2898,2898,2938.95,2898,large_mismatch
50582,3806639000016575153,0,1398,1398,1363.95,1398,large_mismatch
50581,3806639000016595175,0,1398,1398,1363.95,1398,large_mismatch
50580,3806639000016600211,0,1082.1,1082.1,1136.21,1082.1,large_mismatch
50579,3806639000016600202,0,1298,1298,1258.95,1298,large_mismatch
50578,3806639000016571123,0,3997,3997,4092.9,3997,large_mismatch
50577,3806639000016566158,0,1298,1298,1258.95,1298,large_mismatch
50576,3806639000016580207,0,1899.05,1899.05,1993.99,1899.05,large_mismatch
50575,3806639000016566150,0,1139.05,1139.05,1196,1139.05,large_mismatch
50574,3806639000016573128,0,1139.05,1139.05,1196,1139.05,large_mismatch
50573,3806639000016643109,0,2898,2898,2938.95,2898,large_mismatch
50572,3806639000016574229,0,1398,1398,1363.95,1398,large_mismatch
50571,3806639000016555066,0,1709.05,1709.05,1794.5,1709.05,large_mismatch
50570,3806639000016574217,0,1898.1,1898.1,1889.06,1898.1,large_mismatch
50569,3806639000016599237,0,1298,1298,1258.95,1298,large_mismatch
50568,3806639000016566116,0,1298,1298,1258.95,1298,large_mismatch
50567,3806639000016597171,0,1139.05,1139.05,1196,1139.05,large_mismatch
50566,3806639000016579126,0,1398,1398,1363.95,1398,large_mismatch
50565,3806639000016578096,0,2898,2898,2938.95,2898,large_mismatch
50564,3806639000016564193,0,1234.05,1234.05,1295.75,1234.05,large_mismatch
50563,3806639000016576172,0,1172.35,1172.35,1230.97,1172.35,large_mismatch
50562,3806639000016566108,0,1398,1398,1363.95,1398,large_mismatch
50561,3806639000016573119,0,1298,1298,1258.95,1298,large_mismatch
50560,3806639000016610154,0,260.16,260.16,273.17,260.16,large_mismatch
50559,3806639000016599229,0,1139.05,1139.05,1196,1139.05,large_mismatch
50558,3806639000016578087,0,1398,1398,1363.95,1398,large_mismatch
50557,3806639000016610145,0,1298,1298,1258.95,1298,large_mismatch
50556,3806639000016609273,0,2098,2098,2098.95,2098,large_mismatch
50555,3806639000016609264,0,1398,1398,1363.95,1398,large_mismatch
50554,3806639000016609256,0,1398,1398,1363.95,1398,large_mismatch
50553,3806639000016559093,0,1234.05,1234.05,1295.75,1234.05,large_mismatch
50552,3806639000016610137,0,1398,1398,1363.95,1398,large_mismatch
50551,3806639000016579081,0,1709.15,1709.15,1794.6,1709.15,large_mismatch
50550,3806639000016558191,0,759.05,759.05,797,759.05,large_mismatch
50549,3806639000016643081,0,2943.1,2943.1,3090.26,2943.1,large_mismatch
50548,3806639000016555057,0,1299,1299,1363.95,1299,large_mismatch
50547,3806639000016609248,0,1398,1398,1363.95,1398,large_mismatch
50546,3806639000016570247,0,2099,2099,2203.95,2099,large_mismatch
50545,3806639000016611115,0,1333.05,1333.05,1295.75,1333.05,large_mismatch
50544,3806639000016595122,0,2659.05,2659.05,2792,2659.05,large_mismatch
50543,3806639000016600164,0,1898,1898,1888.95,1898,large_mismatch
50542,3806639000016575082,0,2526.1,2526.1,2652.39,2526.1,large_mismatch
50541,3806639000016574154,0,1898,1898,1888.95,1898,large_mismatch
50540,3806639000016595113,0,1398,1398,1363.95,1398,large_mismatch
50539,3806639000016578079,0,1398,1398,1363.95,1398,large_mismatch
50538,3806639000016574146,0,1082.1,1082.1,1136.21,1082.1,large_mismatch
50537,3806639000016566099,0,1139.05,1139.05,1196,1139.05,large_mismatch
50536,3806639000016566089,0,3897,3897,3987.9,3897,large_mismatch
50535,3806639000016574129,0,2472.92,2472.92,2596.57,2472.92,large_mismatch
50534,3806639000016596144,0,2198,2198,2203.95,2198,large_mismatch
50533,3806639000016564175,0,1234.05,1234.05,1295.75,1234.05,large_mismatch
50532,3806639000016564166,0,1398,1398,1363.95,1398,large_mismatch
50531,3806639000016558178,0,1899.05,1899.05,1993.99,1899.05,large_mismatch
50530,3806639000016567053,0,1234.05,1234.05,1295.75,1234.05,large_mismatch
50529,3806639000016581150,0,1139.05,1139.05,1196,1139.05,large_mismatch
50528,3806639000016600102,0,1098,1098,1048.95,1098,large_mismatch
50527,3806639000016576112,0,2526.1,2526.1,2652.39,2526.1,large_mismatch
50526,3806639000016567044,0,1234.05,1234.05,1295.75,1234.05,large_mismatch
50525,3806639000016610094,0,1398,1398,1363.95,1398,large_mismatch
50524,3806639000016576101,0,1994.05,1994.05,2093.75,1994.05,large_mismatch
50523,3806639000016572079,0,1139.05,1139.05,1196.01,1139.05,large_mismatch
50522,3806639000016609173,0,1589.42,1589.42,1668.89,1589.42,large_mismatch
50521,3806639000016611066,0,1994.05,1994.05,2093.75,1994.05,large_mismatch
50520,3806639000016576085,0,2526.1,2526.1,2652.39,2526.1,large_mismatch
50519,3806639000016571048,0,2198,2198,2203.95,2198,large_mismatch
50518,3806639000016609154,0,1234.05,1234.05,1295.75,1234.05,large_mismatch
50517,3806639000016579063,0,1398,1398,1363.95,1398,large_mismatch
50516,3806639000016558136,0,2659.05,2659.05,2792,2659.05,large_mismatch
50515,3806639000016581103,0,1172.35,1172.35,1230.97,1172.35,large_mismatch
50514,3806639000016570177,0,1234.05,1234.05,1295.75,1234.05,large_mismatch
50513,3806639000016599118,0,1398,1398,1363.95,1398,large_mismatch
50512,3806639000016596067,0,2298,2298,2308.95,2298,large_mismatch
50511,3806639000016559075,0,1398,1398,1363.95,1398,large_mismatch
50510,3806639000016581094,0,1398,1398,1363.95,1398,large_mismatch
50509,3806639000016579055,0,1298,1298,1258.95,1298,large_mismatch
50508,3806639000016564133,0,1398,1398,1363.95,1398,large_mismatch
50507,3806639000016573056,0,1899.05,1899.05,1993.99,1899.05,large_mismatch
50506,3806639000016567012,0,1709.05,1709.05,1794.5,1709.05,large_mismatch
50505,3806639000016572070,0,1398,1398,1363.95,1398,large_mismatch
50504,3806639000016572058,0,2898,2898,2938.95,2898,large_mismatch
50503,3806639000016559067,0,1398,1398,1363.95,1398,large_mismatch
50502,3806639000016558094,0,1898,1898,1888.95,1898,large_mismatch
50501,3806639000016581073,0,1899.05,1899.05,1993.99,1899.05,large_mismatch
50500,3806639000016564124,0,1898,1898,1888.96,1898,large_mismatch
50499,3806639000016559044,0,1234.05,1234.05,1295.75,1234.05,large_mismatch
50498,3806639000016596042,0,1234.05,1234.05,1295.75,1234.05,large_mismatch
50497,3806639000016609071,0,1398,1398,1363.96,1398,large_mismatch
50496,3806639000016564114,0,2098,2098,2098.95,2098,large_mismatch
50495,3806639000016596032,0,2597,2597,2622.9,2597,large_mismatch
50494,3806639000016580076,0,1899.05,1899.05,1993.99,1899.05,large_mismatch
50493,3806639000016610048,0,1398,1398,1363.95,1398,large_mismatch
50492,3806639000016578056,0,1298,1298,1258.95,1298,large_mismatch
50491,3806639000016571020,0,2298,2298,2308.95,2298,large_mismatch
50490,3806639000016575012,0,1994.05,1994.05,2093.75,1994.05,large_mismatch
50489,3806639000016611002,0,2980.14,2980.14,3025.2,2980.14,large_mismatch
50488,3806639000016595011,0,1898,1898,1888.95,1898,large_mismatch
50487,3806639000016580036,0,1234.05,1234.05,1295.75,1234.05,large_mismatch
50486,3806639000016574032,0,1398,1398,1363.95,1398,large_mismatch
50485,3806639000016597013,0,2659.05,2659.05,2792,2659.05,large_mismatch
50484,3806639000016579036,0,1172.35,1172.35,1230.97,1172.35,large_mismatch
50483,3806639000016581021,0,721.1,721.1,757.16,721.1,large_mismatch
50482,3806639000016571011,0,898,898,838.95,898,large_mismatch
50481,3806639000016559035,0,1398,1398,1363.95,1398,large_mismatch
50480,3806639000016580018,0,3893.1,3893.1,4087.76,3893.1,large_mismatch
50479,3806639000016566010,0,1298,1298,1258.95,1298,large_mismatch
50478,3806639000016568013,0,1234.05,1234.05,1295.75,1234.05,large_mismatch
50477,3806639000016576002,0,2497,2497,2517.9,2497,large_mismatch
50476,3806639000016575003,0,1172.35,1172.35,1230.97,1172.35,large_mismatch
50475,3806639000016572001,0,1298,1298,1258.95,1298,large_mismatch
50474,3806639000016570001,0,1298,1298,1258.95,1298,large_mismatch
50473,3806639000016567003,0,2706.6,2706.6,2841.93,2706.6,large_mismatch
50472,3806639000016566002,0,1398,1398,1363.95,1398,large_mismatch
50471,3806639000016358352,0,2373.1,2373.1,2491.76,2373.1,large_mismatch
50470,3806639000016357273,0,1898,1898,1888.95,1898,large_mismatch
50469,3806639000016396239,0,3893.1,3893.1,4087.76,3893.1,large_mismatch
50468,3806639000016492174,0,2980.14,2980.14,3025.2,2980.14,large_mismatch
50467,3806639000016492161,0,1804.1,1804.1,1894.31,1804.1,large_mismatch
50466,3806639000016425149,0,1398,1398,1363.95,1398,large_mismatch
50465,3806639000016399237,0,1538.15,1538.15,1615.06,1538.15,large_mismatch
50464,3806639000016484099,0,2098,2098,2098.95,2098,large_mismatch
50463,3806639000016484083,0,2898,2898,2938.95,2898,large_mismatch
50462,3806639000016359269,0,1082.1,1082.1,1136.21,1082.1,large_mismatch
50461,3806639000016491114,0,1398,1398,1363.95,1398,large_mismatch
50460,3806639000016427217,0,1589.42,1589.42,1668.89,1589.42,large_mismatch
50459,3806639000016396224,0,3067.14,3067.14,3220.49,3067.14,large_mismatch
50458,3806639000016399203,0,1709.05,1709.05,1794.5,1709.05,large_mismatch
50457,3806639000016483173,0,1994.05,1994.05,2093.75,1994.05,large_mismatch
50456,3806639000016362190,0,759.05,759.05,797,759.05,large_mismatch
50455,3806639000016437170,0,3397,3397,3462.9,3397,large_mismatch
50454,3806639000015675926,0,1059.32,1059.32,1112.29,1059.32,large_mismatch
50453,3806639000016357232,0,1398,1398,1363.95,1398,large_mismatch
50452,3806639000016370060,0,759.05,759.05,797,759.05,large_mismatch
50451,3806639000016396215,0,1234.05,1234.05,1295.75,1234.05,large_mismatch
50450,3806639000016324275,0,1139.05,1139.05,1196,1139.05,large_mismatch
50449,3806639000016491104,0,2887.14,2887.14,2927.55,2887.14,large_mismatch
50448,3806639000016493095,0,1994.05,1994.05,2093.75,1994.05,large_mismatch
50447,3806639000016486099,0,1398,1398,1363.95,1398,large_mismatch
50446,3806639000016362181,0,1234.05,1234.05,1295.75,1234.05,large_mismatch
50445,3806639000016484073,0,1398,1398,1363.96,1398,large_mismatch
50444,3806639000016437110,0,2098,2098,2098.95,2098,large_mismatch
50443,3806639000016409118,0,1398,1398,1363.95,1398,large_mismatch
50442,3806639000016370045,0,2472.92,2472.92,2596.57,2472.92,large_mismatch
50441,3806639000016358277,0,1898,1898,1888.95,1898,large_mismatch
50440,3806639000016427166,0,1234.05,1234.05,1295.75,1234.05,large_mismatch
50439,3806639000016518015,0,2898,2898,2938.95,2898,large_mismatch
50438,3806639000015715960,0,1172.35,1172.35,1230.97,1172.35,large_mismatch
50437,3806639000016425117,0,1139.05,1139.05,1196,1139.05,large_mismatch
50436,3806639000016483093,0,1268.1,1268.1,1227.56,1268.1,large_mismatch
50435,3806639000016396181,0,1709.05,1709.05,1794.5,1709.05,large_mismatch
50434,3806639000016337335,0,1398,1398,1363.95,1398,large_mismatch
50433,3806639000016324266,0,1234.05,1234.05,1295.75,1234.05,large_mismatch
50432,3806639000016357197,0,1398,1398,1363.95,1398,large_mismatch
50431,3806639000016486091,0,1234.05,1234.05,1295.75,1234.05,large_mismatch
50430,3806639000016370034,0,4083.1,4083.1,4287.26,4083.1,large_mismatch
50429,3806639000016396172,0,3098,3098,3148.95,3098,large_mismatch
50428,3806639000016399134,0,2393.15,2393.15,2512.82,2393.15,large_mismatch
50427,3806639000016362127,0,56.95,56.95,59.8,56.95,small_mismatch
50426,3806639000016491076,0,1234.05,1234.05,1295.75,1234.05,large_mismatch
50425,3806639000016483069,0,1398,1398,1363.95,1398,large_mismatch
50424,3806639000016437086,0,1234.05,1234.05,1295.75,1234.05,large_mismatch
50423,3806639000016425108,0,1398,1398,1363.95,1398,large_mismatch
50422,3806639000016484052,0,2098,2098,2098.95,2098,large_mismatch
50421,3806639000016361203,0,1298,1298,1258.95,1298,large_mismatch
50420,3806639000016358229,0,1538.15,1538.15,1615.06,1538.15,large_mismatch
50419,3806639000016486043,0,1172.35,1172.35,1230.97,1172.35,large_mismatch
50418,3806639000016337317,0,1234.05,1234.05,1295.75,1234.05,large_mismatch
50417,3806639000016409052,0,3798.1,3798.1,3988.01,3798.1,large_mismatch
50416,3806639000016362114,0,3798.1,3798.1,3988.01,3798.1,large_mismatch
50415,3806639000016483061,0,1172.35,1172.35,1230.97,1172.35,large_mismatch
50414,3806639000016361196,0,1234.05,1234.05,1295.75,1234.05,large_mismatch
50413,3806639000016348229,0,1772.07,1772.07,1756.72,1772.07,large_mismatch
50412,3806639000015719923,0,1398,1398,1363.95,1398,large_mismatch
50411,3806639000016486034,0,1398,1398,1363.95,1398,large_mismatch
50410,3806639000016493033,0,2472.92,2472.92,2596.57,2472.92,large_mismatch
50409,3806639000016484042,0,1298,1298,1258.95,1298,large_mismatch
50408,3806639000016396127,0,1709.05,1709.05,1794.5,1709.05,large_mismatch
50407,3806639000015715911,0,1234.05,1234.05,1295.75,1234.05,large_mismatch
50406,3806639000015694930,0,1589.42,1589.42,1668.9,1589.42,large_mismatch
50405,3806639000016348221,0,1139.05,1139.05,1196,1139.05,large_mismatch
50404,3806639000015737973,0,1234.05,1234.05,1295.75,1234.05,large_mismatch
50403,3806639000016324255,0,1899.05,1899.05,1994,1899.05,large_mismatch
50402,3806639000016399072,0,1398,1398,1363.95,1398,large_mismatch
50401,3806639000016425050,0,2198,2198,2203.96,2198,large_mismatch
50400,3806639000015737964,0,1398,1398,1363.95,1398,large_mismatch
50399,3806639000016493015,0,1298,1298,1258.95,1298,large_mismatch
50398,3806639000016491013,0,1298,1298,1258.95,1298,large_mismatch
50397,3806639000016486017,0,1298,1298,1258.95,1298,large_mismatch
50396,3806639000016370024,0,2164.19,2164.19,2272.4,2164.19,large_mismatch
50395,3806639000016437035,0,1709.05,1709.05,1794.5,1709.05,large_mismatch
50394,3806639000016396118,0,1398,1398,1363.95,1398,large_mismatch
50393,3806639000016358176,0,1398,1398,1363.95,1398,large_mismatch
50392,3806639000016437026,0,3597,3597,3672.9,3597,large_mismatch
50391,3806639000016491001,0,2898,2898,2938.95,2898,large_mismatch
50390,3806639000016425041,0,1398,1398,1363.95,1398,large_mismatch
50389,3806639000016370015,0,1398,1398,1363.95,1398,large_mismatch
50388,3806639000016359242,0,1298,1298,1258.95,1298,large_mismatch
50387,3806639000016437018,0,1398,1398,1363.95,1398,large_mismatch
50386,3806639000015715887,0,1234.05,1234.05,1295.75,1234.05,large_mismatch
50385,3806639000016424054,0,1298,1298,1258.95,1298,large_mismatch
50384,3806639000016396110,0,1234.05,1234.05,1295.75,1234.05,large_mismatch
50383,3806639000016410065,0,1139.05,1139.05,1196,1139.05,large_mismatch
50382,3806639000016399054,0,2098,2098,2098.95,2098,large_mismatch
50381,3806639000015675895,0,2618.1,2618.1,2645.06,2618.1,large_mismatch
50380,3806639000016357120,0,1398,1398,1363.95,1398,large_mismatch
50379,3806639000015675879,0,2659.05,2659.05,2792,2659.05,large_mismatch
50378,3806639000016396101,0,1139.05,1139.05,1196,1139.05,large_mismatch
50377,3806639000016337240,0,2098,2098,2098.95,2098,large_mismatch
50376,3806639000015711997,0,1398,1398,1363.95,1398,large_mismatch
50375,3806639000015675870,0,1398,1398,1363.95,1398,large_mismatch
50374,3806639000015719905,0,1398,1398,1363.95,1398,large_mismatch
50373,3806639000015694921,0,2888.07,2888.07,2928.52,2888.07,large_mismatch
50372,3806639000016427074,0,1234.05,1234.05,1295.75,1234.05,large_mismatch
50371,3806639000016348201,0,3098,3098,3252.9,3098,large_mismatch
50370,3806639000016396076,0,361.9,361.9,379.98,361.9,large_mismatch
50369,3806639000015709974,0,1398,1398,1363.95,1398,large_mismatch
50368,3806639000015718961,0,1234.05,1234.05,1295.75,1234.05,large_mismatch
50367,3806639000015715853,0,1398,1398,1363.95,1398,large_mismatch
50366,3806639000016324172,0,1614.19,1614.19,1694.89,1614.19,large_mismatch
50365,3806639000015718952,0,1398,1398,1363.95,1398,large_mismatch
50364,3806639000015717925,0,1398,1398,1363.95,1398,large_mismatch
50363,3806639000016359158,0,2649.62,2649.62,2782.1,2649.62,large_mismatch
50362,3806639000015694885,0,1398,1398,1363.95,1398,large_mismatch
50361,3806639000015709966,0,1333.05,1333.05,1295.75,1333.05,large_mismatch
50360,3806639000015711937,0,4097,4097,4197.9,4097,large_mismatch
50359,3806639000016348191,0,3897,3897,3987.9,3897,large_mismatch
50358,3806639000016399015,0,1898,1898,1888.95,1898,large_mismatch
50357,3806639000016410037,0,1298,1298,1258.95,1298,large_mismatch
50356,3806639000016409033,0,1398,1398,1363.95,1398,large_mismatch
50355,3806639000016362080,0,1298,1298,1258.95,1298,large_mismatch
50354,3806639000015675853,0,1398,1398,1363.95,1398,large_mismatch
50353,3806639000015672949,0,2198,2198,2203.95,2198,large_mismatch
50352,3806639000015699996,0,1298,1298,1258.95,1298,large_mismatch
50351,3806639000016410030,0,1772.07,1772.07,1756.72,1772.07,large_mismatch
50350,3806639000016396042,0,1172.35,1172.35,1230.97,1172.35,large_mismatch
50349,3806639000015718921,0,1398,1398,1363.95,1398,large_mismatch
50348,3806639000015714982,0,227.95,227.95,239.35,227.95,large_mismatch
50347,3806639000015694867,0,1398,1398,1363.95,1398,large_mismatch
50346,3806639000016324133,0,4197,4197,4302.9,4197,large_mismatch
50345,3806639000016410012,0,1298,1298,1258.95,1298,large_mismatch
50344,3806639000016409016,0,1298,1298,1258.95,1298,large_mismatch
50343,3806639000015711878,0,898,898,838.95,898,large_mismatch
50342,3806639000016409008,0,3098,3098,3148.95,3098,large_mismatch
50341,3806639000016324122,0,2373.1,2373.1,2491.76,2373.1,large_mismatch
50340,3806639000016348134,0,2098,2098,2098.95,2098,large_mismatch
50339,3806639000016396033,0,1234.05,1234.05,1295.75,1234.05,large_mismatch
50338,3806639000015715833,0,3703.1,3703.1,3888.26,3703.1,large_mismatch
50337,3806639000015717000,0,1234.05,1234.05,1295.75,1234.05,large_mismatch
50336,3806639000015711870,0,1398,1398,1363.95,1398,large_mismatch
50335,3806639000015672940,0,1333.05,1333.05,1295.75,1333.05,large_mismatch
50334,3806639000015717829,0,1234.05,1234.05,1295.75,1234.05,large_mismatch
50333,3806639000016396024,0,1898,1898,1888.95,1898,large_mismatch
50332,3806639000015675825,0,1298,1298,1258.95,1298,large_mismatch
50331,3806639000015718886,0,2098,2098,2098.95,2098,large_mismatch
50330,3806639000015680988,0,1398,1398,1363.96,1398,large_mismatch
50329,3806639000016357103,0,1082.1,1082.1,1136.21,1082.1,large_mismatch
50328,3806639000015695984,0,1298,1298,1258.95,1298,large_mismatch
50327,3806639000015694848,0,1139.05,1139.05,1196,1139.05,large_mismatch
50326,3806639000016359103,0,1398,1398,1363.96,1398,large_mismatch
50325,3806639000015694839,0,1234.05,1234.05,1295.75,1234.05,large_mismatch
50324,3806639000015713935,0,1298,1298,1258.95,1298,large_mismatch
50323,3806639000015713921,0,2526.1,2526.1,2652.39,2526.1,large_mismatch
50322,3806639000015718877,0,1398,1398,1363.95,1398,large_mismatch
50321,3806639000015694830,0,1298,1298,1258.95,1298,large_mismatch
50320,3806639000015715808,0,2373.1,2373.1,2491.76,2373.1,large_mismatch
50319,3806639000016348125,0,1298,1298,1258.95,1298,large_mismatch
50318,3806639000016348117,0,1298,1298,1258.95,1298,large_mismatch
50317,3806639000015694807,0,1398,1398,1363.95,1398,large_mismatch
50316,3806639000015679944,0,1709.05,1709.05,1794.5,1709.05,large_mismatch
50315,3806639000015675817,0,1398,1398,1363.95,1398,large_mismatch
50314,3806639000016362012,0,1139.05,1139.05,1196,1139.05,large_mismatch
50313,3806639000016358032,0,1139.05,1139.05,1196,1139.05,large_mismatch
50312,3806639000015715797,0,2098,2098,2098.95,2098,large_mismatch
50311,3806639000016357049,0,2098,2098,2098.95,2098,large_mismatch
50310,3806639000015679912,0,1398,1398,1363.95,1398,large_mismatch
50309,3806639000015672931,0,1772.07,1772.07,1756.72,1772.07,large_mismatch
50308,3806639000015694798,0,1299,1299,1363.95,1299,large_mismatch
50307,3806639000015694790,0,1234.05,1234.05,1295.75,1234.05,large_mismatch
50306,3806639000015713902,0,1234.05,1234.05,1295.75,1234.05,large_mismatch
50305,3806639000015709924,0,1898,1898,1888.95,1898,large_mismatch
50304,3806639000016358024,0,1147.67,1147.67,1205.05,1147.67,large_mismatch
50303,3806639000015709916,0,1139.05,1139.05,1196,1139.05,large_mismatch
50302,3806639000016337163,0,1172.35,1172.35,1230.97,1172.35,large_mismatch
50301,3806639000015713878,0,1398,1398,1363.95,1398,large_mismatch
50300,3806639000016337152,0,2278.1,2278.1,2392.01,2278.1,large_mismatch
50299,3806639000015713870,0,1589.42,1589.42,1668.89,1589.42,large_mismatch
50298,3806639000015719855,0,1298,1298,1258.95,1298,large_mismatch
50297,3806639000016337143,0,3098,3098,3148.95,3098,large_mismatch
50296,3806639000015720925,0,1994.05,1994.05,2093.75,1994.05,large_mismatch
50295,3806639000016337136,0,1398,1398,1363.95,1398,large_mismatch
50294,3806639000015672922,0,1139.05,1139.05,1196,1139.05,large_mismatch
50293,3806639000016358016,0,1199,1199,1258.95,1199,large_mismatch
50292,3806639000015710949,0,1139.05,1139.05,1196,1139.05,large_mismatch
50291,3806639000015676862,0,1234.05,1234.05,1295.75,1234.05,large_mismatch
50290,3806639000016324088,0,1398,1398,1363.95,1398,large_mismatch
50289,3806639000015676853,0,1298,1298,1258.95,1298,large_mismatch
50288,3806639000016361001,0,1234.05,1234.05,1295.75,1234.05,large_mismatch
50287,3806639000015672898,0,1398,1398,1363.95,1398,large_mismatch
50286,3806639000015675728,0,2898,2898,2938.95,2898,large_mismatch
50285,3806639000015718778,0,1298,1298,1258.95,1298,large_mismatch
50284,3806639000015716971,0,1234.05,1234.05,1295.75,1234.05,large_mismatch
50283,3806639000015763975,0,1398,1398,1363.95,1398,large_mismatch
50282,3806639000015713856,0,2898,2898,2938.95,2898,large_mismatch
50281,3806639000015716959,0,2705.69,2705.69,2840.97,2705.69,large_mismatch
50280,3806639000015709876,0,1899.05,1899.05,1994,1899.05,large_mismatch
50279,3806639000016359004,0,1238.05,1238.05,1196,1238.05,large_mismatch
50278,3806639000015699912,0,1299,1299,1363.95,1299,large_mismatch
50277,3806639000015715729,0,1139.05,1139.05,1196,1139.05,large_mismatch
50276,3806639000015673995,0,1298,1298,1258.95,1298,large_mismatch
50275,3806639000015676834,0,1398,1398,1363.95,1398,large_mismatch
50274,3806639000015680897,0,1398,1398,1363.95,1398,large_mismatch
50273,3806639000015673978,0,1234.05,1234.05,1295.75,1234.05,large_mismatch
50272,3806639000015720909,0,2659.05,2659.05,2792,2659.05,large_mismatch
50271,3806639000015673969,0,1398,1398,1363.95,1398,large_mismatch
50270,3806639000016324065,0,1398,1398,1363.95,1398,large_mismatch
50269,3806639000015676824,0,2098,2098,2098.95,2098,large_mismatch
50268,3806639000015672836,0,1234.05,1234.05,1295.75,1234.05,large_mismatch
50267,3806639000015699904,0,1298,1298,1258.95,1298,large_mismatch
50266,3806639000015700977,0,1298,1298,1258.95,1298,large_mismatch
50265,3806639000015715720,0,1139.05,1139.05,1196,1139.05,large_mismatch
50264,3806639000015678965,0,2898,2898,2938.95,2898,large_mismatch
50262,3806639000015673946,0,1085.96,1085.96,1140.26,1085.96,large_mismatch
50261,3806639000016337083,0,1234.05,1234.05,1295.75,1234.05,large_mismatch
50260,3806639000015679868,0,2648.73,2648.73,2781.17,2648.73,large_mismatch
50259,3806639000015676800,0,1139.05,1139.05,1196,1139.05,large_mismatch
50258,3806639000015679859,0,1234.05,1234.05,1295.75,1234.05,large_mismatch
50257,3806639000015714835,0,1899.05,1899.05,1993.99,1899.05,large_mismatch
50256,3806639000016357003,0,2098,2098,2098.95,2098,large_mismatch
50254,3806639000015720900,0,1398,1398,1363.95,1398,large_mismatch
50255,3806639000015710888,0,1139.05,1139.05,1196,1139.05,large_mismatch
50253,3806639000016337074,0,1139.05,1139.05,1196,1139.05,large_mismatch
50252,3806639000015716940,0,1234.05,1234.05,1295.75,1234.05,large_mismatch
50251,3806639000015710878,0,1139.05,1139.05,1196.01,1139.05,large_mismatch
50250,3806639000015715701,0,1299,1299,1363.95,1299,large_mismatch
50249,3806639000016348024,0,1234.05,1234.05,1295.75,1234.05,large_mismatch
50248,3806639000015720892,0,1298,1298,1258.95,1298,large_mismatch
50247,3806639000015717753,0,1238.05,1238.05,1196,1238.05,large_mismatch
50246,3806639000015694705,0,2898,2898,2938.95,2898,large_mismatch
50245,3806639000015709833,0,1147.67,1147.67,1205.05,1147.67,large_mismatch
50244,3806639000016348015,0,1589.42,1589.42,1668.89,1589.42,large_mismatch
50243,3806639000015678942,0,1766.12,1766.12,1854.43,1766.12,large_mismatch
50242,3806639000015714798,0,1234.05,1234.05,1295.75,1234.05,large_mismatch
50241,3806639000015700924,0,2098,2098,2098.95,2098,large_mismatch
50240,3806639000015673927,0,1234.05,1234.05,1295.75,1234.05,large_mismatch
50239,3806639000015679850,0,56.95,56.95,59.8,56.95,small_mismatch
50238,3806639000015712948,0,1899.05,1899.05,1994,1899.05,large_mismatch
50237,3806639000015714783,0,4197,4197,4302.9,4197,large_mismatch
50236,3806639000015709821,0,2943.1,2943.1,3090.26,2943.1,large_mismatch
50235,3806639000015675672,0,2886.19,2886.19,3030.5,2886.19,large_mismatch
50233,3806639000015693974,0,2093.05,2093.05,2093.75,2093.05,large_mismatch
50232,3806639000015709802,0,1139.05,1139.05,1196,1139.05,large_mismatch
50231,3806639000015715691,0,1994.05,1994.05,2093.75,1994.05,large_mismatch
50230,3806639000015679831,0,1139.05,1139.05,1196,1139.05,large_mismatch
50229,3806639000015720869,0,1298,1298,1258.95,1298,large_mismatch
50228,3806639000015763915,0,2659.05,2659.05,2792,2659.05,large_mismatch
50227,3806639000015719769,0,1139.05,1139.05,1196,1139.05,large_mismatch
50226,3806639000015676776,0,1234.05,1234.05,1295.75,1234.05,large_mismatch
50225,3806639000016324020,0,1139.05,1139.05,1196.01,1139.05,large_mismatch
50224,3806639000015718686,0,1298,1298,1258.96,1298,large_mismatch
50223,3806639000015709789,0,1709.15,1709.15,1794.6,1709.15,large_mismatch
50222,3806639000015720838,0,1059.32,1059.32,1112.29,1059.32,large_mismatch
50221,3806639000015699876,0,1298,1298,1258.95,1298,large_mismatch
50220,3806639000015737812,0,1333.05,1333.05,1295.75,1333.05,large_mismatch
50219,3806639000015715665,0,2198,2198,2203.95,2198,large_mismatch
50218,3806639000015693961,0,2898,2898,2938.95,2898,large_mismatch
50217,3806639000015709780,0,1298,1298,1258.95,1298,large_mismatch
50216,3806639000015673852,0,1398,1398,1363.95,1398,large_mismatch
50215,3806639000015720820,0,1085.96,1085.96,1140.26,1085.96,large_mismatch
50214,3806639000015676752,0,1298,1298,1258.95,1298,large_mismatch
50213,3806639000015695771,0,2373.1,2373.1,2491.76,2373.1,large_mismatch
50212,3806639000015715657,0,1398,1398,1363.95,1398,large_mismatch
50211,3806639000015714750,0,1899.05,1899.05,1993.99,1899.05,large_mismatch
50210,3806639000015709763,0,1147.67,1147.67,1205.05,1147.67,large_mismatch
50209,3806639000015676744,0,1298,1298,1258.95,1298,large_mismatch
50208,3806639000015672802,0,1139.05,1139.05,1196,1139.05,large_mismatch
50207,3806639000015711680,0,1398,1398,1363.95,1398,large_mismatch
50206,3806639000015675642,0,1398,1398,1363.95,1398,large_mismatch
50205,3806639000015711663,0,1234.05,1234.05,1295.75,1234.05,large_mismatch
50204,3806639000015718653,0,1298,1298,1258.95,1298,large_mismatch
50203,3806639000015709745,0,1298,1298,1258.95,1298,large_mismatch
50202,3806639000015710801,0,1398,1398,1363.95,1398,large_mismatch
50201,3806639000015680817,0,1298,1298,1258.95,1298,large_mismatch
50200,3806639000015710789,0,2898,2898,2938.95,2898,large_mismatch
50199,3806639000015676734,0,2093.05,2093.05,2093.75,2093.05,large_mismatch
50198,3806639000015693914,0,2373.1,2373.1,2491.76,2373.1,large_mismatch
50197,3806639000015694652,0,1298,1298,1258.95,1298,large_mismatch
50196,3806639000015679735,0,1298,1298,1258.95,1298,large_mismatch
50195,3806639000015713770,0,1234.05,1234.05,1295.75,1234.05,large_mismatch
50194,3806639000015711654,0,1147.67,1147.67,1205.05,1147.67,large_mismatch
50193,3806639000015712789,0,1172.35,1172.35,1230.97,1172.35,large_mismatch
50192,3806639000015709737,0,1307.07,1307.07,1268.47,1307.07,large_mismatch
50191,3806639000015714695,0,1139.05,1139.05,1196,1139.05,large_mismatch
50190,3806639000015712770,0,1298,1298,1258.95,1298,large_mismatch
50189,3806639000015717682,0,1899.05,1899.05,1993.99,1899.05,large_mismatch
50188,3806639000015700845,0,3098,3098,3148.95,3098,large_mismatch
50187,3806639000015709729,0,1589.42,1589.42,1668.89,1589.42,large_mismatch
50186,3806639000015672744,0,1398,1398,1363.95,1398,large_mismatch
50185,3806639000015699836,0,2659.05,2659.05,2792,2659.05,large_mismatch
50184,3806639000015693836,0,3427.69,3427.69,3599.07,3427.69,large_mismatch
50183,3806639000015672710,0,1307.07,1307.07,1268.47,1307.07,large_mismatch
50182,3806639000015710770,0,1398,1398,1363.95,1398,large_mismatch
50181,3806639000015699825,0,1994.05,1994.05,2093.75,1994.05,large_mismatch
50180,3806639000015716861,0,1398,1398,1363.95,1398,large_mismatch
50179,3806639000015711645,0,1139.05,1139.05,1196.01,1139.05,large_mismatch
50178,3806639000015676703,0,2198,2198,2203.95,2198,large_mismatch
50177,3806639000015713761,0,1234.05,1234.05,1295.75,1234.05,large_mismatch
50175,3806639000015678789,0,1082.1,1082.1,1136.21,1082.1,large_mismatch
50174,3806639000015678780,0,1398,1398,1363.95,1398,large_mismatch
50173,3806639000015676694,0,1398,1398,1363.95,1398,large_mismatch
50172,3806639000015672686,0,2898,2898,2938.95,2898,large_mismatch
50171,3806639000015763848,0,1234.05,1234.05,1295.75,1234.05,large_mismatch
50170,3806639000015692895,0,1298,1298,1258.95,1298,large_mismatch
50169,3806639000015692887,0,1234.05,1234.05,1295.75,1234.05,large_mismatch
50168,3806639000015763835,0,2898,2898,2938.95,2898,large_mismatch
50167,3806639000015676682,0,2898,2898,2938.95,2898,large_mismatch
50166,3806639000015700754,0,2898,2898,2938.95,2898,large_mismatch
50165,3806639000015719655,0,1139.05,1139.05,1196,1139.05,large_mismatch
50164,3806639000015680762,0,1234.05,1234.05,1295.75,1234.05,large_mismatch
50163,3806639000015673797,0,1298,1298,1258.95,1298,large_mismatch
50162,3806639000015715572,0,1398,1398,1363.95,1398,large_mismatch
50161,3806639000015677907,0,2898,2898,2938.95,2898,large_mismatch
50160,3806639000015712716,0,1307.07,1307.07,1268.47,1307.07,large_mismatch
50159,3806639000015679679,0,2098,2098,2098.95,2098,large_mismatch
50158,3806639000015678716,0,1398,1398,1363.95,1398,large_mismatch
50157,3806639000015710716,0,1398,1398,1363.95,1398,large_mismatch
50156,3806639000015673754,0,1110.65,1110.65,1166.18,1110.65,large_mismatch
50155,3806639000015714614,0,2898,2898,2938.95,2898,large_mismatch
50154,3806639000015709697,0,1234.05,1234.05,1295.75,1234.05,large_mismatch
50153,3806639000015718571,0,2098,2098,2098.95,2098,large_mismatch
50152,3806639000015694593,0,1898,1898,1888.95,1898,large_mismatch
50151,3806639000015716825,0,2017.13,2017.13,2117.99,2017.13,large_mismatch
50150,3806639000015719593,0,1398,1398,1363.95,1398,large_mismatch
50149,3806639000015679667,0,3797.28,3797.28,3987.14,3797.28,large_mismatch
50148,3806639000015680720,0,1147.67,1147.67,1205.05,1147.67,large_mismatch
50147,3806639000015720675,0,1298,1298,1258.95,1298,large_mismatch
50146,3806639000015692760,0,1298,1298,1258.95,1298,large_mismatch
50145,3806639000015695736,0,2825.43,2825.43,2966.7,2825.43,large_mismatch
50144,3806639000015675562,0,1139.05,1139.05,1196,1139.05,large_mismatch
50143,3806639000015699778,0,1234.05,1234.05,1295.75,1234.05,large_mismatch
50142,3806639000015700737,0,1139.05,1139.05,1196,1139.05,large_mismatch
50141,3806639000015711617,0,1398,1398,1363.95,1398,large_mismatch
50140,3806639000015673702,0,1139.05,1139.05,1196,1139.05,large_mismatch
50139,3806639000015763732,0,1398,1398,1363.95,1398,large_mismatch
50138,3806639000015709638,0,2098,2098,2098.95,2098,large_mismatch
50137,3806639000015718548,0,1709.15,1709.15,1794.6,1709.15,large_mismatch
50136,3806639000015692731,0,1234.05,1234.05,1295.75,1234.05,large_mismatch
50135,3806639000015700715,0,2898,2898,2938.95,2898,large_mismatch
50134,3806639000015718539,0,3098,3098,3148.95,3098,large_mismatch
50133,3806639000015714604,0,2097,2097,2097.9,2097,large_mismatch
50132,3806639000015673693,0,1178.1,1178.1,1133.06,1178.1,large_mismatch
50131,3806639000015675536,0,132.95,132.95,139.61,132.95,large_mismatch
50130,3806639000015712671,0,1298,1298,1258.96,1298,large_mismatch
50129,3806639000015680686,0,1234.05,1234.05,1295.75,1234.05,large_mismatch
50128,3806639000015679632,0,2098,2098,2098.95,2098,large_mismatch
50127,3806639000015709614,0,1234.05,1234.05,1295.75,1234.05,large_mismatch
50126,3806639000015714597,0,1398,1398,1363.95,1398,large_mismatch
50124,3806639000015700674,0,1082.1,1082.1,1136.21,1082.1,large_mismatch
50123,3806639000015720620,0,1298,1298,1258.95,1298,large_mismatch
50122,3806639000015672553,0,1998.05,1998.05,1993.99,1998.05,large_mismatch
50121,3806639000015713665,0,1234.05,1234.05,1295.75,1234.05,large_mismatch
50120,3806639000015714564,0,2898,2898,2938.95,2898,large_mismatch
50119,3806639000015717544,0,1398,1398,1363.95,1398,large_mismatch
50118,3806639000015680640,0,1398,1398,1363.95,1398,large_mismatch
50117,3806639000015737675,0,1398,1398,1363.95,1398,large_mismatch
50116,3806639000015763693,0,2659.05,2659.05,2792,2659.05,large_mismatch
50115,3806639000015680632,0,151.95,151.95,159.55,151.95,large_mismatch
50114,3806639000015720611,0,2098,2098,2098.95,2098,large_mismatch
50113,3806639000015720602,0,1398,1398,1363.95,1398,large_mismatch
50112,3806639000015718528,0,1994.05,1994.05,2093.75,1994.05,large_mismatch
50111,3806639000015672529,0,1234.05,1234.05,1295.75,1234.05,large_mismatch
50110,3806639000015737667,0,1234.05,1234.05,1295.75,1234.05,large_mismatch
50109,3806639000015714555,0,1709.05,1709.05,1794.5,1709.05,large_mismatch
50108,3806639000015719541,0,1994.05,1994.05,2093.75,1994.05,large_mismatch
50107,3806639000015679572,0,1398,1398,1363.95,1398,large_mismatch
50106,3806639000015763684,0,1139.05,1139.05,1196,1139.05,large_mismatch
50105,3806639000015678643,0,1298,1298,1258.95,1298,large_mismatch
50104,3806639000015677785,0,1398,1398,1363.95,1398,large_mismatch
50103,3806639000015718518,0,1234.05,1234.05,1295.75,1234.05,large_mismatch
50102,3806639000015699720,0,1298,1298,1258.95,1298,large_mismatch
50101,3806639000015720569,0,1709.05,1709.05,1794.5,1709.05,large_mismatch
50100,3806639000015699712,0,1589.42,1589.42,1668.89,1589.42,large_mismatch
50099,3806639000015695666,0,1002.36,1002.36,1052.48,1002.36,large_mismatch
50098,3806639000015676612,0,1147.67,1147.67,1205.05,1147.67,large_mismatch
50097,3806639000015673570,0,1298,1298,1258.95,1298,large_mismatch
50096,3806639000015678635,0,1298,1298,1258.95,1298,large_mismatch
50095,3806639000015693737,0,1398,1398,1363.95,1398,large_mismatch
50094,3806639000015716722,0,1139.05,1139.05,1196,1139.05,large_mismatch
50093,3806639000015718509,0,1234.05,1234.05,1295.75,1234.05,large_mismatch
50092,3806639000015680606,0,2098,2098,2098.95,2098,large_mismatch
50091,3806639000015680597,0,1139.05,1139.05,1196,1139.05,large_mismatch
50090,3806639000015693723,0,5221.2,5221.2,5482.26,5221.2,large_mismatch
50089,3806639000015712629,0,2472.03,2472.03,2595.63,2472.03,large_mismatch
50088,3806639000015710610,0,1398,1398,1363.95,1398,large_mismatch
50087,3806639000015679483,0,1398,1398,1363.95,1398,large_mismatch
50086,3806639000015720546,0,1298,1298,1258.95,1298,large_mismatch
50085,3806639000015676580,0,1139.05,1139.05,1196,1139.05,large_mismatch
50084,3806639000015694487,0,1298,1298,1258.95,1298,large_mismatch
50083,3806639000015678594,0,1709.05,1709.05,1794.5,1709.05,large_mismatch
50082,3806639000015717502,0,667.96,667.96,701.36,667.96,large_mismatch
50081,3806639000015711553,0,1333.05,1333.05,1295.75,1333.05,large_mismatch
50080,3806639000015719500,0,1214.07,1214.07,1170.82,1214.07,large_mismatch
50079,3806639000015737658,0,1398,1398,1363.95,1398,large_mismatch
50078,3806639000015676561,0,1398,1398,1363.95,1398,large_mismatch
50077,3806639000015718490,0,1085.96,1085.96,1140.26,1085.96,large_mismatch
50076,3806639000015720538,0,1139.05,1139.05,1196,1139.05,large_mismatch
50075,3806639000015717491,0,2198,2198,2203.95,2198,large_mismatch
50074,3806639000015710576,0,2758.05,2758.05,2792,2758.05,large_mismatch
50073,3806639000015672456,0,1298,1298,1258.95,1298,large_mismatch
50072,3806639000015700566,0,1234.05,1234.05,1295.75,1234.05,large_mismatch
50071,3806639000015678559,0,1139.05,1139.05,1196,1139.05,large_mismatch
50070,3806639000015699667,0,1994.05,1994.05,2093.75,1994.05,large_mismatch
50069,3806639000015693705,0,1898,1898,1888.95,1898,large_mismatch
50068,3806639000015763620,0,2098,2098,2098.95,2098,large_mismatch
47832,3806639000015694438,0,1298,1298,1258.96,1298,large_mismatch
50067,3806639000015737651,0,1298,1298,1258.95,1298,large_mismatch
50066,3806639000015699658,0,1298,1298,1258.95,1298,large_mismatch
50065,3806639000015678541,0,1298,1298,1258.95,1298,large_mismatch
50064,3806639000015676538,0,1298,1298,1258.95,1298,large_mismatch
50063,3806639000015699651,0,1398,1398,1363.95,1398,large_mismatch
50062,3806639000015679407,0,1958.07,1958.07,1952.01,1958.07,large_mismatch
50061,3806639000015692579,0,1298,1298,1258.95,1298,large_mismatch
50060,3806639000015709537,0,1398,1398,1363.95,1398,large_mismatch
50059,3806639000015711514,0,1139.05,1139.05,1196,1139.05,large_mismatch
50058,3806639000015676520,0,1709.05,1709.05,1794.5,1709.05,large_mismatch
50057,3806639000015712586,0,2198,2198,2203.95,2198,large_mismatch
50056,3806639000015678518,0,1398,1398,1363.95,1398,large_mismatch
50055,3806639000015676511,0,1398,1398,1363.95,1398,large_mismatch
50054,3806639000015678510,0,1398,1398,1363.95,1398,large_mismatch
50053,3806639000015763611,0,1398,1398,1363.95,1398,large_mismatch
50052,3806639000015673502,0,1172.35,1172.35,1230.97,1172.35,large_mismatch
50051,3806639000015712534,0,2898,2898,2938.95,2898,large_mismatch
50050,3806639000015700512,0,1398,1398,1363.96,1398,large_mismatch
50049,3806639000015709521,0,1298,1298,1258.95,1298,large_mismatch
50048,3806639000015694402,0,1898,1898,1888.95,1898,large_mismatch
50047,3806639000015694391,0,2278.1,2278.1,2392.01,2278.1,large_mismatch
50046,3806639000015718460,0,1298,1298,1258.95,1298,large_mismatch
50045,3806639000015694382,0,1398,1398,1363.95,1398,large_mismatch
50044,3806639000015713530,0,2898,2898,2938.96,2898,large_mismatch
50043,3806639000015700504,0,1398,1398,1363.95,1398,large_mismatch
50042,3806639000015737613,0,1398,1398,1363.96,1398,large_mismatch
50041,3806639000015715449,0,1234.05,1234.05,1295.75,1234.05,large_mismatch
50040,3806639000015763569,0,2098,2098,2098.95,2098,large_mismatch
50039,3806639000015672414,0,1898,1898,1888.95,1898,large_mismatch
50038,3806639000015693658,0,1298,1298,1258.95,1298,large_mismatch
50037,3806639000015673473,0,1139.05,1139.05,1196,1139.05,large_mismatch
50036,3806639000015713496,0,1398,1398,1363.95,1398,large_mismatch
50035,3806639000015716591,0,2849.05,2849.05,2991.5,2849.05,large_mismatch
50034,3806639000015679398,0,1398,1398,1363.95,1398,large_mismatch
50033,3806639000015719480,0,2278.1,2278.1,2392.01,2278.1,large_mismatch
50032,3806639000015680530,0,1234.05,1234.05,1295.75,1234.05,large_mismatch
50031,3806639000015763560,0,1307.07,1307.07,1268.47,1307.07,large_mismatch
50030,3806639000015677574,0,1298,1298,1258.95,1298,large_mismatch
50029,3806639000015678447,0,1398,1398,1363.95,1398,large_mismatch
50028,3806639000015676503,0,1234.05,1234.05,1295.75,1234.05,large_mismatch
50027,3806639000015672391,0,2706.6,2706.6,2841.93,2706.6,large_mismatch
50026,3806639000015763547,0,1898.1,1898.1,1889.06,1898.1,large_mismatch
50025,3806639000015677566,0,1298,1298,1258.95,1298,large_mismatch
50024,3806639000015700496,0,1298,1298,1258.95,1298,large_mismatch
50023,3806639000015700488,0,1298,1298,1258.95,1298,large_mismatch
50022,3806639000015694260,0,1298,1298,1258.95,1298,large_mismatch
50021,3806639000015763534,0,2898,2898,2938.95,2898,large_mismatch
50020,3806639000015700457,0,1398,1398,1363.95,1398,large_mismatch
50019,3806639000015720446,0,2098,2098,2098.95,2098,large_mismatch
50018,3806639000015714501,0,1398,1398,1363.95,1398,large_mismatch
50017,3806639000015737603,0,1234.05,1234.05,1295.75,1234.05,large_mismatch
50016,3806639000015693605,0,1398,1398,1363.95,1398,large_mismatch
50014,3806639000015714479,0,2898,2898,2938.95,2898,large_mismatch
50013,3806639000015763516,0,1238.05,1238.05,1196,1238.05,large_mismatch
50012,3806639000015763507,0,1234.05,1234.05,1295.75,1234.05,large_mismatch
50011,3806639000015692522,0,2098,2098,2098.96,2098,large_mismatch
50010,3806639000015699554,0,1623.6,1623.6,1704.78,1623.6,large_mismatch
50009,3806639000015717417,0,1398,1398,1363.95,1398,large_mismatch
50008,3806639000015699545,0,1398,1398,1363.95,1398,large_mismatch
50007,3806639000015716547,0,1307.07,1307.07,1268.47,1307.07,large_mismatch
50006,3806639000015737584,0,1589.42,1589.42,1668.89,1589.42,large_mismatch
50005,3806639000015711443,0,1298,1298,1258.95,1298,large_mismatch
50004,3806639000015711435,0,1398,1398,1363.95,1398,large_mismatch
50003,3806639000015677558,0,1234.05,1234.05,1295.75,1234.05,large_mismatch
50002,3806639000015720436,0,2597,2597,2622.9,2597,large_mismatch
50001,3806639000015675418,0,1503.96,1503.96,1579.16,1503.96,large_mismatch
50000,3806639000015695534,0,1048.94,1048.94,1101.39,1048.94,large_mismatch
49999,3806639000015717396,0,1082.1,1082.1,1136.21,1082.1,large_mismatch
49998,3806639000015676430,0,1398,1398,1363.95,1398,large_mismatch
49997,3806639000015676422,0,1139.05,1139.05,1196,1139.05,large_mismatch
49996,3806639000015677547,0,2098,2098,2098.95,2098,large_mismatch
49995,3806639000015711404,0,1234.05,1234.05,1295.75,1234.05,large_mismatch
49994,3806639000015699522,0,1298,1298,1258.95,1298,large_mismatch
49993,3806639000015699514,0,1238.05,1238.05,1196,1238.05,large_mismatch
49992,3806639000015673455,0,1298,1298,1258.95,1298,large_mismatch
49991,3806639000015710472,0,1298,1298,1258.95,1298,large_mismatch
49990,3806639000015673447,0,1398,1398,1363.95,1398,large_mismatch
49989,3806639000015720428,0,1307.07,1307.07,1268.47,1307.07,large_mismatch
49988,3806639000015712459,0,1234.05,1234.05,1295.75,1234.05,large_mismatch
49987,3806639000015737564,0,1147.67,1147.67,1205.05,1147.67,large_mismatch
49986,3806639000015716513,0,1898,1898,1888.95,1898,large_mismatch
49985,3806639000015712450,0,1398,1398,1363.95,1398,large_mismatch
49984,3806639000015719447,0,1398,1398,1363.95,1398,large_mismatch
49983,3806639000015709459,0,142.56,142.56,149.69,142.56,large_mismatch
49982,3806639000015737555,0,1772.07,1772.07,1756.72,1772.07,large_mismatch
49981,3806639000015719440,0,1298,1298,1258.95,1298,large_mismatch
49980,3806639000015680463,0,1398,1398,1363.95,1398,large_mismatch
49979,3806639000015676388,0,1709.05,1709.05,1794.5,1709.05,large_mismatch
49978,3806639000015672319,0,1234.05,1234.05,1295.75,1234.05,large_mismatch
49977,3806639000015710454,0,1298,1298,1258.95,1298,large_mismatch
49976,3806639000015737489,0,1139.05,1139.05,1196,1139.05,large_mismatch
49975,3806639000015692459,0,1234.05,1234.05,1295.75,1234.05,large_mismatch
49974,3806639000015763460,0,2098,2098,2098.95,2098,large_mismatch
49973,3806639000015699505,0,1234.05,1234.05,1295.75,1234.05,large_mismatch
49972,3806639000015675409,0,1298,1298,1258.95,1298,large_mismatch
49971,3806639000015713445,0,1234.05,1234.05,1295.75,1234.05,large_mismatch
49970,3806639000015699496,0,1298,1298,1258.95,1298,large_mismatch
49969,3806639000015718360,0,1139.05,1139.05,1196,1139.05,large_mismatch
49968,3806639000015694215,0,1139.05,1139.05,1196,1139.05,large_mismatch
49967,3806639000015699488,0,1298,1298,1258.95,1298,large_mismatch
49966,3806639000015679319,0,1234.05,1234.05,1295.75,1234.05,large_mismatch
49965,3806639000015714432,0,2898,2898,2938.95,2898,large_mismatch
49964,3806639000015700364,0,2659.05,2659.05,2792,2659.05,large_mismatch
49963,3806639000015693520,0,2659.05,2659.05,2792,2659.05,large_mismatch
49962,3806639000015720345,0,2198,2198,2203.95,2198,large_mismatch
49961,3806639000015692398,0,2589.93,2589.93,2719.43,2589.93,large_mismatch
49960,3806639000015677469,0,2468.1,2468.1,2591.51,2468.1,large_mismatch
49958,3806639000015680424,0,1589.42,1589.42,1668.89,1589.42,large_mismatch
49957,3806639000015713421,0,1234.05,1234.05,1295.75,1234.05,large_mismatch
49956,3806639000015719407,0,1234.05,1234.05,1295.75,1234.05,large_mismatch
49955,3806639000015700351,0,1898.1,1898.1,1889.06,1898.1,large_mismatch
49954,3806639000015673378,0,3098,3098,3148.95,3098,large_mismatch
49953,3806639000015672300,0,1238.05,1238.05,1196,1238.05,large_mismatch
49952,3806639000015699465,0,1298,1298,1258.95,1298,large_mismatch
49951,3806639000015713399,0,1147.67,1147.67,1205.05,1147.67,large_mismatch
49950,3806639000015673370,0,1333.05,1333.05,1295.75,1333.05,large_mismatch
49948,3806639000015677452,0,1082.1,1082.1,1136.21,1082.1,large_mismatch
49947,3806639000015694196,0,1398,1398,1363.96,1398,large_mismatch
49946,3806639000015718350,0,2737.08,2737.08,2873.93,2737.08,large_mismatch
49945,3806639000015693455,0,1139.05,1139.05,1196,1139.05,large_mismatch
49944,3806639000015718341,0,1298,1298,1258.95,1298,large_mismatch
49943,3806639000015713381,0,1234.05,1234.05,1295.75,1234.05,large_mismatch
49942,3806639000015692379,0,1234.05,1234.05,1295.75,1234.05,large_mismatch
49941,3806639000015680406,0,1234.05,1234.05,1295.75,1234.05,large_mismatch
49940,3806639000015680397,0,1234.05,1234.05,1295.75,1234.05,large_mismatch
49939,3806639000015679297,0,1298,1298,1258.95,1298,large_mismatch
49938,3806639000015673352,0,1398,1398,1363.95,1398,large_mismatch
49937,3806639000015699437,0,1298,1298,1258.95,1298,large_mismatch
49936,3806639000015693418,0,1139.05,1139.05,1196,1139.05,large_mismatch
49935,3806639000015713372,0,1298,1298,1258.95,1298,large_mismatch
49934,3806639000015715308,0,1898,1898,1888.95,1898,large_mismatch
49933,3806639000015676324,0,2098,2098,2098.95,2098,large_mismatch
49932,3806639000015693409,0,1139.05,1139.05,1196,1139.05,large_mismatch
49931,3806639000015675360,0,1139.05,1139.05,1196,1139.05,large_mismatch
49930,3806639000015711338,0,1298,1298,1258.95,1298,large_mismatch
49929,3806639000015676306,0,1398,1398,1363.95,1398,large_mismatch
49928,3806639000015712425,0,2898,2898,2938.95,2898,large_mismatch
49927,3806639000015719324,0,1234.05,1234.05,1295.75,1234.05,large_mismatch
49926,3806639000015737381,0,1709.05,1709.05,1794.5,1709.05,large_mismatch
49925,3806639000015715284,0,1234.05,1234.05,1295.75,1234.05,large_mismatch
49923,3806639000015679241,0,1398,1398,1363.95,1398,large_mismatch
49922,3806639000015711315,0,1398,1398,1363.95,1398,large_mismatch
49921,3806639000015673297,0,1234.05,1234.05,1295.75,1234.05,large_mismatch
49920,3806639000015763363,0,2737.08,2737.08,2873.93,2737.08,large_mismatch
49919,3806639000015710409,0,1238.05,1238.05,1196,1238.05,large_mismatch
49918,3806639000015692357,0,1139.05,1139.05,1196,1139.05,large_mismatch
49917,3806639000015676290,0,1398,1398,1363.95,1398,large_mismatch
49916,3806639000015700327,0,1709.05,1709.05,1794.5,1709.05,large_mismatch
49915,3806639000015713365,0,1139.05,1139.05,1196,1139.05,large_mismatch
49914,3806639000015677403,0,1082.1,1082.1,1136.21,1082.1,large_mismatch
49913,3806639000015720257,0,3397,3397,3462.9,3397,large_mismatch
49912,3806639000015715252,0,1234.05,1234.05,1295.75,1234.05,large_mismatch
49911,3806639000015719314,0,1139.05,1139.05,1196,1139.05,large_mismatch
49910,3806639000015700318,0,1307.07,1307.07,1268.47,1307.07,large_mismatch
49909,3806639000015672245,0,1234.05,1234.05,1295.75,1234.05,large_mismatch
49907,3806639000015694178,0,1398,1398,1363.95,1398,large_mismatch
49908,3806639000015678244,0,1398,1398,1363.95,1398,large_mismatch
49906,3806639000015715243,0,1298,1298,1258.95,1298,large_mismatch
49905,3806639000015720232,0,1059.32,1059.32,1112.28,1059.32,large_mismatch
49904,3806639000015712376,0,1234.05,1234.05,1295.75,1234.05,large_mismatch
49903,3806639000015713356,0,1398,1398,1363.95,1398,large_mismatch
49902,3806639000015699409,0,1298,1298,1258.95,1298,large_mismatch
49901,3806639000015677375,0,1899.05,1899.05,1993.99,1899.05,large_mismatch
49900,3806639000015716421,0,1298,1298,1258.96,1298,large_mismatch
49899,3806639000015717274,0,1234.05,1234.05,1295.75,1234.05,large_mismatch
49898,3806639000015672226,0,1085.96,1085.96,1140.26,1085.96,large_mismatch
49897,3806639000015737287,0,1298,1298,1258.96,1298,large_mismatch
49896,3806639000015676283,0,1398,1398,1363.95,1398,large_mismatch
49895,3806639000015715233,0,403.65,403.65,423.83,403.65,large_mismatch
49894,3806639000015712367,0,1589.42,1589.42,1668.89,1589.42,large_mismatch
49893,3806639000015677357,0,1172.35,1172.35,1230.97,1172.35,large_mismatch
49892,3806639000015680352,0,1234.05,1234.05,1295.75,1234.05,large_mismatch
49891,3806639000015711288,0,1994.05,1994.05,2093.75,1994.05,large_mismatch
49890,3806639000015673281,0,2659.05,2659.05,2792,2659.05,large_mismatch
49889,3806639000015700295,0,2098,2098,2098.95,2098,large_mismatch
49888,3806639000015672206,0,2597,2597,2622.9,2597,large_mismatch
49887,3806639000015693310,0,2659.05,2659.05,2792,2659.05,large_mismatch
49886,3806639000015677348,0,1298,1298,1258.95,1298,large_mismatch
49885,3806639000015673257,0,1709.05,1709.05,1794.5,1709.05,large_mismatch
49884,3806639000015676249,0,1398,1398,1363.96,1398,large_mismatch
49883,3806639000015720223,0,1398,1398,1363.95,1398,large_mismatch
49882,3806639000015718275,0,1398,1398,1363.95,1398,large_mismatch
49881,3806639000015711280,0,1808.05,1808.05,1794.5,1808.05,large_mismatch
49880,3806639000015718268,0,1298,1298,1258.95,1298,large_mismatch
49879,3806639000015716383,0,48.76,48.76,51.2,48.76,small_mismatch
49878,3806639000015692296,0,1298,1298,1258.95,1298,large_mismatch
49877,3806639000015714297,0,1234.05,1234.05,1295.75,1234.05,large_mismatch
49876,3806639000015709342,0,1234.05,1234.05,1295.75,1234.05,large_mismatch
49875,3806639000015700271,0,1709.05,1709.05,1794.5,1709.05,large_mismatch
49874,3806639000015712327,0,1398,1398,1363.95,1398,large_mismatch
49873,3806639000015700261,0,1234.05,1234.05,1295.75,1234.05,large_mismatch
49872,3806639000015763274,0,1234.05,1234.05,1295.75,1234.05,large_mismatch
49871,3806639000015713323,0,705.92,705.92,741.22,705.92,large_mismatch
49870,3806639000015672123,0,1998.05,1998.05,1993.99,1998.05,large_mismatch
49869,3806639000015712319,0,1234.05,1234.05,1295.75,1234.05,large_mismatch
49868,3806639000015673231,0,2659.05,2659.05,2792,2659.05,large_mismatch
49867,3806639000015711271,0,1139.05,1139.05,1196,1139.05,large_mismatch
49866,3806639000015675304,0,2526.1,2526.1,2652.39,2526.1,large_mismatch
49865,3806639000015712310,0,1234.05,1234.05,1295.75,1234.05,large_mismatch
49864,3806639000015693291,0,1139.05,1139.05,1196,1139.05,large_mismatch
49863,3806639000015709308,0,2098,2098,2098.95,2098,large_mismatch
49862,3806639000015713260,0,1452.69,1452.69,1525.33,1452.69,large_mismatch
49861,3806639000015763265,0,1398,1398,1363.95,1398,large_mismatch
49860,3806639000015693282,0,1398,1398,1363.95,1398,large_mismatch
49859,3806639000015717248,0,2098,2098,2098.95,2098,large_mismatch
49858,3806639000015763258,0,1298,1298,1258.95,1298,large_mismatch
49857,3806639000015709279,0,1899.05,1899.05,1994,1899.05,large_mismatch
49856,3806639000015695361,0,1298,1298,1258.95,1298,large_mismatch
49855,3806639000015680269,0,1218.99,1218.99,1279.94,1218.99,large_mismatch
49854,3806639000015718246,0,3098,3098,3148.95,3098,large_mismatch
49853,3806639000015719204,0,1898,1898,1888.95,1898,large_mismatch
49852,3806639000015692258,0,1398,1398,1363.95,1398,large_mismatch
49851,3806639000015677327,0,1898,1898,1888.95,1898,large_mismatch
49850,3806639000015694149,0,1234.05,1234.05,1295.75,1234.05,large_mismatch
49849,3806639000015763250,0,1298,1298,1258.95,1298,large_mismatch
49848,3806639000015680222,0,1398,1398,1363.95,1398,large_mismatch
49847,3806639000015713240,0,2295.33,2295.33,2410.1,2295.33,large_mismatch
49846,3806639000015720134,0,1398,1398,1363.95,1398,large_mismatch
49845,3806639000015763225,0,1994.05,1994.05,2093.75,1994.05,large_mismatch
49844,3806639000015763215,0,1398,1398,1363.96,1398,large_mismatch
49843,3806639000015673213,0,1398,1398,1363.95,1398,large_mismatch
49842,3806639000015692227,0,1709.05,1709.05,1794.5,1709.05,large_mismatch
49841,3806639000015763207,0,1333.05,1333.05,1295.75,1333.05,large_mismatch
49840,3806639000015709270,0,1238.05,1238.05,1196,1238.05,large_mismatch
49839,3806639000015676172,0,1234.05,1234.05,1295.75,1234.05,large_mismatch
49838,3806639000015680202,0,2098,2098,2098.95,2098,large_mismatch
49837,3806639000015714184,0,1298,1298,1258.95,1298,large_mismatch
49836,3806639000015693243,0,1298,1298,1258.95,1298,large_mismatch
49834,3806639000015677293,0,1398,1398,1363.96,1398,large_mismatch
49833,3806639000015710270,0,1298,1298,1258.95,1298,large_mismatch
49832,3806639000015713231,0,1398,1398,1363.95,1398,large_mismatch
49831,3806639000015678178,0,1398,1398,1363.95,1398,large_mismatch
49830,3806639000015700160,0,1398,1398,1363.95,1398,large_mismatch
49829,3806639000015719154,0,1234.05,1234.05,1295.75,1234.05,large_mismatch
49828,3806639000015676163,0,1398,1398,1363.95,1398,large_mismatch
49827,3806639000015717223,0,3098,3098,3148.95,3098,large_mismatch
49826,3806639000015763187,0,2373.1,2373.1,2491.76,2373.1,large_mismatch
49825,3806639000015699267,0,1234.05,1234.05,1295.75,1234.05,large_mismatch
49824,3806639000015675208,0,2697,2697,2727.9,2697,large_mismatch
49823,3806639000015695302,0,1398,1398,1363.95,1398,large_mismatch
49822,3806639000015709236,0,1234.05,1234.05,1295.75,1234.05,large_mismatch
49821,3806639000015679157,0,2898,2898,2938.95,2898,large_mismatch
49820,3806639000015700142,0,1234.05,1234.05,1295.75,1234.05,large_mismatch
49819,3806639000015699258,0,3098,3098,3148.95,3098,large_mismatch
49818,3806639000015715110,0,1398,1398,1363.95,1398,large_mismatch
49817,3806639000015718206,0,1298,1298,1258.95,1298,large_mismatch
49816,3806639000015719129,0,1398,1398,1363.95,1398,large_mismatch
49815,3806639000015763163,0,3098,3098,3148.95,3098,large_mismatch
49814,3806639000015712206,0,1234.05,1234.05,1295.75,1234.05,large_mismatch
49813,3806639000015714176,0,1503.96,1503.96,1579.16,1503.96,large_mismatch
49812,3806639000015672105,0,1139.05,1139.05,1196,1139.05,large_mismatch
49811,3806639000015694123,0,2098,2098,2098.95,2098,large_mismatch
49810,3806639000015677266,0,1333.05,1333.05,1295.75,1333.05,large_mismatch
49809,3806639000015716259,0,1298,1298,1258.95,1298,large_mismatch
49808,3806639000015720126,0,1234.05,1234.05,1295.75,1234.05,large_mismatch
49807,3806639000015709218,0,1085.96,1085.96,1140.26,1085.96,large_mismatch
49806,3806639000015717186,0,5222.15,5222.15,5483.26,5222.15,large_mismatch
49805,3806639000015699251,0,1398,1398,1363.95,1398,large_mismatch
49804,3806639000015712177,0,1298,1298,1258.95,1298,large_mismatch
49803,3806639000015675179,0,1234.05,1234.05,1295.75,1234.05,large_mismatch
49801,3806639000015677257,0,1234.05,1234.05,1295.75,1234.05,large_mismatch
49800,3806639000015713223,0,1172.35,1172.35,1230.97,1172.35,large_mismatch
49799,3806639000015712168,0,1139.05,1139.05,1196.01,1139.05,large_mismatch
49798,3806639000015715072,0,1199,1199,1258.95,1199,large_mismatch
49797,3806639000015709209,0,1398,1398,1363.95,1398,large_mismatch
49796,3806639000015673134,0,1398,1398,1363.95,1398,large_mismatch
49795,3806639000015693168,0,835.16,835.16,876.92,835.16,large_mismatch
49794,3806639000015680129,0,1299,1299,1363.95,1299,large_mismatch
49793,3806639000015676146,0,1298,1298,1258.95,1298,large_mismatch
49792,3806639000015677248,0,1398,1398,1363.95,1398,large_mismatch
49791,3806639000015693157,0,2098,2098,2098.95,2098,large_mismatch
49790,3806639000015692105,0,2898,2898,2938.95,2898,large_mismatch
49789,3806639000015717177,0,1299,1299,1363.95,1299,large_mismatch
49788,3806639000015680121,0,1298,1298,1258.95,1298,large_mismatch
49787,3806639000015718158,0,1234.05,1234.05,1295.75,1234.05,large_mismatch
49786,3806639000015675147,0,1398,1398,1363.95,1398,large_mismatch
49785,3806639000015673098,0,1333.05,1333.05,1295.75,1333.05,large_mismatch
49784,3806639000015699160,0,56.95,56.95,59.8,56.95,small_mismatch
49783,3806639000015676113,0,2098,2098,2098.95,2098,large_mismatch
49782,3806639000015676105,0,1298,1298,1258.95,1298,large_mismatch
49781,3806639000015677135,0,1899.05,1899.05,1993.99,1899.05,large_mismatch
49780,3806639000015713189,0,1172.35,1172.35,1230.97,1172.35,large_mismatch
49779,3806639000015720086,0,2659.05,2659.05,2792,2659.05,large_mismatch
49778,3806639000015693065,0,1398,1398,1363.95,1398,large_mismatch
49777,3806639000015676097,0,1398,1398,1363.95,1398,large_mismatch
49776,3806639000015709108,0,1398,1398,1363.95,1398,large_mismatch
49775,3806639000015710180,0,3097,3097,3147.9,3097,large_mismatch
49774,3806639000015700084,0,1298,1298,1258.95,1298,large_mismatch
49773,3806639000015700072,0,1709.15,1709.15,1794.6,1709.15,large_mismatch
49772,3806639000015676087,0,2648.73,2648.73,2781.17,2648.73,large_mismatch
49771,3806639000015713180,0,1139.05,1139.05,1196,1139.05,large_mismatch
49770,3806639000015676079,0,1298,1298,1258.95,1298,large_mismatch
49768,3806639000015718094,0,1139.05,1139.05,1196,1139.05,large_mismatch
49767,3806639000015709100,0,1398,1398,1363.95,1398,large_mismatch
49766,3806639000015673082,0,2659.05,2659.05,2792,2659.05,large_mismatch
49765,3806639000015695179,0,2164.19,2164.19,2272.4,2164.19,large_mismatch
49764,3806639000015699111,0,1398,1398,1363.95,1398,large_mismatch
49763,3806639000015737099,0,1398,1398,1363.95,1398,large_mismatch
49761,3806639000015673073,0,1139.05,1139.05,1196,1139.05,large_mismatch
49762,3806639000015675122,0,2098,2098,2098.95,2098,large_mismatch
49760,3806639000015677111,0,1234.05,1234.05,1295.75,1234.05,large_mismatch
49759,3806639000015692086,0,1234.05,1234.05,1295.75,1234.05,large_mismatch
49758,3806639000015695170,0,2849.05,2849.05,2991.5,2849.05,large_mismatch
49757,3806639000015711064,0,2799,2799,2938.95,2799,large_mismatch
49756,3806639000015714158,0,2649.62,2649.62,2782.1,2649.62,large_mismatch
49755,3806639000015694063,0,2098,2098,2098.95,2098,large_mismatch
49754,3806639000015712150,0,1298,1298,1258.95,1298,large_mismatch
49753,3806639000015763027,0,1110.65,1110.65,1166.18,1110.65,large_mismatch
49752,3806639000015714149,0,1298,1298,1258.95,1298,large_mismatch
49751,3806639000015712129,0,1398,1398,1363.95,1398,large_mismatch
49750,3806639000015712120,0,2197,2197,2202.9,2197,large_mismatch
49749,3806639000015711030,0,759.05,759.05,797.01,759.05,large_mismatch
49748,3806639000015677068,0,3098,3098,3148.95,3098,large_mismatch
49747,3806639000015680098,0,3098,3098,3148.95,3098,large_mismatch
49746,3806639000015695131,0,1139.05,1139.05,1196,1139.05,large_mismatch
49745,3806639000015711021,0,1398,1398,1363.95,1398,large_mismatch
49743,3806639000015679042,0,898,898,838.95,898,large_mismatch
49742,3806639000015699032,0,2298,2298,2308.95,2298,large_mismatch
49741,3806639000015676041,0,1139.05,1139.05,1196,1139.05,large_mismatch
49740,3806639000015714108,0,1398,1398,1363.95,1398,large_mismatch
49739,3806639000015720077,0,1298,1298,1258.95,1298,large_mismatch
49738,3806639000015699019,0,1804.1,1804.1,1894.31,1804.1,large_mismatch
49737,3806639000015709051,0,2198,2198,2203.95,2198,large_mismatch
49736,3806639000015692056,0,1139.05,1139.05,1196,1139.05,large_mismatch
49735,3806639000015737061,0,1234.05,1234.05,1295.75,1234.05,large_mismatch
49734,3806639000015695122,0,1398,1398,1363.95,1398,large_mismatch
49733,3806639000015720039,0,1298,1298,1258.95,1298,large_mismatch
49732,3806639000015677047,0,1234.05,1234.05,1295.75,1234.05,large_mismatch
49731,3806639000015679019,0,1139.05,1139.05,1196,1139.05,large_mismatch
49730,3806639000015737051,0,1234.05,1234.05,1295.75,1234.05,large_mismatch
49729,3806639000015709043,0,1398,1398,1363.95,1398,large_mismatch
49728,3806639000015677027,0,1299,1299,1363.95,1299,large_mismatch
49727,3806639000015675082,0,1398,1398,1363.95,1398,large_mismatch
49726,3806639000015712044,0,5897,5897,6087.9,5897,large_mismatch
49725,3806639000015678012,0,1398,1398,1363.95,1398,large_mismatch
49724,3806639000015679011,0,1398,1398,1363.95,1398,large_mismatch
49723,3806639000015672045,0,1298,1298,1258.95,1298,large_mismatch
49722,3806639000015709035,0,2849.05,2849.05,2991.5,2849.05,large_mismatch
49721,3806639000015717046,0,1234.05,1234.05,1295.75,1234.05,large_mismatch
49720,3806639000015676032,0,1398,1398,1363.95,1398,large_mismatch
49719,3806639000015680067,0,1333.05,1333.05,1295.75,1333.05,large_mismatch
49718,3806639000015700047,0,1082.1,1082.1,1136.21,1082.1,large_mismatch
49717,3806639000015673038,0,1999,1999,2098.95,1999,large_mismatch
49716,3806639000015714047,0,3098,3098,3148.95,3098,large_mismatch
49715,3806639000015713088,0,1899.05,1899.05,1993.99,1899.05,large_mismatch
49714,3806639000015680056,0,3878.94,3878.94,4072.89,3878.94,large_mismatch
49713,3806639000015710031,0,1398,1398,1363.95,1398,large_mismatch
49712,3806639000015716026,0,3197,3197,3252.9,3197,large_mismatch
49711,3806639000015737002,0,1398,1398,1363.95,1398,large_mismatch
49710,3806639000015695021,0,1398,1398,1363.95,1398,large_mismatch
49709,3806639000015680032,0,1298,1298,1258.95,1298,large_mismatch
49708,3806639000015713049,0,1234.05,1234.05,1295.75,1234.05,large_mismatch
49707,3806639000015710024,0,1398,1398,1363.95,1398,large_mismatch
49706,3806639000015720003,0,1234.05,1234.05,1295.75,1234.05,large_mismatch
49705,3806639000015717003,0,2898,2898,2938.95,2898,large_mismatch
49704,3806639000015716003,0,1234.05,1234.05,1295.75,1234.05,large_mismatch
49703,3806639000015710012,0,2898,2898,2938.95,2898,large_mismatch
49702,3806639000015711003,0,1333.05,1333.05,1295.75,1333.05,large_mismatch
49701,3806639000015709002,0,1898,1898,1888.95,1898,large_mismatch
49700,3806639000015695003,0,1147.67,1147.67,1205.05,1147.67,large_mismatch
49699,3806639000015677018,0,1115.07,1115.07,1170.83,1115.07,large_mismatch
49698,3806639000015679003,0,56.95,56.95,59.8,56.95,small_mismatch
49697,3806639000015675012,0,1234.05,1234.05,1295.75,1234.05,large_mismatch
49696,3806639000015675003,0,1298,1298,1258.95,1298,large_mismatch
49695,3806639000015672003,0,2898,2898,2938.95,2898,large_mismatch
49694,3806639000015484525,0,1298,1298,1258.95,1298,large_mismatch
49693,3806639000015551266,0,1298,1298,1258.95,1298,large_mismatch
49692,3806639000015444401,0,1139.05,1139.05,1196,1139.05,large_mismatch
49691,3806639000015536460,0,1398,1398,1363.95,1398,large_mismatch
49690,3806639000015536450,0,1765.23,1765.23,1853.49,1765.23,large_mismatch
49689,3806639000015451534,0,1398,1398,1363.95,1398,large_mismatch
49688,3806639000015453599,0,1398,1398,1363.95,1398,large_mismatch
49687,3806639000015512371,0,1398,1398,1363.95,1398,large_mismatch
49686,3806639000015463480,0,1234.05,1234.05,1295.75,1234.05,large_mismatch
49685,3806639000015551243,0,1298,1298,1258.95,1298,large_mismatch
49684,3806639000015484493,0,2597,2597,2622.9,2597,large_mismatch
49683,3806639000015480345,0,1299,1299,1363.95,1299,large_mismatch
49682,3806639000015453568,0,1234.05,1234.05,1295.75,1234.05,large_mismatch
49681,3806639000015441525,0,1298,1298,1258.95,1298,large_mismatch
49680,3806639000015541388,0,1799,1799,1888.95,1799,large_mismatch
49679,3806639000015453557,0,2093.05,2093.05,2093.75,2093.05,large_mismatch
49678,3806639000015551235,0,1398,1398,1363.95,1398,large_mismatch
49677,3806639000015536416,0,1398,1398,1363.95,1398,large_mismatch
49676,3806639000015446449,0,1234.05,1234.05,1295.75,1234.05,large_mismatch
49675,3806639000015535507,0,1172.35,1172.35,1230.97,1172.35,large_mismatch
49674,3806639000015477411,0,1298,1298,1258.96,1298,large_mismatch
49673,3806639000015441498,0,2898,2898,2938.95,2898,large_mismatch
49672,3806639000015444365,0,1804.1,1804.1,1894.31,1804.1,large_mismatch
49671,3806639000015445389,0,1299,1299,1363.95,1299,large_mismatch
49670,3806639000015445380,0,1298,1298,1258.96,1298,large_mismatch
49669,3806639000015545289,0,3098,3098,3148.95,3098,large_mismatch
49668,3806639000015443480,0,1298,1298,1258.95,1298,large_mismatch
49667,3806639000015545278,0,2887.14,2887.14,2927.55,2887.14,large_mismatch
49666,3806639000015535483,0,1234.05,1234.05,1295.75,1234.05,large_mismatch
49665,3806639000015550454,0,1139.05,1139.05,1196,1139.05,large_mismatch
49664,3806639000015453519,0,2649.62,2649.62,2782.1,2649.62,large_mismatch
49663,3806639000015480323,0,1709.05,1709.05,1794.5,1709.05,large_mismatch
49662,3806639000015551227,0,1398,1398,1363.95,1398,large_mismatch
49661,3806639000015541352,0,1234.05,1234.05,1295.75,1234.05,large_mismatch
49660,3806639000015446440,0,1398,1398,1363.95,1398,large_mismatch
49659,3806639000015460316,0,1298,1298,1258.95,1298,large_mismatch
49658,3806639000015448345,0,1398,1398,1363.95,1398,large_mismatch
49657,3806639000015536398,0,1298,1298,1258.95,1298,large_mismatch
49656,3806639000015444355,0,1139.05,1139.05,1196,1139.05,large_mismatch
49655,3806639000015460308,0,1110.65,1110.65,1166.18,1110.65,large_mismatch
49654,3806639000015452253,0,475,475,498.75,475,large_mismatch
49653,3806639000015480314,0,1234.05,1234.05,1295.75,1234.05,large_mismatch
49652,3806639000015453510,0,1299,1299,1363.95,1299,large_mismatch
49651,3806639000015461377,0,1234.05,1234.05,1295.75,1234.05,large_mismatch
49650,3806639000015448337,0,56.95,56.95,59.8,56.95,small_mismatch
49649,3806639000015451469,0,1398,1398,1363.95,1398,large_mismatch
49648,3806639000015536365,0,1298,1298,1258.95,1298,large_mismatch
49647,3806639000015484429,0,1147.67,1147.67,1205.05,1147.67,large_mismatch
49646,3806639000015453502,0,1298,1298,1258.95,1298,large_mismatch
49645,3806639000015445341,0,1333.05,1333.05,1295.75,1333.05,large_mismatch
49644,3806639000015452244,0,1298,1298,1258.95,1298,large_mismatch
49643,3806639000015445332,0,1172.35,1172.35,1230.97,1172.35,large_mismatch
49642,3806639000015541343,0,1298,1298,1258.95,1298,large_mismatch
49641,3806639000015536347,0,1172.35,1172.35,1230.97,1172.35,large_mismatch
49640,3806639000015442313,0,2526.1,2526.1,2652.39,2526.1,large_mismatch
49639,3806639000015535429,0,1098,1098,1048.95,1098,large_mismatch
49638,3806639000015452237,0,1139.05,1139.05,1196,1139.05,large_mismatch
49637,3806639000015463424,0,1139.05,1139.05,1196,1139.05,large_mismatch
49636,3806639000015438421,0,1098,1098,1048.95,1098,large_mismatch
49635,3806639000015451462,0,1298,1298,1258.95,1298,large_mismatch
49634,3806639000015446380,0,1199,1199,1258.95,1199,large_mismatch
49633,3806639000015441455,0,1899.05,1899.05,1993.99,1899.05,large_mismatch
49632,3806639000015477403,0,1139.05,1139.05,1196,1139.05,large_mismatch
49631,3806639000015451420,0,1234.05,1234.05,1295.75,1234.05,large_mismatch
49630,3806639000015448328,0,1234.05,1234.05,1295.75,1234.05,large_mismatch
49629,3806639000015535421,0,1398,1398,1363.95,1398,large_mismatch
49628,3806639000015479416,0,2697,2697,2727.9,2697,large_mismatch
49627,3806639000015443391,0,1172.35,1172.35,1230.97,1172.35,large_mismatch
49626,3806639000015444319,0,2659.05,2659.05,2792,2659.05,large_mismatch
49625,3806639000015463415,0,1234.05,1234.05,1295.75,1234.05,large_mismatch
49624,3806639000015477394,0,1234.05,1234.05,1295.75,1234.05,large_mismatch
49623,3806639000015438388,0,1234.05,1234.05,1295.75,1234.05,large_mismatch
49622,3806639000015447333,0,1098,1098,1048.95,1098,large_mismatch
49621,3806639000015480287,0,3397,3397,3462.9,3397,large_mismatch
49620,3806639000015535390,0,1299,1299,1363.95,1299,large_mismatch
49619,3806639000015443367,0,1234.05,1234.05,1295.75,1234.05,large_mismatch
49618,3806639000015446353,0,2898,2898,2938.95,2898,large_mismatch
49616,3806639000015535357,0,1234.05,1234.05,1295.75,1234.05,large_mismatch
49617,3806639000015463399,0,2659.05,2659.05,2792,2659.05,large_mismatch
49615,3806639000015443358,0,1172.35,1172.35,1230.97,1172.35,large_mismatch
49614,3806639000015480268,0,2849.05,2849.05,2991.5,2849.05,large_mismatch
49613,3806639000015452221,0,2339.96,2339.96,2456.97,2339.96,large_mismatch
49612,3806639000015441422,0,1398,1398,1363.95,1398,large_mismatch
49611,3806639000015541301,0,901.6,901.6,946.68,901.6,large_mismatch
49610,3806639000015438349,0,1298,1298,1258.95,1298,large_mismatch
49609,3806639000015479392,0,2526.1,2526.1,2652.39,2526.1,large_mismatch
49608,3806639000015544196,0,1398,1398,1363.95,1398,large_mismatch
49607,3806639000015447311,0,7881.2,7881.2,8275.24,7881.2,large_mismatch
49606,3806639000015453470,0,1583.12,1583.12,1662.28,1583.12,large_mismatch
49605,3806639000015441404,0,1298,1298,1258.95,1298,large_mismatch
49604,3806639000015512287,0,1709.05,1709.05,1794.5,1709.05,large_mismatch
49603,3806639000015480259,0,1709.05,1709.05,1794.5,1709.05,large_mismatch
49602,3806639000015438341,0,1234.05,1234.05,1295.75,1234.05,large_mismatch
49600,3806639000015444298,0,2344.69,2344.69,2461.92,2344.69,large_mismatch
49599,3806639000015551185,0,1299,1299,1363.95,1299,large_mismatch
49598,3806639000015551177,0,1398,1398,1363.95,1398,large_mismatch
49597,3806639000015461282,0,1709.05,1709.05,1794.5,1709.05,large_mismatch
49596,3806639000015441396,0,1059.32,1059.32,1112.29,1059.32,large_mismatch
49595,3806639000015461273,0,1398,1398,1363.95,1398,large_mismatch
49594,3806639000015451392,0,2898,2898,2938.95,2898,large_mismatch
49593,3806639000015447272,0,2659.05,2659.05,2792,2659.05,large_mismatch
49592,3806639000015536286,0,1398,1398,1363.95,1398,large_mismatch
49591,3806639000015541291,0,1398,1398,1363.96,1398,large_mismatch
49590,3806639000015461265,0,1234.05,1234.05,1295.75,1234.05,large_mismatch
49589,3806639000015550293,0,1139.05,1139.05,1196,1139.05,large_mismatch
49588,3806639000015453431,0,2849.05,2849.05,2991.5,2849.05,large_mismatch
49587,3806639000015443334,0,1139.05,1139.05,1196,1139.05,large_mismatch
49586,3806639000015447236,0,2098,2098,2098.95,2098,large_mismatch
49585,3806639000015536268,0,1238.05,1238.05,1196,1238.05,large_mismatch
49584,3806639000015477375,0,1299,1299,1363.95,1299,large_mismatch
49583,3806639000015441378,0,1234.05,1234.05,1295.75,1234.05,large_mismatch
49582,3806639000015452212,0,1398,1398,1363.95,1398,large_mismatch
49581,3806639000015480247,0,1899.05,1899.05,1993.99,1899.05,large_mismatch
49580,3806639000015551154,0,1398,1398,1363.95,1398,large_mismatch
49579,3806639000015444289,0,1298,1298,1258.95,1298,large_mismatch
49578,3806639000015463350,0,3098,3098,3148.95,3098,large_mismatch
49577,3806639000015482461,0,1398,1398,1363.95,1398,large_mismatch
49576,3806639000015446319,0,1898,1898,1888.95,1898,large_mismatch
49575,3806639000015453410,0,1899.05,1899.05,1994,1899.05,large_mismatch
49574,3806639000015447227,0,1398,1398,1363.95,1398,large_mismatch
49573,3806639000015480225,0,1899.05,1899.05,1994,1899.05,large_mismatch
49572,3806639000015447219,0,1298,1298,1258.95,1298,large_mismatch
49571,3806639000015442254,0,2373.1,2373.1,2491.76,2373.1,large_mismatch
49570,3806639000015442245,0,3098,3098,3148.95,3098,large_mismatch
49569,3806639000015477350,0,2589.93,2589.93,2719.43,2589.93,large_mismatch
49568,3806639000015544154,0,1899.05,1899.05,1993.99,1899.05,large_mismatch
49567,3806639000015541259,0,1898,1898,1888.95,1898,large_mismatch
49566,3806639000015479274,0,1398,1398,1363.95,1398,large_mismatch
49565,3806639000015541251,0,1139.05,1139.05,1196,1139.05,large_mismatch
49564,3806639000015482429,0,1766.12,1766.12,1854.43,1766.12,large_mismatch
49563,3806639000015461226,0,2098,2098,2098.95,2098,large_mismatch
49562,3806639000015446287,0,1298,1298,1258.95,1298,large_mismatch
49561,3806639000015448258,0,1234.05,1234.05,1295.75,1234.05,large_mismatch
49560,3806639000015446280,0,1298,1298,1258.95,1298,large_mismatch
49559,3806639000015482401,0,1899.05,1899.05,1993.99,1899.05,large_mismatch
49558,3806639000015442237,0,1298,1298,1258.95,1298,large_mismatch
49557,3806639000015482392,0,1082.1,1082.1,1136.21,1082.1,large_mismatch
49556,3806639000015443278,0,2659.05,2659.05,2792,2659.05,large_mismatch
49555,3806639000015541242,0,1398,1398,1363.95,1398,large_mismatch
49554,3806639000015461217,0,1234.05,1234.05,1295.75,1234.05,large_mismatch
49553,3806639000015461208,0,1234.05,1234.05,1295.75,1234.05,large_mismatch
49552,3806639000015461199,0,1172.35,1172.35,1230.97,1172.35,large_mismatch
49551,3806639000015451330,0,1589.42,1589.42,1668.89,1589.42,large_mismatch
49550,3806639000015535200,0,1234.05,1234.05,1295.75,1234.05,large_mismatch
49549,3806639000015451297,0,2849.05,2849.05,2991.5,2849.05,large_mismatch
49548,3806639000015550247,0,2659.05,2659.05,2792,2659.05,large_mismatch
49547,3806639000015443269,0,1298,1298,1258.95,1298,large_mismatch
49546,3806639000015551113,0,1898,1898,1888.96,1898,large_mismatch
49545,3806639000015544145,0,1898,1898,1888.95,1898,large_mismatch
49544,3806639000015477311,0,1139.05,1139.05,1196,1139.05,large_mismatch
49543,3806639000015446268,0,2898,2898,2938.95,2898,large_mismatch
49542,3806639000015550238,0,1898,1898,1888.95,1898,large_mismatch
49541,3806639000015441316,0,1298,1298,1258.95,1298,large_mismatch
49540,3806639000015444219,0,2648.73,2648.73,2781.17,2648.73,large_mismatch
49539,3806639000015460202,0,1772.07,1772.07,1756.72,1772.07,large_mismatch
49538,3806639000015484340,0,1234.05,1234.05,1295.75,1234.05,large_mismatch
49537,3806639000015482356,0,1899.05,1899.05,1993.99,1899.05,large_mismatch
49536,3806639000015460193,0,1398,1398,1363.95,1398,large_mismatch
49535,3806639000015480186,0,1898,1898,1888.95,1898,large_mismatch
49534,3806639000015452168,0,1139.05,1139.05,1196,1139.05,large_mismatch
49533,3806639000015536174,0,1398,1398,1363.95,1398,large_mismatch
49532,3806639000015453247,0,1398,1398,1363.95,1398,large_mismatch
49531,3806639000015484331,0,1333.05,1333.05,1295.75,1333.05,large_mismatch
49530,3806639000015551105,0,1898,1898,1888.95,1898,large_mismatch
49529,3806639000015541214,0,1139.05,1139.05,1196.01,1139.05,large_mismatch
49528,3806639000015453237,0,2658.1,2658.1,2791.01,2658.1,large_mismatch
49527,3806639000015479215,0,1899.05,1899.05,1993.99,1899.05,large_mismatch
49526,3806639000015442172,0,1234.05,1234.05,1295.75,1234.05,large_mismatch
49525,3806639000015482313,0,1398,1398,1363.95,1398,large_mismatch
49524,3806639000015445162,0,2659.05,2659.05,2792,2659.05,large_mismatch
49523,3806639000015448130,0,2799,2799,2938.95,2799,large_mismatch
49521,3806639000015442163,0,1898,1898,1888.95,1898,large_mismatch
49520,3806639000015477235,0,1139.05,1139.05,1196,1139.05,large_mismatch
49519,3806639000015438304,0,1139.05,1139.05,1196,1139.05,large_mismatch
49518,3806639000015541205,0,1398,1398,1363.95,1398,large_mismatch
49517,3806639000015550220,0,1298,1298,1258.95,1298,large_mismatch
49516,3806639000015443221,0,1234.05,1234.05,1295.75,1234.05,large_mismatch
49515,3806639000015545219,0,1298,1298,1258.95,1298,large_mismatch
49514,3806639000015479196,0,1398,1398,1363.95,1398,large_mismatch
49513,3806639000015441265,0,1589.42,1589.42,1668.89,1589.42,large_mismatch
49512,3806639000015448121,0,1298,1298,1258.95,1298,large_mismatch
49511,3806639000015460132,0,2098,2098,2098.95,2098,large_mismatch
49510,3806639000015443203,0,1234.05,1234.05,1295.75,1234.05,large_mismatch
49509,3806639000015480144,0,1398,1398,1363.95,1398,large_mismatch
49508,3806639000015460096,0,1398,1398,1363.96,1398,large_mismatch
49507,3806639000015451254,0,1398,1398,1363.95,1398,large_mismatch
49506,3806639000015446235,0,1298,1298,1258.95,1298,large_mismatch
49505,3806639000015550178,0,1899.05,1899.05,1993.99,1899.05,large_mismatch
49504,3806639000015452128,0,1298,1298,1258.95,1298,large_mismatch
49503,3806639000015451242,0,1766.12,1766.12,1854.43,1766.12,large_mismatch
49501,3806639000015446224,0,2098,2098,2098.95,2098,large_mismatch
49500,3806639000015443194,0,1298,1298,1258.95,1298,large_mismatch
49499,3806639000015479181,0,2659.05,2659.05,2792,2659.05,large_mismatch
49498,3806639000015463164,0,1234.05,1234.05,1295.75,1234.05,large_mismatch
49497,3806639000015535168,0,1234.05,1234.05,1295.75,1234.05,large_mismatch
49496,3806639000015545135,0,2659.05,2659.05,2792,2659.05,large_mismatch
49495,3806639000015484196,0,1804.1,1804.1,1894.31,1804.1,large_mismatch
49494,3806639000015461106,0,1398,1398,1363.95,1398,large_mismatch
49493,3806639000015441231,0,1298,1298,1258.95,1298,large_mismatch
49492,3806639000015545126,0,1203.15,1203.15,1159.36,1203.15,large_mismatch
49491,3806639000015512125,0,1398,1398,1363.96,1398,large_mismatch
49490,3806639000015550101,0,1234.05,1234.05,1295.75,1234.05,large_mismatch
49489,3806639000015453161,0,1082.1,1082.1,1136.21,1082.1,large_mismatch
49488,3806639000015443186,0,1139.05,1139.05,1196,1139.05,large_mismatch
49487,3806639000015446206,0,1898,1898,1888.95,1898,large_mismatch
49486,3806639000015541157,0,1298,1298,1258.95,1298,large_mismatch
49485,3806639000015484187,0,1172.35,1172.35,1230.97,1172.35,large_mismatch
49484,3806639000015463145,0,1082.1,1082.1,1136.21,1082.1,large_mismatch
49483,3806639000015484178,0,1398,1398,1363.95,1398,large_mismatch
49482,3806639000015479117,0,2278.1,2278.1,2392.01,2278.1,large_mismatch
49481,3806639000015441223,0,1298,1298,1258.95,1298,large_mismatch
49480,3806639000015541139,0,1082.1,1082.1,1136.21,1082.1,large_mismatch
49479,3806639000015444156,0,1139.05,1139.05,1196.01,1139.05,large_mismatch
49478,3806639000015544051,0,1298,1298,1258.95,1298,large_mismatch
49477,3806639000015438156,0,2898,2898,2938.95,2898,large_mismatch
49476,3806639000015484127,0,1398,1398,1363.95,1398,large_mismatch
49475,3806639000015446197,0,2198,2198,2203.95,2198,large_mismatch
49474,3806639000015479085,0,1398,1398,1363.95,1398,large_mismatch
49473,3806639000015452048,0,1234.05,1234.05,1295.75,1234.05,large_mismatch
49472,3806639000015551064,0,1298,1298,1258.95,1298,large_mismatch
49471,3806639000015477154,0,1234.05,1234.05,1295.75,1234.05,large_mismatch
49470,3806639000015451209,0,1139.05,1139.05,1196,1139.05,large_mismatch
49469,3806639000015442108,0,2098,2098,2098.95,2098,large_mismatch
49468,3806639000015480081,0,1898,1898,1888.95,1898,large_mismatch
49467,3806639000015447093,0,2098,2098,2098.95,2098,large_mismatch
49466,3806639000015484087,0,681.06,681.06,715.11,681.06,large_mismatch
49465,3806639000015441169,0,1298,1298,1258.95,1298,large_mismatch
49464,3806639000015550059,0,1234.05,1234.05,1295.75,1234.05,large_mismatch
49463,3806639000015445070,0,1398,1398,1363.96,1398,large_mismatch
49462,3806639000015544042,0,1234.05,1234.05,1295.75,1234.05,large_mismatch
49461,3806639000015441160,0,1234.05,1234.05,1295.75,1234.05,large_mismatch
49460,3806639000015461067,0,1110.65,1110.65,1166.18,1110.65,large_mismatch
49459,3806639000015535134,0,1139.05,1139.05,1196,1139.05,large_mismatch
49458,3806639000015451168,0,1147.67,1147.67,1205.05,1147.67,large_mismatch
49457,3806639000015438133,0,2799,2799,2938.95,2799,large_mismatch
49456,3806639000015550050,0,1398,1398,1363.95,1398,large_mismatch
49455,3806639000015541123,0,2659.05,2659.05,2792,2659.05,large_mismatch
49454,3806639000015448034,0,1398,1398,1363.95,1398,large_mismatch
49453,3806639000015445058,0,2898,2898,2938.95,2898,large_mismatch
49452,3806639000015482206,0,4842.15,4842.15,5084.26,4842.15,large_mismatch
49451,3806639000015442084,0,1234.05,1234.05,1295.75,1234.05,large_mismatch
49450,3806639000015446118,0,1234.05,1234.05,1295.75,1234.05,large_mismatch
49449,3806639000015551028,0,1398,1398,1363.96,1398,large_mismatch
49448,3806639000015551038,0,2659.05,2659.05,2792.01,2659.05,large_mismatch
49447,3806639000015477114,0,1199,1199,1258.95,1199,large_mismatch
49446,3806639000015512074,0,1298,1298,1258.95,1298,large_mismatch
49445,3806639000015541089,0,2098,2098,2098.95,2098,large_mismatch
49444,3806639000015477106,0,1398,1398,1363.95,1398,large_mismatch
49443,3806639000015545063,0,1298,1298,1258.95,1298,large_mismatch
49442,3806639000015544033,0,1298,1298,1258.95,1298,large_mismatch
49441,3806639000015447082,0,2098,2098,2098.95,2098,large_mismatch
49440,3806639000015544021,0,1899.05,1899.05,1993.99,1899.05,large_mismatch
49439,3806639000015551018,0,1994.05,1994.05,2093.75,1994.05,large_mismatch
49438,3806639000015460050,0,1398,1398,1363.95,1398,large_mismatch
49437,3806639000015480050,0,1398,1398,1363.95,1398,large_mismatch
49436,3806639000015448026,0,1298,1298,1258.95,1298,large_mismatch
49435,3806639000015461012,0,61.7,61.7,64.79,61.7,small_mismatch
49434,3806639000015550018,0,1234.05,1234.05,1295.75,1234.05,large_mismatch
49433,3806639000015445038,0,1298,1298,1258.95,1298,large_mismatch
49432,3806639000015444063,0,1139.05,1139.05,1196.01,1139.05,large_mismatch
49431,3806639000015438076,0,1298,1298,1258.95,1298,large_mismatch
49430,3806639000015482066,0,1234.05,1234.05,1295.75,1234.05,large_mismatch
49429,3806639000015484028,0,1234.05,1234.05,1295.75,1234.05,large_mismatch
49428,3806639000015535087,0,1899.05,1899.05,1993.99,1899.05,large_mismatch
49427,3806639000015443082,0,1147.67,1147.67,1205.05,1147.67,large_mismatch
49426,3806639000015544003,0,1234.05,1234.05,1295.75,1234.05,large_mismatch
49425,3806639000015442047,0,1298,1298,1258.95,1298,large_mismatch
49424,3806639000015482057,0,1059.32,1059.32,1112.29,1059.32,large_mismatch
49423,3806639000015445020,0,1298,1298,1258.96,1298,large_mismatch
49422,3806639000015541003,0,1139.05,1139.05,1196,1139.05,large_mismatch
49421,3806639000015441049,0,1589.42,1589.42,1668.89,1589.42,large_mismatch
49420,3806639000015536012,0,2898,2898,2938.95,2898,large_mismatch
49419,3806639000015442021,0,1298,1298,1258.95,1298,large_mismatch
49418,3806639000015444022,0,1139.05,1139.05,1196,1139.05,large_mismatch
49417,3806639000015477044,0,2278.1,2278.1,2392.01,2278.1,large_mismatch
49416,3806639000015443073,0,1298,1298,1258.95,1298,large_mismatch
49415,3806639000015536003,0,1234.05,1234.05,1295.75,1234.05,large_mismatch
49414,3806639000015453034,0,1147.67,1147.67,1205.05,1147.67,large_mismatch
49413,3806639000015447072,0,1139.05,1139.05,1196.01,1139.05,large_mismatch
49412,3806639000015447063,0,1398,1398,1363.95,1398,large_mismatch
49411,3806639000015443062,0,2898,2898,2938.95,2898,large_mismatch
49410,3806639000015445012,0,1398,1398,1363.95,1398,large_mismatch
49409,3806639000015484002,0,1899.05,1899.05,1993.99,1899.05,large_mismatch
49408,3806639000015479003,0,1234.05,1234.05,1295.75,1234.05,large_mismatch
49407,3806639000015460001,0,1398,1398,1363.95,1398,large_mismatch
49406,3806639000015452002,0,1298,1298,1258.95,1298,large_mismatch
49405,3806639000015448001,0,1298,1298,1258.96,1298,large_mismatch
49404,3806639000015444003,0,1082.1,1082.1,1136.21,1082.1,large_mismatch
49403,3806639000015441002,0,1398,1398,1363.95,1398,large_mismatch
49402,3806639000015082408,0,48.76,48.76,51.2,48.76,small_mismatch
49401,3806639000015072493,0,1139.05,1139.05,1196,1139.05,large_mismatch
49400,3806639000015080624,0,2254.44,2254.44,2367.16,2254.44,large_mismatch
49399,3806639000015042751,0,1709.05,1709.05,1794.5,1709.05,large_mismatch
49398,3806639000015046598,0,2597,2597,2622.9,2597,large_mismatch
49397,3806639000015047618,0,1898,1898,1888.95,1898,large_mismatch
49396,3806639000015081554,0,1059.32,1059.32,1112.29,1059.32,large_mismatch
49395,3806639000015072484,0,1298,1298,1258.95,1298,large_mismatch
49394,3806639000015081545,0,1398,1398,1363.95,1398,large_mismatch
49393,3806639000015053549,0,1398,1398,1363.96,1398,large_mismatch
49392,3806639000015052639,0,1398,1398,1363.96,1398,large_mismatch
49391,3806639000015057620,0,1234.05,1234.05,1295.75,1234.05,large_mismatch
49390,3806639000015051794,0,25.32,25.32,26.59,25.32,small_mismatch
49389,3806639000015072476,0,1298,1298,1258.95,1298,large_mismatch
49388,3806639000015080615,0,1298,1298,1258.95,1298,large_mismatch
49387,3806639000015046590,0,1398,1398,1363.95,1398,large_mismatch
49386,3806639000015082370,0,1398,1398,1363.95,1398,large_mismatch
49385,3806639000015054616,0,1298,1298,1258.95,1298,large_mismatch
49384,3806639000015046583,0,1298,1298,1258.95,1298,large_mismatch
49383,3806639000015043517,0,1298,1298,1258.95,1298,large_mismatch
49382,3806639000015054608,0,1398,1398,1363.95,1398,large_mismatch
49381,3806639000015070463,0,1234.05,1234.05,1295.75,1234.05,large_mismatch
49380,3806639000015051785,0,1298,1298,1258.95,1298,large_mismatch
49379,3806639000015081536,0,1082.1,1082.1,1136.21,1082.1,large_mismatch
49378,3806639000015050700,0,1899.05,1899.05,1993.99,1899.05,large_mismatch
49377,3806639000015083642,0,1238.05,1238.05,1196,1238.05,large_mismatch
49376,3806639000015074647,0,1298,1298,1258.95,1298,large_mismatch
49375,3806639000015102651,0,1139.05,1139.05,1196,1139.05,large_mismatch
49374,3806639000015045708,0,1234.05,1234.05,1295.75,1234.05,large_mismatch
49373,3806639000015082363,0,1398,1398,1363.95,1398,large_mismatch
49372,3806639000015078612,0,1298,1298,1258.95,1298,large_mismatch
49371,3806639000015083600,0,1234.05,1234.05,1295.75,1234.05,large_mismatch
49370,3806639000015045699,0,1333.05,1333.05,1295.75,1333.05,large_mismatch
49369,3806639000015077519,0,1398,1398,1363.95,1398,large_mismatch
49368,3806639000015102611,0,1398,1398,1363.95,1398,large_mismatch
49367,3806639000015075549,0,1298,1298,1258.95,1298,large_mismatch
49366,3806639000015053488,0,1398,1398,1363.95,1398,large_mismatch
49365,3806639000015076464,0,1234.05,1234.05,1295.75,1234.05,large_mismatch
49364,3806639000015042684,0,1298,1298,1258.95,1298,large_mismatch
49363,3806639000015051704,0,1298,1298,1258.95,1298,large_mismatch
49362,3806639000015048615,0,1398,1398,1363.95,1398,large_mismatch
49361,3806639000015047543,0,2898,2898,2938.95,2898,large_mismatch
49360,3806639000015043464,0,1234.05,1234.05,1295.75,1234.05,large_mismatch
49359,3806639000015074598,0,1172.35,1172.35,1230.97,1172.35,large_mismatch
49358,3806639000015076434,0,2898,2898,2938.95,2898,large_mismatch
49357,3806639000015042660,0,1234.05,1234.05,1295.75,1234.05,large_mismatch
49356,3806639000015042651,0,1398,1398,1363.95,1398,large_mismatch
49355,3806639000015050620,0,1298,1298,1258.95,1298,large_mismatch
49354,3806639000015042642,0,2278.1,2278.1,2392.01,2278.1,large_mismatch
49353,3806639000015047530,0,1899.05,1899.05,1993.99,1899.05,large_mismatch
49352,3806639000015082356,0,1298,1298,1258.95,1298,large_mismatch
49351,3806639000015073520,0,1398,1398,1363.95,1398,large_mismatch
49350,3806639000015057577,0,1398,1398,1363.95,1398,large_mismatch
49349,3806639000015076421,0,2898,2898,2938.95,2898,large_mismatch
49348,3806639000015102590,0,1398,1398,1363.95,1398,large_mismatch
49347,3806639000015057569,0,1398,1398,1363.95,1398,large_mismatch
49346,3806639000015101311,0,1298,1298,1258.95,1298,large_mismatch
49345,3806639000015081479,0,1998.05,1998.05,1993.99,1998.05,large_mismatch
49344,3806639000015076412,0,1398,1398,1363.95,1398,large_mismatch
49343,3806639000015073511,0,2497,2497,2517.9,2497,large_mismatch
49342,3806639000015075509,0,1147.67,1147.67,1205.05,1147.67,large_mismatch
49341,3806639000015047506,0,1298,1298,1258.95,1298,large_mismatch
49340,3806639000015054537,0,1398,1398,1363.95,1398,large_mismatch
49339,3806639000015074589,0,1172.35,1172.35,1230.97,1172.35,large_mismatch
49338,3806639000015080428,0,1139.05,1139.05,1196,1139.05,large_mismatch
49337,3806639000015072422,0,1299,1299,1363.95,1299,large_mismatch
49336,3806639000015074578,0,2098,2098,2098.95,2098,large_mismatch
49335,3806639000015082318,0,1234.05,1234.05,1295.75,1234.05,large_mismatch
49334,3806639000015077510,0,2197,2197,2202.9,2197,large_mismatch
49333,3806639000015045666,0,1082.1,1082.1,1136.21,1082.1,large_mismatch
49332,3806639000015042623,0,1398,1398,1363.95,1398,large_mismatch
49331,3806639000015057546,0,1234.05,1234.05,1295.75,1234.05,large_mismatch
49330,3806639000015054507,0,2098,2098,2098.95,2098,large_mismatch
49329,3806639000015057537,0,1398,1398,1363.95,1398,large_mismatch
49328,3806639000015076405,0,1234.05,1234.05,1295.75,1234.05,large_mismatch
49327,3806639000015080417,0,1234.05,1234.05,1295.75,1234.05,large_mismatch
49326,3806639000015057493,0,2898,2898,2938.96,2898,large_mismatch
49325,3806639000015053429,0,2098,2098,2098.95,2098,large_mismatch
49324,3806639000015071516,0,1398,1398,1363.95,1398,large_mismatch
49323,3806639000015051620,0,1234.05,1234.05,1295.75,1234.05,large_mismatch
49322,3806639000015101278,0,1172.35,1172.35,1230.97,1172.35,large_mismatch
49321,3806639000015051611,0,1398,1398,1363.95,1398,large_mismatch
49320,3806639000015050568,0,1110.65,1110.65,1166.18,1110.65,large_mismatch
49319,3806639000015102550,0,1333.05,1333.05,1295.75,1333.05,large_mismatch
49318,3806639000015052556,0,2659.05,2659.05,2792,2659.05,large_mismatch
49317,3806639000015048536,0,2758.05,2758.05,2792,2758.05,large_mismatch
49316,3806639000015073484,0,2898,2898,2938.95,2898,large_mismatch
49315,3806639000015046532,0,1139.05,1139.05,1196,1139.05,large_mismatch
49314,3806639000015076392,0,1898.1,1898.1,1889.06,1898.1,large_mismatch
49313,3806639000015052535,0,1139.05,1139.05,1196.01,1139.05,large_mismatch
49312,3806639000015045617,0,1139.05,1139.05,1196,1139.05,large_mismatch
49310,3806639000015048512,0,1298,1298,1258.95,1298,large_mismatch
49311,3806639000015074543,0,1398,1398,1363.95,1398,large_mismatch
49308,3806639000015050555,0,3132.15,3132.15,3288.76,3132.15,large_mismatch
49309,3806639000015083520,0,1139.05,1139.05,1196,1139.05,large_mismatch
49307,3806639000015073449,0,1234.05,1234.05,1295.75,1234.05,large_mismatch
49306,3806639000015101270,0,1298,1298,1258.95,1298,large_mismatch
49305,3806639000015050546,0,151.95,151.95,159.55,151.95,large_mismatch
49304,3806639000015080371,0,1199,1199,1258.95,1199,large_mismatch
49303,3806639000015080359,0,1899.05,1899.05,1993.99,1899.05,large_mismatch
49302,3806639000015043410,0,1214.07,1214.07,1170.82,1214.07,large_mismatch
49301,3806639000015051602,0,2697,2697,2727.9,2697,large_mismatch
49300,3806639000015070380,0,1172.35,1172.35,1230.97,1172.35,large_mismatch
49299,3806639000015042569,0,3512.15,3512.15,3687.76,3512.15,large_mismatch
49298,3806639000015048497,0,2758.05,2758.05,2792,2758.05,large_mismatch
49297,3806639000015046511,0,2098,2098,2098.95,2098,large_mismatch
49296,3806639000015082292,0,2098,2098,2098.95,2098,large_mismatch
49295,3806639000015043378,0,1398,1398,1363.95,1398,large_mismatch
49294,3806639000015050522,0,1234.05,1234.05,1295.75,1234.05,large_mismatch
49293,3806639000015083501,0,1398,1398,1363.95,1398,large_mismatch
49292,3806639000015101250,0,2373.1,2373.1,2491.76,2373.1,large_mismatch
49291,3806639000015078542,0,1298,1298,1258.95,1298,large_mismatch
49290,3806639000015077479,0,1298,1298,1258.95,1298,large_mismatch
49289,3806639000015053337,0,1398,1398,1363.95,1398,large_mismatch
49288,3806639000015046502,0,1234.05,1234.05,1295.75,1234.05,large_mismatch
49287,3806639000015065474,0,1147.67,1147.67,1205.05,1147.67,large_mismatch
49286,3806639000015072357,0,2206.98,2206.98,2317.33,2206.98,large_mismatch
49285,3806639000015052435,0,1234.05,1234.05,1295.75,1234.05,large_mismatch
49284,3806639000015048450,0,1298,1298,1258.95,1298,large_mismatch
49283,3806639000015074474,0,1298,1298,1258.95,1298,large_mismatch
49282,3806639000015074465,0,1398,1398,1363.95,1398,large_mismatch
49281,3806639000015046478,0,1298,1298,1258.95,1298,large_mismatch
49279,3806639000015080351,0,1139.05,1139.05,1196,1139.05,large_mismatch
49278,3806639000015071435,0,1085.96,1085.96,1140.26,1085.96,large_mismatch
49277,3806639000015081415,0,2098,2098,2098.95,2098,large_mismatch
49276,3806639000015083491,0,2295.33,2295.33,2410.1,2295.33,large_mismatch
49275,3806639000015102503,0,2098,2098,2098.95,2098,large_mismatch
49274,3806639000015074457,0,1139.05,1139.05,1196,1139.05,large_mismatch
49273,3806639000015075440,0,1139.05,1139.05,1196,1139.05,large_mismatch
49272,3806639000015053284,0,1398,1398,1363.95,1398,large_mismatch
49271,3806639000015054403,0,1172.35,1172.35,1230.97,1172.35,large_mismatch
49270,3806639000015054394,0,1234.05,1234.05,1295.75,1234.05,large_mismatch
49269,3806639000015065426,0,1398,1398,1363.95,1398,large_mismatch
49268,3806639000015081391,0,1298,1298,1258.95,1298,large_mismatch
49267,3806639000015048441,0,1139.05,1139.05,1196,1139.05,large_mismatch
49266,3806639000015051543,0,2758.05,2758.05,2792,2758.05,large_mismatch
49265,3806639000015102490,0,1899.05,1899.05,1993.99,1899.05,large_mismatch
49264,3806639000015072347,0,1234.05,1234.05,1295.75,1234.05,large_mismatch
49263,3806639000015043342,0,1234.05,1234.05,1295.75,1234.05,large_mismatch
49262,3806639000015045556,0,1139.05,1139.05,1196,1139.05,large_mismatch
49261,3806639000015042491,0,1238.05,1238.05,1196,1238.05,large_mismatch
49260,3806639000015082253,0,1398,1398,1363.95,1398,large_mismatch
49259,3806639000015054370,0,1079.1,1079.1,1133.06,1079.1,large_mismatch
49258,3806639000015082245,0,1234.05,1234.05,1295.75,1234.05,large_mismatch
49257,3806639000015047459,0,1139.05,1139.05,1196.01,1139.05,large_mismatch
49256,3806639000015057370,0,1147.67,1147.67,1205.05,1147.67,large_mismatch
49255,3806639000015051504,0,1298,1298,1258.95,1298,large_mismatch
49254,3806639000015045547,0,1298,1298,1258.95,1298,large_mismatch
49253,3806639000015045539,0,1298,1298,1258.95,1298,large_mismatch
49252,3806639000015070263,0,1082.1,1082.1,1136.21,1082.1,large_mismatch
49251,3806639000015048421,0,1139.05,1139.05,1196,1139.05,large_mismatch
49250,3806639000015102477,0,1899.05,1899.05,1993.99,1899.05,large_mismatch
49249,3806639000015043333,0,1398,1398,1363.95,1398,large_mismatch
49248,3806639000015083447,0,1238.05,1238.05,1196,1238.05,large_mismatch
49247,3806639000015081352,0,1139.05,1139.05,1196.01,1139.05,large_mismatch
49246,3806639000015043325,0,898,898,838.95,898,large_mismatch
49245,3806639000015077422,0,1234.05,1234.05,1295.75,1234.05,large_mismatch
49244,3806639000015050466,0,1139.05,1139.05,1196,1139.05,large_mismatch
49243,3806639000015074433,0,1398,1398,1363.95,1398,large_mismatch
49242,3806639000015070254,0,1234.05,1234.05,1295.75,1234.05,large_mismatch
49241,3806639000015051494,0,2098,2098,2098.95,2098,large_mismatch
49240,3806639000015081343,0,1398,1398,1363.95,1398,large_mismatch
49239,3806639000015053229,0,1234.05,1234.05,1295.75,1234.05,large_mismatch
49238,3806639000015073393,0,1147.67,1147.67,1205.05,1147.67,large_mismatch
49237,3806639000015052366,0,1398,1398,1363.95,1398,large_mismatch
49236,3806639000015045521,0,1234.05,1234.05,1295.75,1234.05,large_mismatch
49235,3806639000015071403,0,1139.05,1139.05,1196,1139.05,large_mismatch
49234,3806639000015065397,0,2098,2098,2098.95,2098,large_mismatch
49233,3806639000015083436,0,2098,2098,2098.95,2098,large_mismatch
49232,3806639000015075391,0,1147.67,1147.67,1205.05,1147.67,large_mismatch
49231,3806639000015054342,0,2898,2898,2938.95,2898,large_mismatch
49230,3806639000015052343,0,1139.05,1139.05,1196,1139.05,large_mismatch
49229,3806639000015046422,0,1139.05,1139.05,1196,1139.05,large_mismatch
49228,3806639000015083426,0,2697,2697,2727.9,2697,large_mismatch
49227,3806639000015070210,0,1398,1398,1363.95,1398,large_mismatch
49226,3806639000015078464,0,1398,1398,1363.96,1398,large_mismatch
49225,3806639000015047397,0,1298,1298,1258.95,1298,large_mismatch
49223,3806639000015070202,0,1298,1298,1258.95,1298,large_mismatch
49222,3806639000015073384,0,1214.07,1214.07,1170.82,1214.07,large_mismatch
49221,3806639000015074404,0,2659.05,2659.05,2792,2659.05,large_mismatch
49220,3806639000015082210,0,1082.1,1082.1,1136.21,1082.1,large_mismatch
49219,3806639000015051472,0,2898,2898,2938.95,2898,large_mismatch
49218,3806639000015077361,0,2373.1,2373.1,2491.76,2373.1,large_mismatch
49217,3806639000015054305,0,2098,2098,2098.95,2098,large_mismatch
49216,3806639000015051463,0,1398,1398,1363.95,1398,large_mismatch
49215,3806639000015071368,0,2597,2597,2622.9,2597,large_mismatch
49214,3806639000015082201,0,1139.05,1139.05,1196,1139.05,large_mismatch
49213,3806639000015050394,0,1139.05,1139.05,1196,1139.05,large_mismatch
49212,3806639000015082190,0,2373.1,2373.1,2491.76,2373.1,large_mismatch
49211,3806639000015077352,0,1139.05,1139.05,1196,1139.05,large_mismatch
49210,3806639000015080282,0,1139.05,1139.05,1196,1139.05,large_mismatch
49209,3806639000015073372,0,2898,2898,2938.95,2898,large_mismatch
49208,3806639000015074395,0,1234.05,1234.05,1295.75,1234.05,large_mismatch
49207,3806639000015076253,0,1398,1398,1363.95,1398,large_mismatch
49206,3806639000015054260,0,1234.05,1234.05,1295.75,1234.05,large_mismatch
49205,3806639000015047387,0,2098,2098,2098.95,2098,large_mismatch
49204,3806639000015075352,0,1398,1398,1363.95,1398,large_mismatch
49203,3806639000015101185,0,1234.05,1234.05,1295.75,1234.05,large_mismatch
49202,3806639000015051414,0,1398,1398,1363.95,1398,large_mismatch
49201,3806639000015045453,0,2663.14,2663.14,2796.29,2663.14,large_mismatch
49200,3806639000015073353,0,1298,1298,1258.95,1298,large_mismatch
49199,3806639000015057293,0,2098,2098,2098.95,2098,large_mismatch
49198,3806639000015051406,0,1234.05,1234.05,1295.75,1234.05,large_mismatch
49197,3806639000015070179,0,1234.05,1234.05,1295.75,1234.05,large_mismatch
49196,3806639000015073345,0,1298,1298,1258.95,1298,large_mismatch
49195,3806639000015077337,0,3038.1,3038.1,3189.99,3038.1,large_mismatch
49194,3806639000015102384,0,1298,1298,1258.95,1298,large_mismatch
49193,3806639000015051394,0,4595,4595,4720.8,4595,large_mismatch
49192,3806639000015077328,0,1234.05,1234.05,1295.75,1234.05,large_mismatch
49191,3806639000015053172,0,1298,1298,1258.95,1298,large_mismatch
49190,3806639000015070170,0,1139.05,1139.05,1196,1139.05,large_mismatch
49189,3806639000015052317,0,2098,2098,2098.95,2098,large_mismatch
49188,3806639000015073336,0,2597,2597,2622.9,2597,large_mismatch
49187,3806639000015052304,0,1804.1,1804.1,1894.31,1804.1,large_mismatch
49185,3806639000015071323,0,1398,1398,1363.95,1398,large_mismatch
49184,3806639000015082155,0,2468.1,2468.1,2591.51,2468.1,large_mismatch
49183,3806639000015052294,0,1147.67,1147.67,1205.05,1147.67,large_mismatch
49182,3806639000015080242,0,2659.05,2659.05,2792,2659.05,large_mismatch
49181,3806639000015080233,0,1234.05,1234.05,1295.75,1234.05,large_mismatch
49180,3806639000015043260,0,1899.05,1899.05,1993.99,1899.05,large_mismatch
49179,3806639000015102376,0,1298,1298,1258.95,1298,large_mismatch
49178,3806639000015082137,0,1398,1398,1363.95,1398,large_mismatch
49176,3806639000015043251,0,1298,1298,1258.95,1298,large_mismatch
49175,3806639000015078369,0,1899.05,1899.05,1994,1899.05,large_mismatch
49174,3806639000015077295,0,1059.32,1059.32,1112.29,1059.32,large_mismatch
49173,3806639000015053144,0,1899.05,1899.05,1994,1899.05,large_mismatch
49172,3806639000015042411,0,2098,2098,2098.95,2098,large_mismatch
49171,3806639000015082125,0,1899.05,1899.05,1993.99,1899.05,large_mismatch
49170,3806639000015047378,0,1139.05,1139.05,1196,1139.05,large_mismatch
49169,3806639000015102336,0,1172.35,1172.35,1230.97,1172.35,large_mismatch
49168,3806639000015071298,0,2898,2898,2938.95,2898,large_mismatch
49166,3806639000015078358,0,2098,2098,2098.95,2098,large_mismatch
49165,3806639000015078349,0,1082.1,1082.1,1136.21,1082.1,large_mismatch
49164,3806639000015074356,0,1172.35,1172.35,1230.97,1172.35,large_mismatch
49163,3806639000015073278,0,1398,1398,1363.95,1398,large_mismatch
49162,3806639000015073270,0,1234.05,1234.05,1295.75,1234.05,large_mismatch
49161,3806639000015047369,0,1298,1298,1258.95,1298,large_mismatch
49160,3806639000015075310,0,25.32,25.32,26.59,25.32,small_mismatch
49159,3806639000015075299,0,2098,2098,2098.95,2098,large_mismatch
49158,3806639000015074327,0,2898,2898,2938.95,2898,large_mismatch
49157,3806639000015042377,0,1214.07,1214.07,1170.82,1214.07,large_mismatch
49156,3806639000015075290,0,1398,1398,1363.95,1398,large_mismatch
49155,3806639000015078272,0,1398,1398,1363.95,1398,large_mismatch
49154,3806639000015042368,0,1298,1298,1258.95,1298,large_mismatch
49153,3806639000015072257,0,1804.1,1804.1,1894.31,1804.1,large_mismatch
49152,3806639000015050269,0,1333.05,1333.05,1295.75,1333.05,large_mismatch
49151,3806639000015054205,0,1298,1298,1258.95,1298,large_mismatch
49150,3806639000015053128,0,2758.05,2758.05,2792,2758.05,large_mismatch
49149,3806639000015083286,0,1398,1398,1363.96,1398,large_mismatch
49148,3806639000015051277,0,1298,1298,1258.95,1298,large_mismatch
49147,3806639000015042360,0,1234.05,1234.05,1295.75,1234.05,large_mismatch
49146,3806639000015070146,0,1298,1298,1258.95,1298,large_mismatch
49144,3806639000015052255,0,1234.05,1234.05,1295.75,1234.05,large_mismatch
49143,3806639000015102284,0,2659.05,2659.05,2792,2659.05,large_mismatch
49142,3806639000015073261,0,1298,1298,1258.95,1298,large_mismatch
49141,3806639000015051268,0,2697,2697,2727.9,2697,large_mismatch
49140,3806639000015045337,0,2898,2898,2938.95,2898,large_mismatch
49139,3806639000015047272,0,1298,1298,1258.95,1298,large_mismatch
49138,3806639000015074283,0,1139.05,1139.05,1196,1139.05,large_mismatch
49137,3806639000015101087,0,1398,1398,1363.95,1398,large_mismatch
49136,3806639000015065304,0,1298,1298,1258.95,1298,large_mismatch
49135,3806639000015042324,0,94.95,94.95,99.69,94.95,small_mismatch
49134,3806639000015074274,0,1234.05,1234.05,1295.75,1234.05,large_mismatch
49133,3806639000015054158,0,1234.05,1234.05,1295.75,1234.05,large_mismatch
49132,3806639000015045319,0,1398,1398,1363.95,1398,large_mismatch
49131,3806639000015071227,0,1298,1298,1258.95,1298,large_mismatch
49130,3806639000015046282,0,1178.1,1178.1,1133.06,1178.1,large_mismatch
49129,3806639000015043243,0,1298,1298,1258.95,1298,large_mismatch
49128,3806639000015045288,0,1298,1298,1258.95,1298,large_mismatch
49127,3806639000015057231,0,1899.05,1899.05,1993.99,1899.05,large_mismatch
49126,3806639000015045257,0,1059.32,1059.32,1112.29,1059.32,large_mismatch
49125,3806639000015082100,0,1298,1298,1258.95,1298,large_mismatch
49124,3806639000015043232,0,2278.1,2278.1,2392.01,2278.1,large_mismatch
49123,3806639000015081181,0,1398,1398,1363.95,1398,large_mismatch
49122,3806639000015070138,0,1298,1298,1258.95,1298,large_mismatch
49121,3806639000015075237,0,1899.05,1899.05,1993.99,1899.05,large_mismatch
49120,3806639000015043216,0,2702.07,2702.07,2733.22,2702.07,large_mismatch
49119,3806639000015051251,0,1298,1298,1258.95,1298,large_mismatch
49118,3806639000015074227,0,61.7,61.7,64.79,61.7,small_mismatch
49117,3806639000015045249,0,1398,1398,1363.95,1398,large_mismatch
49116,3806639000015078208,0,1234.05,1234.05,1295.75,1234.05,large_mismatch
49115,3806639000015083228,0,1298,1298,1258.95,1298,large_mismatch
49114,3806639000015050220,0,1398,1398,1363.95,1398,large_mismatch
49113,3806639000015043194,0,2898,2898,2938.95,2898,large_mismatch
49112,3806639000015048173,0,1998.05,1998.05,1993.99,1998.05,large_mismatch
49111,3806639000015051218,0,2098,2098,2098.95,2098,large_mismatch
49110,3806639000015078192,0,132.95,132.95,139.61,132.95,large_mismatch
49109,3806639000015071219,0,759.05,759.05,797,759.05,large_mismatch
49108,3806639000015057202,0,1298,1298,1258.95,1298,large_mismatch
49107,3806639000015054149,0,1298,1298,1258.95,1298,large_mismatch
49106,3806639000015071210,0,1139.05,1139.05,1196,1139.05,large_mismatch
49105,3806639000015074147,0,1899.05,1899.05,1993.99,1899.05,large_mismatch
49104,3806639000015045203,0,1139.05,1139.05,1196,1139.05,large_mismatch
49103,3806639000015057195,0,1298,1298,1258.95,1298,large_mismatch
49102,3806639000015043185,0,1172.35,1172.35,1230.97,1172.35,large_mismatch
49101,3806639000015065206,0,56.95,56.95,59.8,56.95,small_mismatch
49099,3806639000015073141,0,1899.05,1899.05,1993.99,1899.05,large_mismatch
49100,3806639000015078183,0,1298,1298,1258.95,1298,large_mismatch
49098,3806639000015048132,0,1398,1398,1363.95,1398,large_mismatch
49097,3806639000015074129,0,1110.65,1110.65,1166.18,1110.65,large_mismatch
49096,3806639000015046198,0,1298,1298,1258.96,1298,large_mismatch
49095,3806639000015101064,0,1234.05,1234.05,1295.75,1234.05,large_mismatch
49094,3806639000015080163,0,1298,1298,1258.95,1298,large_mismatch
49093,3806639000015078165,0,1178.1,1178.1,1133.06,1178.1,large_mismatch
49092,3806639000015052236,0,1398,1398,1363.95,1398,large_mismatch
49091,3806639000015072147,0,1025.15,1025.15,1076.41,1025.15,large_mismatch
49090,3806639000015078152,0,1899.05,1899.05,1993.99,1899.05,large_mismatch
49089,3806639000015083120,0,1139.05,1139.05,1196,1139.05,large_mismatch
49088,3806639000015071201,0,1178.1,1178.1,1133.06,1178.1,large_mismatch
49087,3806639000015083110,0,1139.05,1139.05,1196,1139.05,large_mismatch
49086,3806639000015072137,0,1298,1298,1258.96,1298,large_mismatch
49085,3806639000015078141,0,2098,2098,2098.95,2098,large_mismatch
49084,3806639000015050120,0,1203.15,1203.15,1159.36,1203.15,large_mismatch
49083,3806639000015050111,0,1398,1398,1363.95,1398,large_mismatch
49082,3806639000015075135,0,1082.1,1082.1,1136.2,1082.1,large_mismatch
49081,3806639000015042245,0,700,700,631.05,700,large_mismatch
49080,3806639000015047203,0,1234.05,1234.05,1295.75,1234.05,large_mismatch
49079,3806639000015081064,0,1398,1398,1363.95,1398,large_mismatch
49078,3806639000015077140,0,1234.05,1234.05,1295.75,1234.05,large_mismatch
49077,3806639000015102147,0,2098,2098,2098.95,2098,large_mismatch
49076,3806639000015101055,0,1298,1298,1258.95,1298,large_mismatch
49075,3806639000015053069,0,1398,1398,1363.95,1398,large_mismatch
49073,3806639000015065151,0,1298,1298,1258.95,1298,large_mismatch
49072,3806639000015102133,0,1899.05,1899.05,1994,1899.05,large_mismatch
49070,3806639000015073095,0,1398,1398,1363.95,1398,large_mismatch
49068,3806639000015081044,0,2098,2098,2098.95,2098,large_mismatch
49069,3806639000015102097,0,1234.05,1234.05,1295.75,1234.05,large_mismatch
49067,3806639000015047136,0,1398,1398,1363.95,1398,large_mismatch
49066,3806639000015077107,0,56.95,56.95,59.8,56.95,small_mismatch
49065,3806639000015052126,0,1234.05,1234.05,1295.75,1234.05,large_mismatch
49064,3806639000015101043,0,2898,2898,2938.95,2898,large_mismatch
49063,3806639000015078128,0,2898,2898,2938.95,2898,large_mismatch
49062,3806639000015042167,0,1025.15,1025.15,1076.41,1025.15,large_mismatch
49060,3806639000015042131,0,1398,1398,1363.95,1398,large_mismatch
49059,3806639000015076071,0,2702.07,2702.07,2733.23,2702.07,large_mismatch
49058,3806639000015046144,0,1398,1398,1363.95,1398,large_mismatch
49057,3806639000015047109,0,1398,1398,1363.95,1398,large_mismatch
49056,3806639000015046109,0,1709.15,1709.15,1794.6,1709.15,large_mismatch
49055,3806639000015075095,0,1298,1298,1258.95,1298,large_mismatch
49054,3806639000015043090,0,2098,2098,2098.95,2098,large_mismatch
49053,3806639000015045020,0,1139.05,1139.05,1196,1139.05,large_mismatch
49052,3806639000015048090,0,1899.05,1899.05,1993.99,1899.05,large_mismatch
49051,3806639000015080098,0,1298,1298,1258.95,1298,large_mismatch
49050,3806639000015073059,0,1398,1398,1363.95,1398,large_mismatch
49049,3806639000015050054,0,1398,1398,1363.95,1398,large_mismatch
49048,3806639000015046085,0,1298,1298,1258.95,1298,large_mismatch
49047,3806639000015046077,0,1172.35,1172.35,1230.97,1172.35,large_mismatch
47697,3806639000015073050,0,1214.07,1214.07,1170.83,1214.07,large_mismatch
49046,3806639000015046068,0,1234.05,1234.05,1295.75,1234.05,large_mismatch
49045,3806639000015082061,0,1082.1,1082.1,1136.21,1082.1,large_mismatch
49044,3806639000015045011,0,1298,1298,1258.95,1298,large_mismatch
49043,3806639000015074038,0,1398,1398,1363.95,1398,large_mismatch
49042,3806639000015054111,0,1398,1398,1363.95,1398,large_mismatch
49041,3806639000015071087,0,1398,1398,1363.95,1398,large_mismatch
49040,3806639000015065121,0,1234.05,1234.05,1295.75,1234.05,large_mismatch
49039,3806639000015065112,0,1398,1398,1363.95,1398,large_mismatch
49038,3806639000015081033,0,2468.1,2468.1,2591.51,2468.1,large_mismatch
49037,3806639000015074026,0,2898,2898,2938.95,2898,large_mismatch
49036,3806639000015057062,0,165.16,165.16,173.42,165.16,large_mismatch
49035,3806639000015065104,0,1082.1,1082.1,1136.21,1082.1,large_mismatch
49034,3806639000015047060,0,1298,1298,1258.95,1298,large_mismatch
49033,3806639000015076020,0,1298,1298,1258.95,1298,large_mismatch
49032,3806639000015071079,0,1234.05,1234.05,1295.75,1234.05,large_mismatch
49031,3806639000015052067,0,1238.05,1238.05,1196,1238.05,large_mismatch
49030,3806639000015057051,0,2098,2098,2098.95,2098,large_mismatch
49029,3806639000015057038,0,1899.05,1899.05,1993.99,1899.05,large_mismatch
49028,3806639000015065080,0,1172.35,1172.35,1230.97,1172.35,large_mismatch
49027,3806639000015083019,0,1298,1298,1258.95,1298,large_mismatch
49026,3806639000015050046,0,1298,1298,1258.95,1298,large_mismatch
49025,3806639000015046049,0,1398,1398,1363.95,1398,large_mismatch
49024,3806639000015051030,0,2373.1,2373.1,2491.76,2373.1,large_mismatch
49023,3806639000015080012,0,1234.05,1234.05,1295.75,1234.05,large_mismatch
49022,3806639000015074017,0,1398,1398,1363.95,1398,large_mismatch
49021,3806639000015082017,0,1298,1298,1258.95,1298,large_mismatch
49020,3806639000015054048,0,1199,1199,1258.95,1199,large_mismatch
49019,3806639000015078011,0,1398,1398,1363.95,1398,large_mismatch
49018,3806639000015046039,0,2098,2098,2098.95,2098,large_mismatch
49017,3806639000015043017,0,1398,1398,1363.95,1398,large_mismatch
49016,3806639000015080003,0,1298,1298,1258.95,1298,large_mismatch
49015,3806639000015046030,0,1234.05,1234.05,1295.75,1234.05,large_mismatch
49014,3806639000015054040,0,1398,1398,1363.95,1398,large_mismatch
49013,3806639000015065043,0,1298,1298,1258.95,1298,large_mismatch
49012,3806639000015075020,0,1398,1398,1363.95,1398,large_mismatch
49011,3806639000015073016,0,1139.05,1139.05,1196,1139.05,large_mismatch
49010,3806639000015075002,0,1398,1398,1363.95,1398,large_mismatch
49009,3806639000015053025,0,1234.05,1234.05,1295.75,1234.05,large_mismatch
49008,3806639000015073003,0,1899.05,1899.05,1993.99,1899.05,large_mismatch
49007,3806639000015072002,0,1298,1298,1258.95,1298,large_mismatch
49006,3806639000015046021,0,1139.05,1139.05,1196,1139.05,large_mismatch
49005,3806639000015057002,0,1299,1299,1363.95,1299,large_mismatch
49004,3806639000015050001,0,1298,1298,1258.95,1298,large_mismatch
49003,3806639000015045002,0,3796,3796,3881.85,3796,large_mismatch
49002,3806639000014991175,0,1298,1298,1258.95,1298,large_mismatch
49001,3806639000014987195,0,1234.05,1234.05,1295.75,1234.05,large_mismatch
49000,3806639000014981208,0,1139.05,1139.05,1196,1139.05,large_mismatch
48999,3806639000014979251,0,1899.05,1899.05,1994,1899.05,large_mismatch
48998,3806639000014996192,0,898,898,838.95,898,large_mismatch
48997,3806639000014980205,0,1172.35,1172.35,1230.97,1172.35,large_mismatch
48996,3806639000014988137,0,1139.05,1139.05,1196,1139.05,large_mismatch
48995,3806639000015004224,0,1139.05,1139.05,1196,1139.05,large_mismatch
48994,3806639000014983132,0,2098,2098,2098.95,2098,large_mismatch
48993,3806639000014979227,0,1139.05,1139.05,1196,1139.05,large_mismatch
48992,3806639000014994130,0,1234.05,1234.05,1295.75,1234.05,large_mismatch
48991,3806639000015011147,0,2098,2098,2098.95,2098,large_mismatch
48990,3806639000015009125,0,2519.1,2519.1,2645.06,2519.1,large_mismatch
48989,3806639000014980181,0,1234.05,1234.05,1295.75,1234.05,large_mismatch
48988,3806639000015002215,0,2278.1,2278.1,2392.01,2278.1,large_mismatch
48987,3806639000014994104,0,2098,2098,2098.95,2098,large_mismatch
48986,3806639000015003132,0,1398,1398,1363.95,1398,large_mismatch
48985,3806639000014999114,0,2098,2098,2098.95,2098,large_mismatch
48984,3806639000014985181,0,1298,1298,1258.95,1298,large_mismatch
48983,3806639000014989173,0,1139.05,1139.05,1196,1139.05,large_mismatch
48982,3806639000014988102,0,1139.05,1139.05,1196.01,1139.05,large_mismatch
48981,3806639000015000162,0,2898,2898,2938.95,2898,large_mismatch
48980,3806639000015005172,0,1298,1298,1258.95,1298,large_mismatch
48979,3806639000014979187,0,1398,1398,1363.95,1398,large_mismatch
48978,3806639000014996144,0,1139.05,1139.05,1196,1139.05,large_mismatch
48977,3806639000014991139,0,2985.33,2985.33,3134.6,2985.33,large_mismatch
48976,3806639000014991130,0,1398,1398,1363.95,1398,large_mismatch
48975,3806639000014999095,0,1398,1398,1363.95,1398,large_mismatch
48974,3806639000015003086,0,1398,1398,1363.95,1398,large_mismatch
48973,3806639000015005164,0,1398,1398,1363.95,1398,large_mismatch
48972,3806639000014995208,0,1398,1398,1363.95,1398,large_mismatch
48971,3806639000015006107,0,1899.05,1899.05,1993.99,1899.05,large_mismatch
48970,3806639000014980124,0,2373.1,2373.1,2491.76,2373.1,large_mismatch
48969,3806639000015007132,0,1899.05,1899.05,1993.99,1899.05,large_mismatch
48968,3806639000014984121,0,2098,2098,2098.95,2098,large_mismatch
48967,3806639000014996135,0,1234.05,1234.05,1295.75,1234.05,large_mismatch
48966,3806639000015004168,0,1234.05,1234.05,1295.75,1234.05,large_mismatch
48965,3806639000014994086,0,1234.05,1234.05,1295.75,1234.05,large_mismatch
48964,3806639000015009116,0,1234.05,1234.05,1295.75,1234.05,large_mismatch
48963,3806639000014996126,0,1398,1398,1363.95,1398,large_mismatch
48962,3806639000014979164,0,1268.1,1268.1,1227.56,1268.1,large_mismatch
48961,3806639000015002180,0,1398,1398,1363.95,1398,large_mismatch
48960,3806639000015011093,0,1298,1298,1258.95,1298,large_mismatch
48959,3806639000014998117,0,2597,2597,2622.9,2597,large_mismatch
48958,3806639000015007123,0,1203.15,1203.15,1159.36,1203.15,large_mismatch
48957,3806639000014981136,0,1398,1398,1363.95,1398,large_mismatch
48956,3806639000014983081,0,1139.05,1139.05,1196,1139.05,large_mismatch
48955,3806639000014996107,0,1670.33,1670.33,1753.85,1670.33,large_mismatch
48954,3806639000014988078,0,1234.05,1234.05,1295.75,1234.05,large_mismatch
48953,3806639000015001087,0,1172.35,1172.35,1230.97,1172.35,large_mismatch
48952,3806639000014986073,0,2659.05,2659.05,2792,2659.05,large_mismatch
48950,3806639000014985157,0,1025.15,1025.15,1076.41,1025.15,large_mismatch
48949,3806639000014979155,0,1298,1298,1258.95,1298,large_mismatch
48948,3806639000014983070,0,2098,2098,2098.95,2098,large_mismatch
48947,3806639000015009107,0,1234.05,1234.05,1295.75,1234.05,large_mismatch
48946,3806639000014981088,0,1234.05,1234.05,1295.75,1234.05,large_mismatch
48945,3806639000014991122,0,898,898,838.95,898,large_mismatch
47765,3806639000015007087,0,2098,2098,2098.96,2098,large_mismatch
48944,3806639000014988051,0,2898,2898,2938.95,2898,large_mismatch
48943,3806639000014981075,0,2898,2898,2938.95,2898,large_mismatch
48942,3806639000015006089,0,1139.05,1139.05,1196,1139.05,large_mismatch
48941,3806639000015000131,0,1298,1298,1258.95,1298,large_mismatch
48940,3806639000014989069,0,3798.1,3798.1,3988.01,3798.1,large_mismatch
48939,3806639000014979099,0,1154.12,1154.12,1107.88,1154.12,large_mismatch
48938,3806639000015001068,0,1398,1398,1363.95,1398,large_mismatch
48937,3806639000015000123,0,1298,1298,1258.95,1298,large_mismatch
48936,3806639000015004134,0,1333.05,1333.05,1295.75,1333.05,large_mismatch
48935,3806639000014984086,0,1234.05,1234.05,1295.75,1234.05,large_mismatch
48934,3806639000014995121,0,1298,1298,1258.96,1298,large_mismatch
48933,3806639000014992051,0,1214.07,1214.07,1170.82,1214.07,large_mismatch
48932,3806639000014999072,0,1139.05,1139.05,1196,1139.05,large_mismatch
48931,3806639000015005110,0,1059.32,1059.32,1112.29,1059.32,large_mismatch
48930,3806639000014986064,0,1398,1398,1363.95,1398,large_mismatch
48929,3806639000014986052,0,2898,2898,2938.95,2898,large_mismatch
48928,3806639000015005101,0,1139.05,1139.05,1196,1139.05,large_mismatch
48927,3806639000014984061,0,5318.1,5318.1,5584.01,5318.1,large_mismatch
48926,3806639000015003027,0,1172.35,1172.35,1230.97,1172.35,large_mismatch
48925,3806639000015001045,0,1110.65,1110.65,1166.18,1110.65,large_mismatch
48924,3806639000014989060,0,1234.05,1234.05,1295.75,1234.05,large_mismatch
48923,3806639000014995103,0,5697,5697,5877.9,5697,large_mismatch
48922,3806639000015011038,0,2898,2898,2938.95,2898,large_mismatch
48921,3806639000015004065,0,705.92,705.92,741.22,705.92,large_mismatch
48920,3806639000015011029,0,1298,1298,1258.95,1298,large_mismatch
48919,3806639000015005091,0,1139.05,1139.05,1196,1139.05,large_mismatch
48918,3806639000014996062,0,1098,1098,1048.95,1098,large_mismatch
48917,3806639000014995088,0,3133.1,3133.1,3289.74,3133.1,large_mismatch
48916,3806639000015002094,0,1298,1298,1258.95,1298,large_mismatch
48915,3806639000014985098,0,1298,1298,1258.95,1298,large_mismatch
48914,3806639000015009036,0,1398,1398,1363.95,1398,large_mismatch
48913,3806639000015011021,0,1139.05,1139.05,1196,1139.05,large_mismatch
48912,3806639000015001017,0,1398,1398,1363.95,1398,large_mismatch
48911,3806639000014996047,0,2618.1,2618.1,2645.06,2618.1,large_mismatch
48910,3806639000014995066,0,1234.05,1234.05,1295.75,1234.05,large_mismatch
48909,3806639000014983051,0,1234.05,1234.05,1295.75,1234.05,large_mismatch
48908,3806639000014999020,0,1139.05,1139.05,1196,1139.05,large_mismatch
48907,3806639000014983034,0,2393.15,2393.15,2512.82,2393.15,large_mismatch
48906,3806639000014988029,0,1899.05,1899.05,1993.99,1899.05,large_mismatch
48905,3806639000014999010,0,1398,1398,1363.96,1398,large_mismatch
48904,3806639000014991012,0,1139.05,1139.05,1196,1139.05,large_mismatch
48903,3806639000015002053,0,2373.1,2373.1,2491.76,2373.1,large_mismatch
48902,3806639000015005082,0,1398,1398,1363.95,1398,large_mismatch
48901,3806639000015011012,0,1398,1398,1363.95,1398,large_mismatch
48900,3806639000014996029,0,1234.05,1234.05,1295.75,1234.05,large_mismatch
48899,3806639000014980039,0,1298,1298,1258.95,1298,large_mismatch
48898,3806639000014989044,0,2526.1,2526.1,2652.39,2526.1,large_mismatch
48897,3806639000015005048,0,1082.1,1082.1,1136.21,1082.1,large_mismatch
48896,3806639000015004020,0,1398,1398,1363.95,1398,large_mismatch
48895,3806639000015008027,0,1234.05,1234.05,1295.75,1234.05,large_mismatch
48894,3806639000014996016,0,2898,2898,2938.95,2898,large_mismatch
48893,3806639000014979036,0,2098,2098,2098.95,2098,large_mismatch
48892,3806639000015007011,0,1298,1298,1258.95,1298,large_mismatch
48891,3806639000014988011,0,1398,1398,1363.95,1398,large_mismatch
48890,3806639000014984024,0,2098,2098,2098.95,2098,large_mismatch